📋 日志已保存至：logs/console_20260916_112215.log
🚀 启动采集 + 品牌规格品名四重校验
✅ 总商品数：643 | 待采集：49

🔍 搜索：植村秀绿茶卸妆油150ml

===== 优先级 4，共 2 个商品 =====
--- 进入商品 1/2 ---
============================================================
搜索词 ：植村秀绿茶卸妆油150ml
商品名 ：【植村秀】绿茶卸妆洁颜油温和深层清洁450ml
品牌    ：植村秀 → 植村秀 | ✅
容量规格：{'150'} → {'450'} | ✅
色号    ：{'绿色'} → {'绿色'}
浓度    ： →  | ✅
简装    ： →  | ✅
套装    ：不含 → 不含 | ✅
清洗后  ：绿茶卸妆油 → 绿茶卸妆洁颜油深层清洁
品名匹配：词袋(75.0%) | ✅
结果    ：✅ PASS | 原因：所有检查通过
============================================================

================================================================================
货品名称：【植村秀】绿茶卸妆洁颜油温和深层清洁450ml
关键词：植村秀绿茶卸妆油150ml
原价：413.0 | 现价：413.0
百亿补贴：是 | 日期：2024-10-01
校验通过：✅ True
================================================================================
--- 进入商品 2/2 ---
============================================================
搜索词 ：植村秀绿茶卸妆油150ml
商品名 ：【149.8万人收藏该品牌】植村秀(shu uemura)绿茶新肌卸妆油450ml保湿控油
品牌    ：植村秀 → 植村秀 | ✅
容量规格：{'150'} → {'450'} | ✅
色号    ：{'绿色'} → {'149', '绿色'}
浓度    ： →  | ✅
简装    ： →  | ✅
套装    ：不含 → 不含 | ✅
清洗后  ：绿茶卸妆油 → 绿茶新肌卸妆油
品名匹配：词袋(75.0%) | ✅
结果    ：✅ PASS | 原因：所有检查通过
============================================================
🔧 标题包含多规格 (容量:{'450'}, 色号:{'149', '绿色'})，尝试进入规格面板匹配...

[DEBUG][get_sku_price_auto] 开始匹配，搜索词: '植村秀绿茶卸妆油150ml'
[DEBUG][get_sku_identifiers] 提取中文颜色标识: 绿
[DEBUG][get_sku_identifiers] 提取标识: ['绿色', '150ml', '绿']
[DEBUG][get_sku_price_auto] 当前已选规格匹配，价格: 284
✅ 规格匹配成功，且品名已匹配，校验通过

================================================================================
货品名称：【149.8万人收藏该品牌】植村秀(shu uemura)绿茶新肌卸妆油450ml保湿控油
关键词：植村秀绿茶卸妆油150ml
原价：425.0 | 现价：284
匹配规格：已选: 450mL 绿茶卸妆油450ML | 规格价格：284
百亿补贴：是 | 日期：2025-06-01
校验通过：✅ True
================================================================================
✅ 优先级 4 中已有商品通过校验，停止降级
📁 采集记录已保存，总行数：794
📋 校验记录已保存，总记录数：818
✅ 序号 390 已标记为已采集

⏸ 等待 1 秒后继续...
⏳ 等待下一个商品：[██████████████████████████████] 100% (1/1s)

🔍 搜索：NARS 水光绚色液体腮红 西柚奶桃 BRAZEN 7ml

===== 优先级 2，共 1 个商品 =====
--- 进入商品 1/1 ---
============================================================
搜索词 ：NARS 水光绚色液体腮红 西柚奶桃 BRAZEN 7ml
商品名 ：
品牌    ：纳斯 → 未匹配 | ❌
容量规格：{'7'} → set() | ❌
色号    ：set() → set()
浓度    ： →  | ✅
简装    ： →  | ✅
套装    ：不含 → 不含 | ✅
清洗后  ：液体腮红brazen → 
品名匹配：LCS子序列(0.0%) | ❌
结果    ：❌ FAIL | 原因：品牌不一致；规格不匹配；品名相似不足(ratio=0.0%)
============================================================
🔧 校验失败原因为规格不匹配，尝试进入规格面板匹配...

[DEBUG][get_sku_price_auto] 开始匹配，搜索词: 'NARS 水光绚色液体腮红 西柚奶桃 BRAZEN 7ml'
[DEBUG][get_sku_identifiers] 提取标识: ['brazen', '7ml']
[DEBUG][get_sku_price_auto] 当前已选规格不匹配，尝试点击规格...
[DEBUG][_click_sku_by_identifier] 尝试点击标识: 'brazen'
[DEBUG][get_sku_price_auto] 所有标识尝试完毕，仍无价格
⚠️ 规格匹配未获取到有效价格，已记录为匹配失败，校验结果强制为不通过

================================================================================
货品名称：
关键词：NARS 水光绚色液体腮红 西柚奶桃 BRAZEN 7ml
原价：None | 现价：None
匹配规格：匹配失败 | 规格价格：
百亿补贴：否 | 日期：2025-12-31
校验通过：❌ False
================================================================================
⚠️ 优先级 2 全部未通过，尝试下一优先级
🔽 降级到全球购，返回顶部并重新识别（不自动下滑）

===== 优先级 1，共 3 个商品 =====
--- 进入商品 1/3 ---
============================================================
搜索词 ：NARS 水光绚色液体腮红 西柚奶桃 BRAZEN 7ml
商品名 ：Nars娜斯纳斯水光绚色液体腮红7ml愉悦红粉色/西柚奶桃/酒渍樱桃
品牌    ：纳斯 → 纳斯 | ✅
容量规格：{'7'} → {'7'} | ✅
色号    ：set() → {'粉色'}
浓度    ： →  | ✅
简装    ： →  | ✅
套装    ：不含 → 不含 | ✅
清洗后  ：液体腮红brazen → 液体腮红愉悦红粉色酒渍樱桃
品名匹配：词袋(100.0%) | ✅
结果    ：✅ PASS | 原因：所有检查通过
============================================================

================================================================================
货品名称：Nars娜斯纳斯水光绚色液体腮红7ml愉悦红粉色/西柚奶桃/酒渍樱桃
关键词：NARS 水光绚色液体腮红 西柚奶桃 BRAZEN 7ml
原价：50.5 | 现价：50.5
百亿补贴：否 | 日期：
校验通过：✅ True
================================================================================
--- 进入商品 2/3 ---
============================================================
搜索词 ：NARS 水光绚色液体腮红 西柚奶桃 BRAZEN 7ml
商品名 ：【NARS】水光绚色液体腮红BRAZEN西柚奶桃7ml小粉金持久显自然好气色
品牌    ：纳斯 → 纳斯 | ✅
容量规格：{'7'} → {'7'} | ✅
色号    ：set() → set()
浓度    ： →  | ✅
简装    ： →  | ✅
套装    ：不含 → 不含 | ✅
清洗后  ：液体腮红brazen → 液体腮红brazen显好气色
品名匹配：词袋(100.0%) | ✅
结果    ：✅ PASS | 原因：所有检查通过
============================================================

================================================================================
货品名称：【NARS】水光绚色液体腮红BRAZEN西柚奶桃7ml小粉金持久显自然好气色
关键词：NARS 水光绚色液体腮红 西柚奶桃 BRAZEN 7ml
原价：68.8 | 现价：68.8
百亿补贴：否 | 日期：
校验通过：✅ True
================================================================================
--- 进入商品 3/3 ---
============================================================
搜索词 ：NARS 水光绚色液体腮红 西柚奶桃 BRAZEN 7ml
商品名 ：【店铺热销】NARS/小粉金液体腮红BRAZEN西柚奶桃7ml水色融肤水光感自然好气色
品牌    ：纳斯 → 纳斯 | ✅
容量规格：{'7'} → {'7'} | ✅
色号    ：set() → set()
浓度    ： →  | ✅
简装    ： →  | ✅
套装    ：不含 → 不含 | ✅
清洗后  ：液体腮红brazen → 液体腮红brazen水色融肤感好气色
品名匹配：词袋(100.0%) | ✅
结果    ：✅ PASS | 原因：所有检查通过
============================================================

================================================================================
货品名称：【店铺热销】NARS/小粉金液体腮红BRAZEN西柚奶桃7ml水色融肤水光感自然好气色
关键词：NARS 水光绚色液体腮红 西柚奶桃 BRAZEN 7ml
原价：49.0 | 现价：49.0
百亿补贴：否 | 日期：
校验通过：✅ True
================================================================================
✅ 优先级 1 中已有商品通过校验，停止降级
📁 采集记录已保存，总行数：800
📋 校验记录已保存，总记录数：822
✅ 序号 391 已标记为已采集

⏸ 等待 1 秒后继续...
⏳ 等待下一个商品：[██████████████████████████████] 100% (1/1s)

🔍 搜索：NARS 水光绚色液体腮红 烟粉豆沙色 BEHAVE 7ml

===== 优先级 4，共 1 个商品 =====
--- 进入商品 1/1 ---
============================================================
搜索词 ：NARS 水光绚色液体腮红 烟粉豆沙色 BEHAVE 7ml
商品名 ：【NARS】纳斯液体腮红小粉金7ml#烟粉豆沙BEHAVE
品牌    ：纳斯 → 纳斯 | ✅
容量规格：{'7'} → {'7'} | ✅
色号    ：set() → set()
浓度    ： →  | ✅
简装    ： →  | ✅
套装    ：不含 → 不含 | ✅
清洗后  ：液体腮红色behave → 液体腮红
品名匹配：词袋(80.0%) | ✅
结果    ：✅ PASS | 原因：所有检查通过
============================================================

================================================================================
货品名称：【NARS】纳斯液体腮红小粉金7ml#烟粉豆沙BEHAVE
关键词：NARS 水光绚色液体腮红 烟粉豆沙色 BEHAVE 7ml
原价：71.9 | 现价：71.9
百亿补贴：否 | 日期：2024-08-01
校验通过：✅ True
================================================================================
✅ 优先级 4 中已有商品通过校验，停止降级
📁 采集记录已保存，总行数：805
📋 校验记录已保存，总记录数：824
✅ 序号 392 已标记为已采集

⏸ 等待 1 秒后继续...
⏳ 等待下一个商品：[██████████████████████████████] 100% (1/1s)

🔍 搜索：Jo Malone祖玛珑英国梨与豌豆花香水30ml

===== 优先级 2，共 1 个商品 =====
--- 进入商品 1/1 ---
============================================================
搜索词 ：Jo Malone祖玛珑英国梨与豌豆花香水30ml
商品名 ：
品牌    ：祖玛珑 → 未匹配 | ❌
容量规格：{'30'} → set() | ❌
色号    ：set() → set()
浓度    ： →  | ✅
简装    ： →  | ✅
套装    ：不含 → 不含 | ✅
清洗后  ：英国梨与豌豆花 → 
品名匹配：LCS子序列(0.0%) | ❌
结果    ：❌ FAIL | 原因：品牌不一致；规格不匹配；品名相似不足(ratio=0.0%)
============================================================
🔧 校验失败原因为规格不匹配，尝试进入规格面板匹配...

[DEBUG][get_sku_price_auto] 开始匹配，搜索词: 'Jo Malone祖玛珑英国梨与豌豆花香水30ml'
[DEBUG][get_sku_identifiers] 提取标识: ['30ml']
[DEBUG][get_sku_price_auto] 当前已选规格不匹配，尝试点击规格...
[DEBUG][get_sku_price_auto] 所有标识尝试完毕，仍无价格
⚠️ 规格匹配未获取到有效价格，已记录为匹配失败，校验结果强制为不通过

================================================================================
货品名称：
关键词：Jo Malone祖玛珑英国梨与豌豆花香水30ml
原价：None | 现价：None
匹配规格：匹配失败 | 规格价格：
百亿补贴：否 | 日期：2025-12-31
校验通过：❌ False
================================================================================
⚠️ 优先级 2 全部未通过，尝试下一优先级
🔽 降级到全球购，返回顶部并重新识别（不自动下滑）

===== 优先级 1，共 3 个商品 =====
--- 进入商品 1/3 ---
============================================================
搜索词 ：Jo Malone祖玛珑英国梨与豌豆花香水30ml
商品名 ：祖玛珑英国梨与香豌豆香水女士清新香甜果香不腻柔和欢
品牌    ：祖玛珑 → 祖玛珑 | ✅
容量规格：{'30'} → set() | ❌
色号    ：set() → set()
浓度    ： →  | ✅
简装    ： →  | ✅
套装    ：不含 → 不含 | ✅
清洗后  ：英国梨与豌豆花 → 英国梨与香豌豆女士香甜果香不腻柔和欢
品名匹配：词袋(66.7%) | ✅
结果    ：❌ FAIL | 原因：规格不匹配
============================================================
🔧 校验失败原因为规格不匹配，尝试进入规格面板匹配...

[DEBUG][get_sku_price_auto] 开始匹配，搜索词: 'Jo Malone祖玛珑英国梨与豌豆花香水30ml'
[DEBUG][get_sku_identifiers] 提取标识: ['30ml']
[DEBUG][get_sku_price_auto] 当前已选规格不匹配，尝试点击规格...
[DEBUG] 容量 30ml 找到 1 个控件
[DEBUG] 点击唯一容量控件: 30ml
[DEBUG] 点击容量 30ml 后已选文本为 已选: 100mL 英国梨与香豌豆，不包含目标容量，放弃
[DEBUG][get_sku_price_auto] 所有标识尝试完毕，仍无价格
⚠️ 规格匹配未获取到有效价格，已记录为匹配失败，校验结果强制为不通过

================================================================================
货品名称：祖玛珑英国梨与香豌豆香水女士清新香甜果香不腻柔和欢
关键词：Jo Malone祖玛珑英国梨与豌豆花香水30ml
原价：625.0 | 现价：625.0
匹配规格：匹配失败 | 规格价格：
百亿补贴：否 | 日期：2024-11-20
校验通过：❌ False
================================================================================
--- 进入商品 2/3 ---
============================================================
搜索词 ：Jo Malone祖玛珑英国梨与豌豆花香水30ml
商品名 ：【原装正品】Jo malone祖玛珑香水系列 英国梨和香豌豆香水EDC
品牌    ：祖玛珑 → 祖玛珑 | ✅
容量规格：{'30'} → set() | ❌
色号    ：set() → set()
浓度    ： →  | ✅
简装    ： →  | ✅
套装    ：不含 → 不含 | ✅
清洗后  ：英国梨与豌豆花 → 系列英国梨和香豌豆
品名匹配：词袋(50.0%) | ✅
结果    ：❌ FAIL | 原因：规格不匹配
============================================================
🔧 校验失败原因为规格不匹配，尝试进入规格面板匹配...

[DEBUG][get_sku_price_auto] 开始匹配，搜索词: 'Jo Malone祖玛珑英国梨与豌豆花香水30ml'
[DEBUG][get_sku_identifiers] 提取标识: ['30ml']
[DEBUG][get_sku_price_auto] 当前已选规格匹配，价格: 328
✅ 规格匹配成功，且品名已匹配，校验通过

================================================================================
货品名称：【原装正品】Jo malone祖玛珑香水系列 英国梨和香豌豆香水EDC
关键词：Jo Malone祖玛珑英国梨与豌豆花香水30ml
原价：300.0 | 现价：328
匹配规格：已选: 30mL 祖玛珑 橙花 个人款 | 规格价格：328
百亿补贴：否 | 日期：
校验通过：✅ True
================================================================================
--- 进入商品 3/3 ---
============================================================
搜索词 ：Jo Malone祖玛珑英国梨与豌豆花香水30ml
商品名 ：Jo malone祖玛珑 英国梨和甜豌豆香水30-100ml EDC【法国直发】【5天内发货】
品牌    ：祖玛珑 → 祖玛珑 | ✅
容量规格：{'30'} → {'30', '100'} | ✅
色号    ：set() → set()
浓度    ： → 淡香 | ✅
简装    ： →  | ✅
套装    ：不含 → 不含 | ✅
清洗后  ：英国梨与豌豆花 → 英国梨和甜豌豆
品名匹配：词袋(50.0%) | ✅
结果    ：✅ PASS | 原因：所有检查通过
============================================================
🔧 标题包含多规格 (容量:{'30', '100'}, 色号:set())，尝试进入规格面板匹配...

[DEBUG][get_sku_price_auto] 开始匹配，搜索词: 'Jo Malone祖玛珑英国梨与豌豆花香水30ml'
[DEBUG][get_sku_identifiers] 提取标识: ['30ml']
[DEBUG][get_sku_price_auto] 当前已选规格匹配，价格: 447
✅ 规格匹配成功，且品名已匹配，校验通过

================================================================================
货品名称：Jo malone祖玛珑 英国梨和甜豌豆香水30-100ml EDC【法国直发】【5天内发货】
关键词：Jo Malone祖玛珑英国梨与豌豆花香水30ml
原价：447.0 | 现价：447
匹配规格：已选: 30ml | 规格价格：447
百亿补贴：否 | 日期：
校验通过：✅ True
================================================================================
✅ 优先级 1 中已有商品通过校验，停止降级
📁 采集记录已保存，总行数：810
📋 校验记录已保存，总记录数：828
✅ 序号 393 已标记为已采集

⏸ 等待 1 秒后继续...
⏳ 等待下一个商品：[██████████████████████████████] 100% (1/1s)

🔍 搜索：兰蔻清爽防晒50ml*2新版

===== 优先级 4，共 1 个商品 =====
--- 进入商品 1/1 ---
============================================================
搜索词 ：兰蔻清爽防晒50ml*2新版
商品名 ：【786.8万人收藏该品牌】两支 单品 兰蔻新版小白管轻透水漾防晒乳50ml
品牌    ：兰蔻 → 兰蔻 | ✅
容量规格：{'2', '50'} → {'2', '50'} | ✅
色号    ：set() → {'786'}
浓度    ： →  | ✅
简装    ： →  | ✅
套装    ：不含 → 不含 | ✅
清洗后  ：防晒新 → 新小白管轻透水漾防晒乳
品名匹配：词袋(50.0%) | ✅
结果    ：✅ PASS | 原因：所有检查通过
============================================================
🔧 标题包含多规格 (容量:{'2', '50'}, 色号:{'786'})，尝试进入规格面板匹配...

[DEBUG][get_sku_price_auto] 开始匹配，搜索词: '兰蔻清爽防晒50ml*2新版'
[DEBUG][get_sku_identifiers] 提取标识: ['50ml']
[DEBUG][get_sku_price_auto] 当前已选规格匹配，价格: 374
✅ 规格匹配成功，且品名已匹配，校验通过

================================================================================
货品名称：【786.8万人收藏该品牌】两支 单品 兰蔻新版小白管轻透水漾防晒乳50ml
关键词：兰蔻清爽防晒50ml*2新版
原价：659.0 | 现价：374
匹配规格：已选: 50ml*2 | 规格价格：374
百亿补贴：是 | 日期：2025-04-01
校验通过：✅ True
================================================================================
✅ 优先级 4 中已有商品通过校验，停止降级
📁 采集记录已保存，总行数：815
📋 校验记录已保存，总记录数：830
✅ 序号 394 已标记为已采集

⏸ 等待 1 秒后继续...
⏳ 等待下一个商品：[██████████████████████████████] 100% (1/1s)

🔍 搜索：古驰炼金师花园狮之心香水100ML

===== 优先级 4，共 1 个商品 =====
--- 进入商品 1/1 ---
⚠️ 单例规则命中：炼金师花园香型不一致（搜索: 狮之心, 标题: 系列）
============================================================
搜索词 ：古驰炼金师花园狮之心香水100ML
商品名 ：【1.56万人评价品牌正品】GUCCI/古驰炼金士花园系列香水100ML正品香氛送礼
品牌    ：古驰 → 古驰 | ✅
容量规格：{'100'} → {'100'} | ✅
色号    ：set() → set()
浓度    ： →  | ✅
简装    ： →  | ✅
套装    ：不含 → 不含 | ✅
清洗后  ：炼金师花园狮之心 → 炼金士花园系列送礼
品名匹配：LCS子序列(50.0%) | ❌
结果    ：❌ FAIL | 原因：品名相似不足(ratio=50.0%)（单例规则：炼金师花园香型不匹配）
============================================================

================================================================================
货品名称：【1.56万人评价品牌正品】GUCCI/古驰炼金士花园系列香水100ML正品香氛送礼
关键词：古驰炼金师花园狮之心香水100ML
原价：736.36 | 现价：736.36
百亿补贴：是 | 日期：2023-05-01
校验通过：❌ False
================================================================================
⚠️ 优先级 4 全部未通过，尝试下一优先级

===== 优先级 2，共 3 个商品 =====
--- 进入商品 1/3 ---
⚠️ 单例规则命中：炼金师花园香型不一致（搜索: 狮之心, 标题: 系列茗之花浓）
============================================================
搜索词 ：古驰炼金师花园狮之心香水100ML
商品名 ：【古驰】炼金士花园系列茗之花浓香水100ml正装有盒
品牌    ：古驰 → 古驰 | ✅
容量规格：{'100'} → {'100'} | ✅
色号    ：set() → set()
浓度    ： → 浓香 | ✅
简装    ： →  | ✅
套装    ：不含 → 不含 | ✅
清洗后  ：炼金师花园狮之心 → 炼金士花园系列茗之花水正装有盒
品名匹配：LCS子序列(62.5%) | ❌
结果    ：❌ FAIL | 原因：品名相似不足(ratio=62.5%)（单例规则：炼金师花园香型不匹配）
============================================================

================================================================================
货品名称：【古驰】炼金士花园系列茗之花浓香水100ml正装有盒
关键词：古驰炼金师花园狮之心香水100ML
原价：998.0 | 现价：998.0
百亿补贴：否 | 日期：2024-09-04
校验通过：❌ False
================================================================================
--- 进入商品 2/3 ---
⚠️ 单例规则命中：炼金师花园香型不一致（搜索: 狮之心, 标题: 系列茗之花浓）
============================================================
搜索词 ：古驰炼金师花园狮之心香水100ML
商品名 ：【GUCCI】古驰炼金士花园系列茗之花浓香水RDP100ml【简装】持久留香
品牌    ：古驰 → 古驰 | ✅
容量规格：{'100'} → {'100'} | ✅
色号    ：set() → set()
浓度    ： → 浓香 | ✅
简装    ： → 简装 | ✅
套装    ：不含 → 不含 | ✅
清洗后  ：炼金师花园狮之心 → 炼金士花园系列茗之花水rdp
品名匹配：LCS子序列(62.5%) | ❌
结果    ：❌ FAIL | 原因：品名相似不足(ratio=62.5%)（单例规则：炼金师花园香型不匹配）
============================================================

================================================================================
货品名称：【GUCCI】古驰炼金士花园系列茗之花浓香水RDP100ml【简装】持久留香
关键词：古驰炼金师花园狮之心香水100ML
原价：779.0 | 现价：779.0
百亿补贴：否 | 日期：2023-07-07
校验通过：❌ False
================================================================================
--- 进入商品 3/3 ---
⚠️ 单例规则命中：炼金师花园香型不一致（搜索: 狮之心, 标题: 系列心之舞浓）
============================================================
搜索词 ：古驰炼金师花园狮之心香水100ML
商品名 ：【GUCCI】古驰炼金士花园系列心之舞浓香水EDP100ml持久留香
品牌    ：古驰 → 古驰 | ✅
容量规格：{'100'} → {'100'} | ✅
色号    ：set() → set()
浓度    ： → 浓香 | ✅
简装    ： →  | ✅
套装    ：不含 → 不含 | ✅
清洗后  ：炼金师花园狮之心 → 炼金士花园系列心之舞水
品名匹配：LCS子序列(62.5%) | ❌
结果    ：❌ FAIL | 原因：品名相似不足(ratio=62.5%)（单例规则：炼金师花园香型不匹配）
============================================================

================================================================================
货品名称：【GUCCI】古驰炼金士花园系列心之舞浓香水EDP100ml持久留香
关键词：古驰炼金师花园狮之心香水100ML
原价：949.0 | 现价：949.0
百亿补贴：否 | 日期：2025-03-10
校验通过：❌ False
================================================================================
⚠️ 优先级 2 全部未通过，尝试下一优先级
🔽 降级到全球购，返回顶部并重新识别（不自动下滑）

===== 优先级 1，共 3 个商品 =====
--- 进入商品 1/3 ---
⚠️ 单例规则命中：炼金师花园香型不一致（搜索: 狮之心, 标题: 系列茗之花浓）
============================================================
搜索词 ：古驰炼金师花园狮之心香水100ML
商品名 ：【古驰】炼金士花园系列茗之花浓香水100ml正装有盒
品牌    ：古驰 → 古驰 | ✅
容量规格：{'100'} → {'100'} | ✅
色号    ：set() → set()
浓度    ： → 浓香 | ✅
简装    ： →  | ✅
套装    ：不含 → 不含 | ✅
清洗后  ：炼金师花园狮之心 → 炼金士花园系列茗之花水正装有盒
品名匹配：LCS子序列(62.5%) | ❌
结果    ：❌ FAIL | 原因：品名相似不足(ratio=62.5%)（单例规则：炼金师花园香型不匹配）
============================================================

================================================================================
货品名称：【古驰】炼金士花园系列茗之花浓香水100ml正装有盒
关键词：古驰炼金师花园狮之心香水100ML
原价：998.0 | 现价：998.0
百亿补贴：否 | 日期：2024-09-04
校验通过：❌ False
================================================================================
--- 进入商品 2/3 ---
⚠️ 单例规则命中：炼金师花园香型不一致（搜索: 狮之心, 标题: 系列茗之花浓）
============================================================
搜索词 ：古驰炼金师花园狮之心香水100ML
商品名 ：【GUCCI】古驰炼金士花园系列茗之花浓香水RDP100ml【简装】持久留香
品牌    ：古驰 → 古驰 | ✅
容量规格：{'100'} → {'100'} | ✅
色号    ：set() → set()
浓度    ： → 浓香 | ✅
简装    ： → 简装 | ✅
套装    ：不含 → 不含 | ✅
清洗后  ：炼金师花园狮之心 → 炼金士花园系列茗之花水rdp
品名匹配：LCS子序列(62.5%) | ❌
结果    ：❌ FAIL | 原因：品名相似不足(ratio=62.5%)（单例规则：炼金师花园香型不匹配）
============================================================

================================================================================
货品名称：【GUCCI】古驰炼金士花园系列茗之花浓香水RDP100ml【简装】持久留香
关键词：古驰炼金师花园狮之心香水100ML
原价：779.0 | 现价：779.0
百亿补贴：否 | 日期：2023-07-07
校验通过：❌ False
================================================================================
--- 进入商品 3/3 ---
⚠️ 单例规则命中：炼金师花园香型不一致（搜索: 狮之心, 标题: 系列心之舞浓）
============================================================
搜索词 ：古驰炼金师花园狮之心香水100ML
商品名 ：【GUCCI】古驰炼金士花园系列心之舞浓香水EDP100ml持久留香
品牌    ：古驰 → 古驰 | ✅
容量规格：{'100'} → {'100'} | ✅
色号    ：set() → set()
浓度    ： → 浓香 | ✅
简装    ： →  | ✅
套装    ：不含 → 不含 | ✅
清洗后  ：炼金师花园狮之心 → 炼金士花园系列心之舞水
品名匹配：LCS子序列(62.5%) | ❌
结果    ：❌ FAIL | 原因：品名相似不足(ratio=62.5%)（单例规则：炼金师花园香型不匹配）
============================================================

================================================================================
货品名称：【GUCCI】古驰炼金士花园系列心之舞浓香水EDP100ml持久留香
关键词：古驰炼金师花园狮之心香水100ML
原价：949.0 | 现价：949.0
百亿补贴：否 | 日期：2025-03-10
校验通过：❌ False
================================================================================
⚠️ 优先级 1 全部未通过，尝试下一优先级
📁 采集记录已保存，总行数：820
📋 校验记录已保存，总记录数：837
✅ 序号 395 已标记为已采集

⏸ 等待 1 秒后继续...
⏳ 等待下一个商品：[██████████████████████████████] 100% (1/1s)

🔍 搜索：古驰炼金师花园桂之舞香水100ML

===== 优先级 4，共 1 个商品 =====
--- 进入商品 1/1 ---
⚠️ 单例规则命中：炼金师花园香型不一致（搜索: 桂之舞, 标题: 系列）
============================================================
搜索词 ：古驰炼金师花园桂之舞香水100ML
商品名 ：【百补品牌热销48.9万件】GUCCI/古驰炼金士花园系列香水100ML正品香氛送礼
品牌    ：古驰 → 古驰 | ✅
容量规格：{'100'} → {'100'} | ✅
色号    ：set() → set()
浓度    ： →  | ✅
简装    ： →  | ✅
套装    ：不含 → 不含 | ✅
清洗后  ：炼金师花园桂之舞 → 炼金士花园系列送礼
品名匹配：LCS子序列(50.0%) | ❌
结果    ：❌ FAIL | 原因：品名相似不足(ratio=50.0%)（单例规则：炼金师花园香型不匹配）
============================================================

================================================================================
货品名称：【百补品牌热销48.9万件】GUCCI/古驰炼金士花园系列香水100ML正品香氛送礼
关键词：古驰炼金师花园桂之舞香水100ML
原价：736.36 | 现价：736.36
百亿补贴：是 | 日期：2023-05-01
校验通过：❌ False
================================================================================
⚠️ 优先级 4 全部未通过，尝试下一优先级

===== 优先级 2，共 3 个商品 =====
--- 进入商品 1/3 ---
⚠️ 单例规则命中：炼金师花园香型不一致（搜索: 桂之舞, 标题: 系列茗之花浓）
============================================================
搜索词 ：古驰炼金师花园桂之舞香水100ML
商品名 ：【GUCCI】古驰炼金士花园系列茗之花浓香水RDP100ml【简装】持久留香
品牌    ：古驰 → 古驰 | ✅
容量规格：{'100'} → {'100'} | ✅
色号    ：set() → set()
浓度    ： → 浓香 | ✅
简装    ： → 简装 | ✅
套装    ：不含 → 不含 | ✅
清洗后  ：炼金师花园桂之舞 → 炼金士花园系列茗之花水rdp
品名匹配：LCS子序列(62.5%) | ❌
结果    ：❌ FAIL | 原因：品名相似不足(ratio=62.5%)（单例规则：炼金师花园香型不匹配）
============================================================

================================================================================
货品名称：【GUCCI】古驰炼金士花园系列茗之花浓香水RDP100ml【简装】持久留香
关键词：古驰炼金师花园桂之舞香水100ML
原价：779.0 | 现价：779.0
百亿补贴：否 | 日期：2023-07-07
校验通过：❌ False
================================================================================
--- 进入商品 2/3 ---
⚠️ 单例规则命中：炼金师花园香型不一致（搜索: 桂之舞, 标题: 系列心之舞浓）
============================================================
搜索词 ：古驰炼金师花园桂之舞香水100ML
商品名 ：【GUCCI】古驰炼金士花园系列心之舞浓香水EDP100ml持久留香
品牌    ：古驰 → 古驰 | ✅
容量规格：{'100'} → {'100'} | ✅
色号    ：set() → set()
浓度    ： → 浓香 | ✅
简装    ： →  | ✅
套装    ：不含 → 不含 | ✅
清洗后  ：炼金师花园桂之舞 → 炼金士花园系列心之舞水
品名匹配：词袋(42.9%) | ❌
结果    ：❌ FAIL | 原因：品名相似不足(ratio=42.9%)（单例规则：炼金师花园香型不匹配）
============================================================

================================================================================
货品名称：【GUCCI】古驰炼金士花园系列心之舞浓香水EDP100ml持久留香
关键词：古驰炼金师花园桂之舞香水100ML
原价：949.0 | 现价：949.0
百亿补贴：否 | 日期：2025-03-10
校验通过：❌ False
================================================================================
--- 进入商品 3/3 ---
⚠️ 单例规则命中：炼金师花园香型不一致（搜索: 桂之舞, 标题: 系列茗之花浓）
============================================================
搜索词 ：古驰炼金师花园桂之舞香水100ML
商品名 ：【古驰】炼金士花园系列茗之花浓香水100ml正装有盒
品牌    ：古驰 → 古驰 | ✅
容量规格：{'100'} → {'100'} | ✅
色号    ：set() → set()
浓度    ： → 浓香 | ✅
简装    ： →  | ✅
套装    ：不含 → 不含 | ✅
清洗后  ：炼金师花园桂之舞 → 炼金士花园系列茗之花水正装有盒
品名匹配：LCS子序列(62.5%) | ❌
结果    ：❌ FAIL | 原因：品名相似不足(ratio=62.5%)（单例规则：炼金师花园香型不匹配）
============================================================

================================================================================
货品名称：【古驰】炼金士花园系列茗之花浓香水100ml正装有盒
关键词：古驰炼金师花园桂之舞香水100ML
原价：998.0 | 现价：998.0
百亿补贴：否 | 日期：2024-09-04
校验通过：❌ False
================================================================================
⚠️ 优先级 2 全部未通过，尝试下一优先级
🔽 降级到全球购，返回顶部并重新识别（不自动下滑）

===== 优先级 1，共 3 个商品 =====
--- 进入商品 1/3 ---
⚠️ 单例规则命中：炼金师花园香型不一致（搜索: 桂之舞, 标题: 系列茗之花浓）
============================================================
搜索词 ：古驰炼金师花园桂之舞香水100ML
商品名 ：【古驰】炼金士花园系列茗之花浓香水100ml正装有盒
品牌    ：古驰 → 古驰 | ✅
容量规格：{'100'} → {'100'} | ✅
色号    ：set() → set()
浓度    ： → 浓香 | ✅
简装    ： →  | ✅
套装    ：不含 → 不含 | ✅
清洗后  ：炼金师花园桂之舞 → 炼金士花园系列茗之花水正装有盒
品名匹配：LCS子序列(62.5%) | ❌
结果    ：❌ FAIL | 原因：品名相似不足(ratio=62.5%)（单例规则：炼金师花园香型不匹配）
============================================================

================================================================================
货品名称：【古驰】炼金士花园系列茗之花浓香水100ml正装有盒
关键词：古驰炼金师花园桂之舞香水100ML
原价：998.0 | 现价：998.0
百亿补贴：否 | 日期：2024-09-04
校验通过：❌ False
================================================================================
--- 进入商品 2/3 ---
⚠️ 单例规则命中：炼金师花园香型不一致（搜索: 桂之舞, 标题: 系列茗之花浓）
============================================================
搜索词 ：古驰炼金师花园桂之舞香水100ML
商品名 ：【GUCCI】古驰炼金士花园系列茗之花浓香水RDP100ml【简装】持久留香
品牌    ：古驰 → 古驰 | ✅
容量规格：{'100'} → {'100'} | ✅
色号    ：set() → set()
浓度    ： → 浓香 | ✅
简装    ： → 简装 | ✅
套装    ：不含 → 不含 | ✅
清洗后  ：炼金师花园桂之舞 → 炼金士花园系列茗之花水rdp
品名匹配：LCS子序列(62.5%) | ❌
结果    ：❌ FAIL | 原因：品名相似不足(ratio=62.5%)（单例规则：炼金师花园香型不匹配）
============================================================

================================================================================
货品名称：【GUCCI】古驰炼金士花园系列茗之花浓香水RDP100ml【简装】持久留香
关键词：古驰炼金师花园桂之舞香水100ML
原价：779.0 | 现价：779.0
百亿补贴：否 | 日期：2023-07-07
校验通过：❌ False
================================================================================
--- 进入商品 3/3 ---
⚠️ 单例规则命中：炼金师花园香型不一致（搜索: 桂之舞, 标题: 系列心之舞浓）
============================================================
搜索词 ：古驰炼金师花园桂之舞香水100ML
商品名 ：【GUCCI】古驰炼金士花园系列心之舞浓香水EDP100ml持久留香
品牌    ：古驰 → 古驰 | ✅
容量规格：{'100'} → {'100'} | ✅
色号    ：set() → set()
浓度    ： → 浓香 | ✅
简装    ： →  | ✅
套装    ：不含 → 不含 | ✅
清洗后  ：炼金师花园桂之舞 → 炼金士花园系列心之舞水
品名匹配：词袋(42.9%) | ❌
结果    ：❌ FAIL | 原因：品名相似不足(ratio=42.9%)（单例规则：炼金师花园香型不匹配）
============================================================

================================================================================
货品名称：【GUCCI】古驰炼金士花园系列心之舞浓香水EDP100ml持久留香
关键词：古驰炼金师花园桂之舞香水100ML
原价：949.0 | 现价：949.0
百亿补贴：否 | 日期：2025-03-10
校验通过：❌ False
================================================================================
⚠️ 优先级 1 全部未通过，尝试下一优先级
📁 采集记录已保存，总行数：828
📋 校验记录已保存，总记录数：844
✅ 序号 396 已标记为已采集

⏸ 等待 1 秒后继续...
⏳ 等待下一个商品：[██████████████████████████████] 100% (1/1s)

🔍 搜索：NARS液体腮红 INSATIABLE

===== 优先级 2，共 1 个商品 =====
--- 进入商品 1/1 ---
============================================================
搜索词 ：NARS液体腮红 INSATIABLE
商品名 ：
品牌    ：纳斯 → 未匹配 | ❌
容量规格：set() → set() | ✅
色号    ：set() → set()
浓度    ： →  | ✅
简装    ： →  | ✅
套装    ：不含 → 不含 | ✅
清洗后  ：液体腮红insatiable → 
品名匹配：LCS子序列(0.0%) | ❌
结果    ：❌ FAIL | 原因：品牌不一致；品名相似不足(ratio=0.0%)
============================================================

================================================================================
货品名称：
关键词：NARS液体腮红 INSATIABLE
原价：None | 现价：None
百亿补贴：否 | 日期：2025-12-31
校验通过：❌ False
================================================================================
⚠️ 优先级 2 全部未通过，尝试下一优先级
🔽 降级到全球购，返回顶部并重新识别（不自动下滑）

===== 优先级 1，共 3 个商品 =====
--- 进入商品 1/3 ---
============================================================
搜索词 ：NARS液体腮红 INSATIABLE
商品名 ：NARS/纳斯 小粉金液体腮红 #INSATIABLE 酒渍樱桃【5天内发货】
品牌    ：纳斯 → 纳斯 | ✅
容量规格：set() → set() | ✅
色号    ：set() → {'insatiable'}
浓度    ： →  | ✅
简装    ： →  | ✅
套装    ：不含 → 不含 | ✅
清洗后  ：液体腮红insatiable → 液体腮红酒渍樱桃
品名匹配：词袋(100.0%) | ✅
结果    ：✅ PASS | 原因：所有检查通过
============================================================

================================================================================
货品名称：NARS/纳斯 小粉金液体腮红 #INSATIABLE 酒渍樱桃【5天内发货】
关键词：NARS液体腮红 INSATIABLE
原价：63.0 | 现价：63.0
百亿补贴：否 | 日期：
校验通过：✅ True
================================================================================
--- 进入商品 2/3 ---
============================================================
搜索词 ：NARS液体腮红 INSATIABLE
商品名 ：【NARS】纳斯全新小粉金液体腮红 腮紫牛奶粉紫色显嫩自然膨胀收缩色【5天内发货】
品牌    ：纳斯 → 纳斯 | ✅
容量规格：set() → set() | ✅
色号    ：set() → {'紫色'}
浓度    ： →  | ✅
简装    ： →  | ✅
套装    ：不含 → 不含 | ✅
清洗后  ：液体腮红insatiable → 全新液体腮红腮紫牛奶粉紫色显嫩膨胀收缩色
品名匹配：词袋(100.0%) | ✅
结果    ：✅ PASS | 原因：所有检查通过
============================================================

================================================================================
货品名称：【NARS】纳斯全新小粉金液体腮红 腮紫牛奶粉紫色显嫩自然膨胀收缩色【5天内发货】
关键词：NARS液体腮红 INSATIABLE
原价：131.0 | 现价：131.0
百亿补贴：否 | 日期：
校验通过：✅ True
================================================================================
--- 进入商品 3/3 ---
============================================================
搜索词 ：NARS液体腮红 INSATIABLE
商品名 ：【1067人收藏】Nars纳斯小粉金液体腮红7ml光感自然#INSATIABLE 酒渍樱桃
品牌    ：纳斯 → 纳斯 | ✅
容量规格：set() → {'7'} | ✅
色号    ：set() → {'1067', 'insatiable'}
浓度    ： →  | ✅
简装    ： →  | ✅
套装    ：不含 → 不含 | ✅
清洗后  ：液体腮红insatiable → 液体腮红酒渍樱桃
品名匹配：词袋(100.0%) | ✅
结果    ：✅ PASS | 原因：所有检查通过
============================================================

================================================================================
货品名称：【1067人收藏】Nars纳斯小粉金液体腮红7ml光感自然#INSATIABLE 酒渍樱桃
关键词：NARS液体腮红 INSATIABLE
原价：74.8 | 现价：74.8
百亿补贴：否 | 日期：2025-07-01
校验通过：✅ True
================================================================================
✅ 优先级 1 中已有商品通过校验，停止降级
📁 采集记录已保存，总行数：836
📋 校验记录已保存，总记录数：848
✅ 序号 397 已标记为已采集

⏸ 等待 1 秒后继续...
⏳ 等待下一个商品：[██████████████████████████████] 100% (1/1s)

🔍 搜索：NARS多功能腮红棒TRANCE 8G

===== 优先级 4，共 2 个商品 =====
--- 进入商品 1/2 ---
============================================================
搜索词 ：NARS多功能腮红棒TRANCE 8G
商品名 ：【3.15万人评价品牌正品】Nars/娜斯亮采多用膏腮红棒细腻贴肤好晕染#爱欲#欲焰#着迷
品牌    ：纳斯 → 纳斯 | ✅
容量规格：{'8'} → set() | ❌
色号    ：set() → set()
浓度    ： →  | ✅
简装    ： →  | ✅
套装    ：不含 → 不含 | ✅
清洗后  ：多功能腮红棒trance → 亮采多用膏腮红棒细腻贴肤好晕染爱欲欲焰着迷
品名匹配：词袋(40.0%) | ✅
结果    ：❌ FAIL | 原因：规格不匹配
============================================================
🔧 校验失败原因为规格不匹配，尝试进入规格面板匹配...

[DEBUG][get_sku_price_auto] 开始匹配，搜索词: 'NARS多功能腮红棒TRANCE 8G'
[DEBUG][get_sku_identifiers] 提取标识: ['trance', '8g']
[DEBUG][get_sku_price_auto] 当前已选规格匹配，价格: 110
✅ 规格匹配成功，且品名已匹配，校验通过

================================================================================
货品名称：【3.15万人评价品牌正品】Nars/娜斯亮采多用膏腮红棒细腻贴肤好晕染#爱欲#欲焰#着迷
关键词：NARS多功能腮红棒TRANCE 8G
原价：179.0 | 现价：110
匹配规格：已选: #爱欲 SEX APPEAL 8g （海外版外盒无塑封） | 规格价格：110
百亿补贴：是 | 日期：2025-03-01
校验通过：✅ True
================================================================================
--- 进入商品 2/2 ---
============================================================
搜索词 ：NARS多功能腮红棒TRANCE 8G
商品名 ：【NARS】娜斯新品柔滑多功能棒腮红棒眼颊唇三用swing,sex appeal 8g
品牌    ：纳斯 → 纳斯 | ✅
容量规格：{'8'} → {'8'} | ✅
色号    ：set() → set()
浓度    ： →  | ✅
简装    ： →  | ✅
套装    ：不含 → 不含 | ✅
清洗后  ：多功能腮红棒trance → 多功能棒腮红棒眼颊唇三用swingsexappeal
品名匹配：词袋(80.0%) | ✅
结果    ：✅ PASS | 原因：所有检查通过
============================================================

================================================================================
货品名称：【NARS】娜斯新品柔滑多功能棒腮红棒眼颊唇三用swing,sex appeal 8g
关键词：NARS多功能腮红棒TRANCE 8G
原价：177.99 | 现价：177.99
百亿补贴：否 | 日期：
校验通过：✅ True
================================================================================
✅ 优先级 4 中已有商品通过校验，停止降级
📁 采集记录已保存，总行数：842
📋 校验记录已保存，总记录数：851
✅ 序号 398 已标记为已采集

⏸ 等待 1 秒后继续...
⏳ 等待下一个商品：[██████████████████████████████] 100% (1/1s)

🔍 搜索：NARS多用腮红棒欲焰HOT TAKE 8G

===== 优先级 4，共 2 个商品 =====
--- 进入商品 1/2 ---
============================================================
搜索词 ：NARS多用腮红棒欲焰HOT TAKE 8G
商品名 ：【NARS】娜斯新品柔滑多功能棒腮红棒眼颊唇三用swing,sex appeal 8g
品牌    ：纳斯 → 纳斯 | ✅
容量规格：{'8'} → {'8'} | ✅
色号    ：set() → set()
浓度    ： →  | ✅
简装    ： →  | ✅
套装    ：不含 → 不含 | ✅
清洗后  ：多用腮红棒欲焰hottake → 多功能棒腮红棒眼颊唇三用swingsexappeal
品名匹配：词袋(33.3%) | ✅
结果    ：✅ PASS | 原因：所有检查通过
============================================================

================================================================================
货品名称：【NARS】娜斯新品柔滑多功能棒腮红棒眼颊唇三用swing,sex appeal 8g
关键词：NARS多用腮红棒欲焰HOT TAKE 8G
原价：177.99 | 现价：177.99
百亿补贴：否 | 日期：
校验通过：✅ True
================================================================================
--- 进入商品 2/2 ---
============================================================
搜索词 ：NARS多用腮红棒欲焰HOT TAKE 8G
商品名 ：【3.15万人评价品牌正品】Nars/娜斯亮采多用膏腮红棒细腻贴肤好晕染#爱欲#欲焰#着迷
品牌    ：纳斯 → 纳斯 | ✅
容量规格：{'8'} → set() | ❌
色号    ：set() → set()
浓度    ： →  | ✅
简装    ： →  | ✅
套装    ：不含 → 不含 | ✅
清洗后  ：多用腮红棒欲焰hottake → 亮采多用膏腮红棒细腻贴肤好晕染爱欲欲焰着迷
品名匹配：词袋(66.7%) | ✅
结果    ：❌ FAIL | 原因：规格不匹配
============================================================
🔧 校验失败原因为规格不匹配，尝试进入规格面板匹配...

[DEBUG][get_sku_price_auto] 开始匹配，搜索词: 'NARS多用腮红棒欲焰HOT TAKE 8G'
[DEBUG][get_sku_identifiers] 提取标识: ['hot take', 'hot', 'take', '8g']
[DEBUG][get_sku_price_auto] 当前已选规格匹配，价格: 110
✅ 规格匹配成功，且品名已匹配，校验通过

================================================================================
货品名称：【3.15万人评价品牌正品】Nars/娜斯亮采多用膏腮红棒细腻贴肤好晕染#爱欲#欲焰#着迷
关键词：NARS多用腮红棒欲焰HOT TAKE 8G
原价：179.0 | 现价：110
匹配规格：已选: #爱欲 SEX APPEAL 8g （海外版外盒无塑封） | 规格价格：110
百亿补贴：是 | 日期：2025-03-01
校验通过：✅ True
================================================================================
✅ 优先级 4 中已有商品通过校验，停止降级
📁 采集记录已保存，总行数：846
📋 校验记录已保存，总记录数：853
✅ 序号 399 已标记为已采集

⏸ 等待 1 秒后继续...
⏳ 等待下一个商品：[██████████████████████████████] 100% (1/1s)

🔍 搜索：NARS多用腮红棒爱欲SEX APPEAL 8G

===== 优先级 4，共 2 个商品 =====
--- 进入商品 1/2 ---
============================================================
搜索词 ：NARS多用腮红棒爱欲SEX APPEAL 8G
商品名 ：【3.15万人评价品牌正品】Nars/娜斯亮采多用膏腮红棒细腻贴肤好晕染#爱欲#欲焰#着迷
品牌    ：纳斯 → 纳斯 | ✅
容量规格：{'8'} → set() | ❌
色号    ：set() → set()
浓度    ： →  | ✅
简装    ： →  | ✅
套装    ：不含 → 不含 | ✅
清洗后  ：多用腮红棒爱欲sexappeal → 亮采多用膏腮红棒细腻贴肤好晕染爱欲欲焰着迷
品名匹配：词袋(66.7%) | ✅
结果    ：❌ FAIL | 原因：规格不匹配
============================================================
🔧 校验失败原因为规格不匹配，尝试进入规格面板匹配...

[DEBUG][get_sku_price_auto] 开始匹配，搜索词: 'NARS多用腮红棒爱欲SEX APPEAL 8G'
[DEBUG][get_sku_identifiers] 提取标识: ['sex appeal', 'sex', 'appeal', '8g']
[DEBUG][get_sku_price_auto] 当前已选规格匹配，价格: 110
✅ 规格匹配成功，且品名已匹配，校验通过

================================================================================
货品名称：【3.15万人评价品牌正品】Nars/娜斯亮采多用膏腮红棒细腻贴肤好晕染#爱欲#欲焰#着迷
关键词：NARS多用腮红棒爱欲SEX APPEAL 8G
原价：179.0 | 现价：110
匹配规格：已选: #爱欲 SEX APPEAL 8g （海外版外盒无塑封） | 规格价格：110
百亿补贴：是 | 日期：2025-03-01
校验通过：✅ True
================================================================================
--- 进入商品 2/2 ---
============================================================
搜索词 ：NARS多用腮红棒爱欲SEX APPEAL 8G
商品名 ：【NARS】娜斯新品柔滑多功能棒腮红棒眼颊唇三用swing,sex appeal 8g
品牌    ：纳斯 → 纳斯 | ✅
容量规格：{'8'} → {'8'} | ✅
色号    ：set() → set()
浓度    ： →  | ✅
简装    ： →  | ✅
套装    ：不含 → 不含 | ✅
清洗后  ：多用腮红棒爱欲sexappeal → 多功能棒腮红棒眼颊唇三用swingsexappeal
品名匹配：词袋(33.3%) | ✅
结果    ：✅ PASS | 原因：所有检查通过
============================================================

================================================================================
货品名称：【NARS】娜斯新品柔滑多功能棒腮红棒眼颊唇三用swing,sex appeal 8g
关键词：NARS多用腮红棒爱欲SEX APPEAL 8G
原价：177.99 | 现价：177.99
百亿补贴：否 | 日期：
校验通过：✅ True
================================================================================
✅ 优先级 4 中已有商品通过校验，停止降级
📁 采集记录已保存，总行数：850
📋 校验记录已保存，总记录数：855
✅ 序号 400 已标记为已采集

⏸ 等待 1 秒后继续...
⏳ 等待下一个商品：[██████████████████████████████] 100% (1/1s)

🔍 搜索：NARS小粉金液体腮红WANDERLUST 7ML

===== 优先级 2，共 1 个商品 =====
--- 进入商品 1/1 ---
============================================================
搜索词 ：NARS小粉金液体腮红WANDERLUST 7ML
商品名 ：
品牌    ：纳斯 → 未匹配 | ❌
容量规格：{'7'} → set() | ❌
色号    ：set() → set()
浓度    ： →  | ✅
简装    ： →  | ✅
套装    ：不含 → 不含 | ✅
清洗后  ：液体腮红wanderlust → 
品名匹配：LCS子序列(0.0%) | ❌
结果    ：❌ FAIL | 原因：品牌不一致；规格不匹配；品名相似不足(ratio=0.0%)
============================================================
🔧 校验失败原因为规格不匹配，尝试进入规格面板匹配...

[DEBUG][get_sku_price_auto] 开始匹配，搜索词: 'NARS小粉金液体腮红WANDERLUST 7ML'
[DEBUG][get_sku_identifiers] 提取标识: ['wanderlust', '7ml']
[DEBUG][get_sku_price_auto] 当前已选规格不匹配，尝试点击规格...
[DEBUG][_click_sku_by_identifier] 尝试点击标识: 'wanderlust'
[DEBUG][get_sku_price_auto] 所有标识尝试完毕，仍无价格
⚠️ 规格匹配未获取到有效价格，已记录为匹配失败，校验结果强制为不通过

================================================================================
货品名称：
关键词：NARS小粉金液体腮红WANDERLUST 7ML
原价：None | 现价：None
匹配规格：匹配失败 | 规格价格：
百亿补贴：否 | 日期：2025-12-31
校验通过：❌ False
================================================================================
⚠️ 优先级 2 全部未通过，尝试下一优先级
🔽 降级到全球购，返回顶部并重新识别（不自动下滑）

===== 优先级 1，共 3 个商品 =====
--- 进入商品 1/3 ---
============================================================
搜索词 ：NARS小粉金液体腮红WANDERLUST 7ML
商品名 ：Nars纳斯小粉金液体腮红7ml光感自然
品牌    ：纳斯 → 纳斯 | ✅
容量规格：{'7'} → {'7'} | ✅
色号    ：set() → set()
浓度    ： →  | ✅
简装    ： →  | ✅
套装    ：不含 → 不含 | ✅
清洗后  ：液体腮红wanderlust → 液体腮红
品名匹配：词袋(100.0%) | ✅
结果    ：✅ PASS | 原因：所有检查通过
============================================================

================================================================================
货品名称：Nars纳斯小粉金液体腮红7ml光感自然
关键词：NARS小粉金液体腮红WANDERLUST 7ML
原价：155.0 | 现价：155.0
百亿补贴：否 | 日期：
校验通过：✅ True
================================================================================
--- 进入商品 2/3 ---
============================================================
搜索词 ：NARS小粉金液体腮红WANDERLUST 7ML
商品名 ：【NARS】纳斯小粉金液体腮红自然清透阿拉贡behave/Orgasm/Wanderlust【5天内发货】
品牌    ：纳斯 → 纳斯 | ✅
容量规格：{'7'} → set() | ❌
色号    ：set() → set()
浓度    ： →  | ✅
简装    ： →  | ✅
套装    ：不含 → 不含 | ✅
清洗后  ：液体腮红wanderlust → 液体腮红阿拉贡behaveorgasmwanderlust
品名匹配：词袋(100.0%) | ✅
结果    ：❌ FAIL | 原因：规格不匹配
============================================================
🔧 校验失败原因为规格不匹配，尝试进入规格面板匹配...

[DEBUG][get_sku_price_auto] 开始匹配，搜索词: 'NARS小粉金液体腮红WANDERLUST 7ML'
[DEBUG][get_sku_identifiers] 提取标识: ['wanderlust', '7ml']
[DEBUG][get_sku_price_auto] 当前已选规格匹配，价格: 172
✅ 规格匹配成功，且品名已匹配，校验通过

================================================================================
货品名称：【NARS】纳斯小粉金液体腮红自然清透阿拉贡behave/Orgasm/Wanderlust【5天内发货】
关键词：NARS小粉金液体腮红WANDERLUST 7ML
原价：130.0 | 现价：172
匹配规格：已选: Dolce Vita 杏茶玫瑰 7mL | 规格价格：172
百亿补贴：否 | 日期：
校验通过：✅ True
================================================================================
--- 进入商品 3/3 ---
============================================================
搜索词 ：NARS小粉金液体腮红WANDERLUST 7ML
商品名 ：纳斯NARS小粉金液体腮红DV杏茶玫瑰水色融肤水光感自然好气色7ML【5天内发货】
品牌    ：纳斯 → 纳斯 | ✅
容量规格：{'7'} → {'7'} | ✅
色号    ：set() → {'玫瑰'}
浓度    ： →  | ✅
简装    ： →  | ✅
套装    ：不含 → 不含 | ✅
清洗后  ：液体腮红wanderlust → 液体腮红dv杏茶水色融肤感好气色
品名匹配：词袋(100.0%) | ✅
结果    ：✅ PASS | 原因：所有检查通过
============================================================

================================================================================
货品名称：纳斯NARS小粉金液体腮红DV杏茶玫瑰水色融肤水光感自然好气色7ML【5天内发货】
关键词：NARS小粉金液体腮红WANDERLUST 7ML
原价：130.0 | 现价：129.0
百亿补贴：否 | 日期：
校验通过：✅ True
================================================================================
✅ 优先级 1 中已有商品通过校验，停止降级
📁 采集记录已保存，总行数：856
📋 校验记录已保存，总记录数：859
✅ 序号 401 已标记为已采集

⏸ 等待 1 秒后继续...
⏳ 等待下一个商品：[██████████████████████████████] 100% (1/1s)

🔍 搜索：古驰竹韵浓香75ml

===== 优先级 4，共 2 个商品 =====
--- 进入商品 1/2 ---
============================================================
搜索词 ：古驰竹韵浓香75ml
商品名 ：【海外原装】GUCCI古驰竹韵女士浓香水EDP75ml
品牌    ：古驰 → 古驰 | ✅
容量规格：{'75'} → {'75'} | ✅
色号    ：set() → set()
浓度    ：浓香 → 浓香 | ✅
简装    ： →  | ✅
套装    ：不含 → 不含 | ✅
清洗后  ：竹韵 → 竹韵女士水
品名匹配：词袋(100.0%) | ✅
结果    ：✅ PASS | 原因：所有检查通过
============================================================

================================================================================
货品名称：【海外原装】GUCCI古驰竹韵女士浓香水EDP75ml
关键词：古驰竹韵浓香75ml
原价：470.0 | 现价：470.0
百亿补贴：是 | 日期：2025-10-07
校验通过：✅ True
================================================================================
--- 进入商品 2/2 ---
============================================================
搜索词 ：古驰竹韵浓香75ml
商品名 ：【品牌好评65.6万+条】Gucci/古驰竹韵女士浓香水75ml花香木质调简装黑盖自留款
品牌    ：古驰 → 古驰 | ✅
容量规格：{'75'} → {'75'} | ✅
色号    ：set() → set()
浓度    ：浓香 → 浓香 | ✅
简装    ： → 简装 | ✅
套装    ：不含 → 不含 | ✅
清洗后  ：竹韵 → 竹韵女士水花香简装黑盖自留
品名匹配：词袋(100.0%) | ✅
结果    ：✅ PASS | 原因：所有检查通过
============================================================

================================================================================
货品名称：【品牌好评65.6万+条】Gucci/古驰竹韵女士浓香水75ml花香木质调简装黑盖自留款
关键词：古驰竹韵浓香75ml
原价：279.34 | 现价：279.34
百亿补贴：是 | 日期：2024-01-01
校验通过：✅ True
================================================================================
✅ 优先级 4 中已有商品通过校验，停止降级
📁 采集记录已保存，总行数：862
📋 校验记录已保存，总记录数：862
✅ 序号 402 已标记为已采集

⏸ 等待 1 秒后继续...
⏳ 等待下一个商品：[██████████████████████████████] 100% (1/1s)

🔍 搜索：欧莱雅紫熨斗30ml 第三代
⚠️ 检测到‘进店’，下滑40%屏刷新商品列表

===== 优先级 4，共 2 个商品 =====
--- 进入商品 1/2 ---
============================================================
搜索词 ：欧莱雅紫熨斗30ml 第三代
商品名 ：【欧莱雅】第三代眼霜紫熨斗全脸淡纹眼霜抗皱淡纹黑眼圈官方正品30ml
品牌    ：欧莱雅 → 欧莱雅 | ✅
容量规格：{'30'} → {'30'} | ✅
色号    ：{'紫色'} → {'紫色'}
浓度    ： →  | ✅
简装    ： →  | ✅
套装    ：不含 → 不含 | ✅
清洗后  ：紫熨斗第三代 → 第三代眼霜紫熨斗全脸淡纹眼霜抗皱淡纹黑眼圈官方
品名匹配：词袋(80.0%) | ✅
结果    ：✅ PASS | 原因：所有检查通过
============================================================

================================================================================
货品名称：【欧莱雅】第三代眼霜紫熨斗全脸淡纹眼霜抗皱淡纹黑眼圈官方正品30ml
关键词：欧莱雅紫熨斗30ml 第三代
原价：159.9 | 现价：95.1
百亿补贴：否 | 日期：
校验通过：✅ True
================================================================================
--- 进入商品 2/2 ---
============================================================
搜索词 ：欧莱雅紫熨斗30ml 第三代
商品名 ：【欧莱雅】第三代眼霜紫熨斗全脸淡纹眼霜抗皱淡纹黑眼圈官方正品30ml
品牌    ：欧莱雅 → 欧莱雅 | ✅
容量规格：{'30'} → {'30'} | ✅
色号    ：{'紫色'} → {'紫色'}
浓度    ： →  | ✅
简装    ： →  | ✅
套装    ：不含 → 不含 | ✅
清洗后  ：紫熨斗第三代 → 第三代眼霜紫熨斗全脸淡纹眼霜抗皱淡纹黑眼圈官方
品名匹配：词袋(80.0%) | ✅
结果    ：✅ PASS | 原因：所有检查通过
============================================================

================================================================================
货品名称：【欧莱雅】第三代眼霜紫熨斗全脸淡纹眼霜抗皱淡纹黑眼圈官方正品30ml
关键词：欧莱雅紫熨斗30ml 第三代
原价：159.9 | 现价：97.0
百亿补贴：是 | 日期：
校验通过：✅ True
================================================================================
✅ 优先级 4 中已有商品通过校验，停止降级
📁 采集记录已保存，总行数：866
📋 校验记录已保存，总记录数：864
✅ 序号 403 已标记为已采集

⏸ 等待 1 秒后继续...
⏳ 等待下一个商品：[██████████████████████████████] 100% (1/1s)

🔍 搜索：迪奥新版浮雕睡莲洗面奶150ml

===== 优先级 2，共 1 个商品 =====
--- 进入商品 1/1 ---
============================================================
搜索词 ：迪奥新版浮雕睡莲洗面奶150ml
商品名 ：
品牌    ：迪奥 → 未匹配 | ❌
容量规格：{'150'} → set() | ❌
色号    ：set() → set()
浓度    ： →  | ✅
简装    ： →  | ✅
套装    ：不含 → 不含 | ✅
清洗后  ：新浮雕睡莲洗面奶 → 
品名匹配：LCS子序列(0.0%) | ❌
结果    ：❌ FAIL | 原因：品牌不一致；规格不匹配；品名相似不足(ratio=0.0%)
============================================================
🔧 校验失败原因为规格不匹配，尝试进入规格面板匹配...

[DEBUG][get_sku_price_auto] 开始匹配，搜索词: '迪奥新版浮雕睡莲洗面奶150ml'
[DEBUG][get_sku_identifiers] 提取标识: ['150ml']
[DEBUG][get_sku_price_auto] 当前已选规格不匹配，尝试点击规格...
[DEBUG][get_sku_price_auto] 所有标识尝试完毕，仍无价格
⚠️ 规格匹配未获取到有效价格，已记录为匹配失败，校验结果强制为不通过

================================================================================
货品名称：
关键词：迪奥新版浮雕睡莲洗面奶150ml
原价：None | 现价：None
匹配规格：匹配失败 | 规格价格：
百亿补贴：否 | 日期：2025-12-31
校验通过：❌ False
================================================================================
⚠️ 优先级 2 全部未通过，尝试下一优先级
🔽 降级到全球购，返回顶部并重新识别（不自动下滑）

===== 优先级 1，共 3 个商品 =====
--- 进入商品 1/3 ---
============================================================
搜索词 ：迪奥新版浮雕睡莲洗面奶150ml
商品名 ：国内专柜 Dior迪奥净澈舒缓泡沫洁面乳150ml 新款浮雕睡莲洗面奶
品牌    ：迪奥 → 迪奥 | ✅
容量规格：{'150'} → {'150'} | ✅
色号    ：set() → set()
浓度    ： →  | ✅
简装    ： →  | ✅
套装    ：不含 → 不含 | ✅
清洗后  ：新浮雕睡莲洗面奶 → 国内净澈舒缓泡沫洁面乳新浮雕睡莲洗面奶
品名匹配：词袋(100.0%) | ✅
结果    ：✅ PASS | 原因：所有检查通过
============================================================

================================================================================
货品名称：国内专柜 Dior迪奥净澈舒缓泡沫洁面乳150ml 新款浮雕睡莲洗面奶
关键词：迪奥新版浮雕睡莲洗面奶150ml
原价：366.0 | 现价：366.0
百亿补贴：否 | 日期：
校验通过：✅ True
================================================================================
--- 进入商品 2/3 ---
============================================================
搜索词 ：迪奥新版浮雕睡莲洗面奶150ml
商品名 ：国内专柜 Dior迪奥净澈舒缓泡沫洁面乳150ml 新款浮雕睡莲洗面奶
品牌    ：迪奥 → 迪奥 | ✅
容量规格：{'150'} → {'150'} | ✅
色号    ：set() → set()
浓度    ： →  | ✅
简装    ： →  | ✅
套装    ：不含 → 不含 | ✅
清洗后  ：新浮雕睡莲洗面奶 → 国内净澈舒缓泡沫洁面乳新浮雕睡莲洗面奶
品名匹配：词袋(100.0%) | ✅
结果    ：✅ PASS | 原因：所有检查通过
============================================================

================================================================================
货品名称：国内专柜 Dior迪奥净澈舒缓泡沫洁面乳150ml 新款浮雕睡莲洗面奶
关键词：迪奥新版浮雕睡莲洗面奶150ml
原价：510.0 | 现价：510.0
百亿补贴：否 | 日期：
校验通过：✅ True
================================================================================
--- 进入商品 3/3 ---
============================================================
搜索词 ：迪奥新版浮雕睡莲洗面奶150ml
商品名 ：国内专柜dior迪奥净澈舒缓泡沫洁面乳150ml新款老花浮雕睡莲开关
品牌    ：迪奥 → 迪奥 | ✅
容量规格：{'150'} → {'150'} | ✅
色号    ：set() → set()
浓度    ： →  | ✅
简装    ： →  | ✅
套装    ：不含 → 不含 | ✅
清洗后  ：新浮雕睡莲洗面奶 → 国内净澈舒缓泡沫洁面乳新老花浮雕睡莲开关
品名匹配：词袋(50.0%) | ✅
结果    ：✅ PASS | 原因：所有检查通过
============================================================

================================================================================
货品名称：国内专柜dior迪奥净澈舒缓泡沫洁面乳150ml新款老花浮雕睡莲开关
关键词：迪奥新版浮雕睡莲洗面奶150ml
原价：366.0 | 现价：366.0
百亿补贴：否 | 日期：
校验通过：✅ True
================================================================================
✅ 优先级 1 中已有商品通过校验，停止降级
📁 采集记录已保存，总行数：872
📋 校验记录已保存，总记录数：868
✅ 序号 404 已标记为已采集

⏸ 等待 1 秒后继续...
⏳ 等待下一个商品：[██████████████████████████████] 100% (1/1s)

🔍 搜索：Clarins娇韵诗焕颜紧致日霜50ml

===== 优先级 2，共 1 个商品 =====
--- 进入商品 1/1 ---
============================================================
搜索词 ：Clarins娇韵诗焕颜紧致日霜50ml
商品名 ：【Clarins】娇韵诗焕颜紧致能量日霜 50ml 紧致提亮滋润【法国直发【5天内发货】
品牌    ：娇韵诗 → 娇韵诗 | ✅
容量规格：{'50'} → {'50'} | ✅
色号    ：set() → set()
浓度    ： →  | ✅
简装    ： →  | ✅
套装    ：不含 → 不含 | ✅
清洗后  ：焕颜紧致日霜 → 焕颜紧致能量日霜紧致提亮
品名匹配：词袋(80.0%) | ✅
结果    ：✅ PASS | 原因：所有检查通过
============================================================

================================================================================
货品名称：【Clarins】娇韵诗焕颜紧致能量日霜 50ml 紧致提亮滋润【法国直发【5天内发货】
关键词：Clarins娇韵诗焕颜紧致日霜50ml
原价：540.0 | 现价：None
百亿补贴：否 | 日期：
校验通过：✅ True
================================================================================
✅ 优先级 2 中已有商品通过校验，停止降级
📁 采集记录已保存，总行数：877
📋 校验记录已保存，总记录数：870
✅ 序号 405 已标记为已采集

⏸ 等待 1 秒后继续...
⏳ 等待下一个商品：[██████████████████████████████] 100% (1/1s)

🔍 搜索：YSL圣罗兰新版恒久无瑕粉底液LN1

===== 优先级 4，共 1 个商品 =====
--- 进入商品 1/1 ---
============================================================
搜索词 ：YSL圣罗兰新版恒久无瑕粉底液LN1
商品名 ：【1284.8万人收藏该品牌】YSL/圣罗兰恒久无瑕持妆粉底液持久油皮遮瑕持妆轻薄服帖LN1#
品牌    ：圣罗兰 → 圣罗兰 | ✅
容量规格：set() → set() | ✅
色号    ：{'ln1'} → {'ln1', '1284'}
浓度    ： →  | ✅
简装    ： →  | ✅
套装    ：不含 → 不含 | ✅
清洗后  ：新恒久无瑕粉底液ln1 → 恒久无瑕持妆粉底液持妆轻薄
品名匹配：词袋(71.4%) | ✅
结果    ：✅ PASS | 原因：所有检查通过
============================================================
🔧 标题包含多规格 (容量:set(), 色号:{'ln1', '1284'})，尝试进入规格面板匹配...

[DEBUG][get_sku_price_auto] 开始匹配，搜索词: 'YSL圣罗兰新版恒久无瑕粉底液LN1'
[DEBUG][get_sku_identifiers] 提取标识: ['ln1', 'ln']
[DEBUG][get_sku_price_auto] 当前已选规格匹配，价格: 294
✅ 规格匹配成功，且品名已匹配，校验通过

================================================================================
货品名称：【1284.8万人收藏该品牌】YSL/圣罗兰恒久无瑕持妆粉底液持久油皮遮瑕持妆轻薄服帖LN1#
关键词：YSL圣罗兰新版恒久无瑕粉底液LN1
原价：428.0 | 现价：294
匹配规格：已选: 25mL 不支持试用 LN1 自然色 | 规格价格：294
百亿补贴：是 | 日期：2024-10-01
校验通过：✅ True
================================================================================
✅ 优先级 4 中已有商品通过校验，停止降级
📁 采集记录已保存，总行数：878
📋 校验记录已保存，总记录数：871
✅ 序号 406 已标记为已采集

⏸ 等待 1 秒后继续...
⏳ 等待下一个商品：[██████████████████████████████] 100% (1/1s)

🔍 搜索：兰蔻菁纯臻颜精萃水150ml

===== 优先级 2，共 1 个商品 =====
--- 进入商品 1/1 ---
============================================================
搜索词 ：兰蔻菁纯臻颜精萃水150ml
商品名 ：【熬夜暗沉】兰蔻菁纯臻颜玫瑰精粹水150ML玻色因淡纹抗老简装
品牌    ：兰蔻 → 兰蔻 | ✅
容量规格：{'150'} → {'150'} | ✅
色号    ：set() → {'玫瑰'}
浓度    ： →  | ✅
简装    ： → 简装 | ✅
套装    ：不含 → 不含 | ✅
清洗后  ：菁纯臻颜精萃水 → 菁纯臻颜精粹水玻色因淡纹抗老简装
品名匹配：词袋(66.7%) | ✅
结果    ：✅ PASS | 原因：所有检查通过
============================================================

================================================================================
货品名称：【熬夜暗沉】兰蔻菁纯臻颜玫瑰精粹水150ML玻色因淡纹抗老简装
关键词：兰蔻菁纯臻颜精萃水150ml
原价：367.0 | 现价：367.0
百亿补贴：否 | 日期：2024-03-01
校验通过：✅ True
================================================================================
✅ 优先级 2 中已有商品通过校验，停止降级
📁 采集记录已保存，总行数：880
📋 校验记录已保存，总记录数：872
✅ 序号 407 已标记为已采集

⏸ 等待 1 秒后继续...
⏳ 等待下一个商品：[██████████████████████████████] 100% (1/1s)

🔍 搜索：Hermes爱马仕大地淡香对装50ml*2

===== 优先级 2，共 4 个商品 =====
--- 进入商品 1/4 ---
============================================================
搜索词 ：Hermes爱马仕大地淡香对装50ml*2
商品名 ：【Hermes】 爱马仕 大地淡香对装50ml*2
品牌    ：爱马仕 → 爱马仕 | ✅
容量规格：{'2', '50'} → {'2', '50'} | ✅
色号    ：set() → set()
浓度    ：淡香 → 淡香 | ✅
简装    ： →  | ✅
套装    ：不含 → 不含 | ✅
清洗后  ：大地对装 → 大地对装
品名匹配：词袋(100.0%) | ✅
结果    ：✅ PASS | 原因：所有检查通过
============================================================
🔧 标题包含多规格 (容量:{'2', '50'}, 色号:set())，尝试进入规格面板匹配...

[DEBUG][get_sku_price_auto] 开始匹配，搜索词: 'Hermes爱马仕大地淡香对装50ml*2'
[DEBUG][get_sku_identifiers] 提取标识: ['50ml']
[DEBUG][get_sku_price_auto] 当前已选规格匹配，价格: 680
✅ 规格匹配成功，且品名已匹配，校验通过

================================================================================
货品名称：【Hermes】 爱马仕 大地淡香对装50ml*2
关键词：Hermes爱马仕大地淡香对装50ml*2
原价：680.0 | 现价：680
匹配规格：已选: 50mL *2 大地男士淡香氛 | 规格价格：680
百亿补贴：否 | 日期：2025-02-01
校验通过：✅ True
================================================================================
--- 进入商品 2/4 ---
============================================================
搜索词 ：Hermes爱马仕大地淡香对装50ml*2
商品名 ：【Hermes】 爱马仕 大地淡香对装50ml*2
品牌    ：爱马仕 → 爱马仕 | ✅
容量规格：{'2', '50'} → {'2', '50'} | ✅
色号    ：set() → set()
浓度    ：淡香 → 淡香 | ✅
简装    ： →  | ✅
套装    ：不含 → 不含 | ✅
清洗后  ：大地对装 → 大地对装
品名匹配：词袋(100.0%) | ✅
结果    ：✅ PASS | 原因：所有检查通过
============================================================
🔧 标题包含多规格 (容量:{'2', '50'}, 色号:set())，尝试进入规格面板匹配...

[DEBUG][get_sku_price_auto] 开始匹配，搜索词: 'Hermes爱马仕大地淡香对装50ml*2'
[DEBUG][get_sku_identifiers] 提取标识: ['50ml']
[DEBUG][get_sku_price_auto] 当前已选规格匹配，价格: 680
✅ 规格匹配成功，且品名已匹配，校验通过

================================================================================
货品名称：【Hermes】 爱马仕 大地淡香对装50ml*2
关键词：Hermes爱马仕大地淡香对装50ml*2
原价：680.0 | 现价：680
匹配规格：已选: 50mL 爱马仕大地男士淡香氛 2瓶 | 规格价格：680
百亿补贴：否 | 日期：2025-02-01
校验通过：✅ True
================================================================================
--- 进入商品 3/4 ---
============================================================
搜索词 ：Hermes爱马仕大地淡香对装50ml*2
商品名 ：【Hermes】 爱马仕 大地淡香对装50ml*2
品牌    ：爱马仕 → 爱马仕 | ✅
容量规格：{'2', '50'} → {'2', '50'} | ✅
色号    ：set() → set()
浓度    ：淡香 → 淡香 | ✅
简装    ： →  | ✅
套装    ：不含 → 不含 | ✅
清洗后  ：大地对装 → 大地对装
品名匹配：词袋(100.0%) | ✅
结果    ：✅ PASS | 原因：所有检查通过
============================================================
🔧 标题包含多规格 (容量:{'2', '50'}, 色号:set())，尝试进入规格面板匹配...

[DEBUG][get_sku_price_auto] 开始匹配，搜索词: 'Hermes爱马仕大地淡香对装50ml*2'
[DEBUG][get_sku_identifiers] 提取标识: ['50ml']
[DEBUG][get_sku_price_auto] 当前已选规格匹配，价格: 780
✅ 规格匹配成功，且品名已匹配，校验通过

================================================================================
货品名称：【Hermes】 爱马仕 大地淡香对装50ml*2
关键词：Hermes爱马仕大地淡香对装50ml*2
原价：780.0 | 现价：780
匹配规格：已选: 大地淡香对装50ml*2 | 规格价格：780
百亿补贴：否 | 日期：2025-02-01
校验通过：✅ True
================================================================================
--- 进入商品 4/4 ---
============================================================
搜索词 ：Hermes爱马仕大地淡香对装50ml*2
商品名 ：【Hermes】 爱马仕 大地淡香对装50ml*2
品牌    ：爱马仕 → 爱马仕 | ✅
容量规格：{'2', '50'} → {'2', '50'} | ✅
色号    ：set() → set()
浓度    ：淡香 → 淡香 | ✅
简装    ： →  | ✅
套装    ：不含 → 不含 | ✅
清洗后  ：大地对装 → 大地对装
品名匹配：词袋(100.0%) | ✅
结果    ：✅ PASS | 原因：所有检查通过
============================================================
🔧 标题包含多规格 (容量:{'2', '50'}, 色号:set())，尝试进入规格面板匹配...

[DEBUG][get_sku_price_auto] 开始匹配，搜索词: 'Hermes爱马仕大地淡香对装50ml*2'
[DEBUG][get_sku_identifiers] 提取标识: ['50ml']
[DEBUG][get_sku_price_auto] 当前已选规格匹配，价格: 780
✅ 规格匹配成功，且品名已匹配，校验通过

================================================================================
货品名称：【Hermes】 爱马仕 大地淡香对装50ml*2
关键词：Hermes爱马仕大地淡香对装50ml*2
原价：780.0 | 现价：780
匹配规格：已选: 大地淡香对装50ml*2 | 规格价格：780
百亿补贴：否 | 日期：2025-02-01
校验通过：✅ True
================================================================================
✅ 优先级 2 中已有商品通过校验，停止降级
📁 采集记录已保存，总行数：883
📋 校验记录已保存，总记录数：876
✅ 序号 408 已标记为已采集

⏸ 等待 1 秒后继续...
⏳ 等待下一个商品：[██████████████████████████████] 100% (1/1s)

🔍 搜索：MAC魅可 反光镜唇蜜唇釉 228# 棕上镜 AESTHETIC 5ml

===== 优先级 4，共 1 个商品 =====
--- 进入商品 1/1 ---
============================================================
搜索词 ：MAC魅可 反光镜唇蜜唇釉 228# 棕上镜 AESTHETIC 5ml
商品名 ：【2.36万人评价品牌正品】MAC/魅可反光镜唇蜜5ml保湿滋润显色淡唇纹#226当红镜#228棕上镜
品牌    ：魅可 → 魅可 | ✅
容量规格：{'5'} → {'5'} | ✅
色号    ：{'228'} → {'226', '228'}
浓度    ： →  | ✅
简装    ： →  | ✅
套装    ：不含 → 不含 | ✅
清洗后  ：反光镜唇蜜唇釉棕上镜aesthetic → 反光镜唇蜜显色淡唇纹当红镜棕上镜
品名匹配：词袋(66.7%) | ✅
结果    ：✅ PASS | 原因：所有检查通过
============================================================
🔧 标题包含多规格 (容量:{'5'}, 色号:{'226', '228'})，尝试进入规格面板匹配...

[DEBUG][get_sku_price_auto] 开始匹配，搜索词: 'MAC魅可 反光镜唇蜜唇釉 228# 棕上镜 AESTHETIC 5ml'
[DEBUG][get_sku_identifiers] 提取标识: ['228', 'aesthetic', '5ml']
[DEBUG][get_sku_price_auto] 当前已选规格匹配，价格: 98
✅ 规格匹配成功，且品名已匹配，校验通过

================================================================================
货品名称：【2.36万人评价品牌正品】MAC/魅可反光镜唇蜜5ml保湿滋润显色淡唇纹#226当红镜#228棕上镜
关键词：MAC魅可 反光镜唇蜜唇釉 228# 棕上镜 AESTHETIC 5ml
原价：98.0 | 现价：98
匹配规格：已选: #228 棕上镜 AESTHETIC 5mL （海外版外盒无塑封） | 规格价格：98
百亿补贴：是 | 日期：2025-02-01
校验通过：✅ True
================================================================================
✅ 优先级 4 中已有商品通过校验，停止降级
📁 采集记录已保存，总行数：886
📋 校验记录已保存，总记录数：877
✅ 序号 409 已标记为已采集

⏸ 等待 1 秒后继续...
⏳ 等待下一个商品：[██████████████████████████████] 100% (1/1s)

🔍 搜索：伊丽莎白雅顿经典润泽护唇膏 SPF15 3.7g

===== 优先级 2，共 2 个商品 =====
--- 进入商品 1/2 ---
============================================================
搜索词 ：伊丽莎白雅顿经典润泽护唇膏 SPF15 3.7g
商品名 ：
品牌    ：伊丽莎白雅顿 → 未匹配 | ❌
容量规格：{'3.7'} → set() | ❌
色号    ：{'15'} → set()
浓度    ： →  | ✅
简装    ： →  | ✅
套装    ：不含 → 不含 | ✅
清洗后  ：经典润泽护唇膏spf → 
品名匹配：LCS子序列(0.0%) | ❌
结果    ：❌ FAIL | 原因：品牌不一致；规格不匹配；品名相似不足(ratio=0.0%)
============================================================
🔧 校验失败原因为规格不匹配，尝试进入规格面板匹配...

[DEBUG][get_sku_price_auto] 开始匹配，搜索词: '伊丽莎白雅顿经典润泽护唇膏 SPF15 3.7g'
[DEBUG][get_sku_identifiers] 提取标识: ['spf15', '15', 'spf', '3.7g']
[DEBUG][get_sku_price_auto] 当前已选规格不匹配，尝试点击规格...
[DEBUG][_click_sku_by_identifier] 尝试点击标识: 'spf15'
[DEBUG][_click_sku_by_identifier] 尝试点击标识: 'spf'
[DEBUG][_click_sku_by_identifier] 尝试点击标识: '3.7g'
[DEBUG][_click_sku_by_identifier] 尝试点击标识: '15'
[DEBUG][get_sku_price_auto] 所有标识尝试完毕，仍无价格
⚠️ 规格匹配未获取到有效价格，已记录为匹配失败，校验结果强制为不通过

================================================================================
货品名称：
关键词：伊丽莎白雅顿经典润泽护唇膏 SPF15 3.7g
原价：None | 现价：None
匹配规格：匹配失败 | 规格价格：
百亿补贴：否 | 日期：2025-12-31
校验通过：❌ False
================================================================================
--- 进入商品 2/2 ---
============================================================
搜索词 ：伊丽莎白雅顿经典润泽护唇膏 SPF15 3.7g
商品名 ：【伊丽莎白雅顿】润泽SPF15唇膏 防晒保湿美唇男女润唇膏礼物
品牌    ：伊丽莎白雅顿 → 伊丽莎白雅顿 | ✅
容量规格：{'3.7'} → set() | ✅
色号    ：{'15'} → {'15'}
浓度    ： →  | ✅
简装    ： →  | ✅
套装    ：不含 → 不含 | ✅
清洗后  ：经典润泽护唇膏spf → 润泽spf唇膏防晒美唇男女润唇膏礼物
品名匹配：词袋(33.3%) | ✅
结果    ：✅ PASS | 原因：所有检查通过
============================================================

================================================================================
货品名称：【伊丽莎白雅顿】润泽SPF15唇膏 防晒保湿美唇男女润唇膏礼物
关键词：伊丽莎白雅顿经典润泽护唇膏 SPF15 3.7g
原价：199.0 | 现价：199.0
百亿补贴：否 | 日期：2024-09-01
校验通过：✅ True
================================================================================
✅ 优先级 2 中已有商品通过校验，停止降级
📁 采集记录已保存，总行数：889
📋 校验记录已保存，总记录数：879
✅ 序号 410 已标记为已采集

⏸ 等待 1 秒后继续...
⏳ 等待下一个商品：[██████████████████████████████] 100% (1/1s)

🔍 搜索：资生堂第四代红腰子精华75ml

===== 优先级 4，共 2 个商品 =====
--- 进入商品 1/2 ---
============================================================
搜索词 ：资生堂第四代红腰子精华75ml
商品名 ：【资生堂】红腰子精华液75ml四代修护维稳舒缓肌肤补水保湿滋润
品牌    ：资生堂 → 资生堂 | ✅
容量规格：{'75'} → {'75'} | ✅
色号    ：set() → set()
浓度    ： →  | ✅
简装    ： →  | ✅
套装    ：不含 → 不含 | ✅
清洗后  ：第四代红腰子 → 红腰子液四代维稳舒缓肌肤补水
品名匹配：词袋(60.0%) | ✅
结果    ：✅ PASS | 原因：所有检查通过
============================================================

================================================================================
货品名称：【资生堂】红腰子精华液75ml四代修护维稳舒缓肌肤补水保湿滋润
关键词：资生堂第四代红腰子精华75ml
原价：329.0 | 现价：202.0
百亿补贴：是 | 日期：2025-06-02
校验通过：✅ True
================================================================================
--- 进入商品 2/2 ---
============================================================
搜索词 ：资生堂第四代红腰子精华75ml
商品名 ：【56.1万人回购该品牌】SHISEIDO/资生堂红腰子精华液75ml 四代 维稳修护补水保湿滋润
品牌    ：资生堂 → 资生堂 | ✅
容量规格：{'75'} → {'75'} | ✅
色号    ：set() → {'56'}
浓度    ： →  | ✅
简装    ： →  | ✅
套装    ：不含 → 不含 | ✅
清洗后  ：第四代红腰子 → 红腰子液四代维稳补水
品名匹配：词袋(60.0%) | ✅
结果    ：✅ PASS | 原因：所有检查通过
============================================================

================================================================================
货品名称：【56.1万人回购该品牌】SHISEIDO/资生堂红腰子精华液75ml 四代 维稳修护补水保湿滋润
关键词：资生堂第四代红腰子精华75ml
原价：229.0 | 现价：229.0
百亿补贴：是 | 日期：2024-12-16
校验通过：✅ True
================================================================================
✅ 优先级 4 中已有商品通过校验，停止降级
📁 采集记录已保存，总行数：893
📋 校验记录已保存，总记录数：882
✅ 序号 411 已标记为已采集

⏸ 等待 1 秒后继续...
⏳ 等待下一个商品：[██████████████████████████████] 100% (1/1s)

🔍 搜索：巴宝莉 粉红恋歌EDT 100ml

===== 优先级 2，共 1 个商品 =====
--- 进入商品 1/1 ---
============================================================
搜索词 ：巴宝莉 粉红恋歌EDT 100ml
商品名 ：【海外原装】BURBERRY巴宝莉博柏利红粉恋歌女士淡香水100ml正装
品牌    ：巴宝莉 → 巴宝莉 | ✅
容量规格：{'100'} → {'100'} | ✅
色号    ：set() → set()
浓度    ： → 淡香 | ✅
简装    ： →  | ✅
套装    ：不含 → 不含 | ✅
清洗后  ：粉红恋歌 → 红粉恋歌女士水正装
品名匹配：词袋(33.3%) | ✅
结果    ：✅ PASS | 原因：所有检查通过
============================================================

================================================================================
货品名称：【海外原装】BURBERRY巴宝莉博柏利红粉恋歌女士淡香水100ml正装
关键词：巴宝莉 粉红恋歌EDT 100ml
原价：183.0 | 现价：183.0
百亿补贴：否 | 日期：2025-06-30
校验通过：✅ True
================================================================================
✅ 优先级 2 中已有商品通过校验，停止降级
📁 采集记录已保存，总行数：896
📋 校验记录已保存，总记录数：883
✅ 序号 412 已标记为已采集

⏸ 等待 1 秒后继续...
⏳ 等待下一个商品：[██████████████████████████████] 100% (1/1s)

🔍 搜索：巴宝莉 情缘男士EDT100ml

===== 优先级 2，共 1 个商品 =====
--- 进入商品 1/1 ---
============================================================
搜索词 ：巴宝莉 情缘男士EDT100ml
商品名 ：【品牌好评34.5万+条】博柏利(BURBERRY)巴宝莉情缘男士淡香水 30/50/100ML
品牌    ：巴宝莉 → 巴宝莉 | ✅
容量规格：{'100'} → {'30', '100', '50'} | ✅
色号    ：set() → set()
浓度    ： → 淡香 | ✅
简装    ： →  | ✅
套装    ：不含 → 不含 | ✅
清洗后  ：情缘男士 → 情缘男士水
品名匹配：词袋(100.0%) | ✅
结果    ：✅ PASS | 原因：所有检查通过
============================================================
🔧 标题包含多规格 (容量:{'30', '100', '50'}, 色号:set())，尝试进入规格面板匹配...

[DEBUG][get_sku_price_auto] 开始匹配，搜索词: '巴宝莉 情缘男士EDT100ml'
[DEBUG][get_sku_identifiers] 提取标识: ['100ml']
[DEBUG][get_sku_price_auto] 当前已选规格匹配，价格: 155
✅ 规格匹配成功，且品名已匹配，校验通过

================================================================================
货品名称：【品牌好评34.5万+条】博柏利(BURBERRY)巴宝莉情缘男士淡香水 30/50/100ML
关键词：巴宝莉 情缘男士EDT100ml
原价：148.0 | 现价：155
匹配规格：已选: 情缘男士香水100ML简装 | 规格价格：155
百亿补贴：否 | 日期：2024-11-21
校验通过：✅ True
================================================================================
✅ 优先级 2 中已有商品通过校验，停止降级
📁 采集记录已保存，总行数：898
📋 校验记录已保存，总记录数：884
✅ 序号 413 已标记为已采集

⏸ 等待 1 秒后继续...
⏳ 等待下一个商品：[██████████████████████████████] 100% (1/1s)

🔍 搜索：巴宝莉 我的巴宝莉黑色EDP 90ml

===== 优先级 4，共 2 个商品 =====
--- 进入商品 1/2 ---
============================================================
搜索词 ：巴宝莉 我的巴宝莉黑色EDP 90ml
商品名 ：【品牌好评34.5万+条】BURBERRY/博柏利我的博柏利黑色版女士浓香水香精版
品牌    ：巴宝莉 → 巴宝莉 | ✅
容量规格：{'90'} → set() | ❌
色号    ：set() → set()
浓度    ：浓香 → 浓香 | ✅
简装    ： →  | ✅
套装    ：不含 → 不含 | ✅
清洗后  ：我的黑色 → 我的黑色女士水香精
品名匹配：词袋(100.0%) | ✅
结果    ：❌ FAIL | 原因：规格不匹配
============================================================
🔧 校验失败原因为规格不匹配，尝试进入规格面板匹配...

[DEBUG][get_sku_price_auto] 开始匹配，搜索词: '巴宝莉 我的巴宝莉黑色EDP 90ml'
[DEBUG][get_sku_identifiers] 提取标识: ['90ml']
[DEBUG][get_sku_price_auto] 当前已选规格匹配，价格: 313
✅ 规格匹配成功，且品名已匹配，校验通过

================================================================================
货品名称：【品牌好评34.5万+条】BURBERRY/博柏利我的博柏利黑色版女士浓香水香精版
关键词：巴宝莉 我的巴宝莉黑色EDP 90ml
原价：None | 现价：313
匹配规格：已选: 90mL 我的博柏利黑色版女士浓香水 | 规格价格：313
百亿补贴：是 | 日期：2024-01-01
校验通过：✅ True
================================================================================
--- 进入商品 2/2 ---
============================================================
搜索词 ：巴宝莉 我的巴宝莉黑色EDP 90ml
商品名 ：BURBERRY/博柏利 我的博柏利黑色版parfum香精 90ml 优雅迷人【9月23日发完】
品牌    ：巴宝莉 → 巴宝莉 | ✅
容量规格：{'90'} → {'90'} | ✅
色号    ：set() → set()
浓度    ：浓香 → 浓香 | ✅
简装    ： →  | ✅
套装    ：不含 → 不含 | ✅
清洗后  ：我的黑色 → 我的黑色parfum香精优雅迷人
品名匹配：词袋(100.0%) | ✅
结果    ：✅ PASS | 原因：所有检查通过
============================================================

================================================================================
货品名称：BURBERRY/博柏利 我的博柏利黑色版parfum香精 90ml 优雅迷人【9月23日发完】
关键词：巴宝莉 我的巴宝莉黑色EDP 90ml
原价：332.0 | 现价：332.0
百亿补贴：是 | 日期：2025-01-01
校验通过：✅ True
================================================================================
✅ 优先级 4 中已有商品通过校验，停止降级
📁 采集记录已保存，总行数：901
📋 校验记录已保存，总记录数：886
✅ 序号 414 已标记为已采集

⏸ 等待 1 秒后继续...
⏳ 等待下一个商品：[██████████████████████████████] 100% (1/1s)

🔍 搜索：CK ONE 100ml(白盒)

===== 优先级 2，共 1 个商品 =====
--- 进入商品 1/1 ---
============================================================
搜索词 ：CK ONE 100ml(白盒)
商品名 ：【累计热销85.9万+件】2瓶 Calvin Klein/ck 卡尔文克雷恩 ONE中性淡香水100ml(有盒)
品牌    ：卡尔文克雷恩 → 卡尔文克雷恩 | ✅
容量规格：{'100'} → {'2', '100'} | ✅
色号    ：set() → set()
浓度    ： → 淡香 | ✅
简装    ： →  | ✅
套装    ：不含 → 不含 | ✅
清洗后  ：one → one中性水
品名匹配：词袋(100.0%) | ✅
结果    ：✅ PASS | 原因：所有检查通过
============================================================
🔧 标题包含多规格 (容量:{'2', '100'}, 色号:set())，尝试进入规格面板匹配...

[DEBUG][get_sku_price_auto] 开始匹配，搜索词: 'CK ONE 100ml(白盒)'
[DEBUG][get_sku_identifiers] 提取标识: ['one', '100ml']
[DEBUG][get_sku_price_auto] 当前已选规格匹配，价格: 279
✅ 规格匹配成功，且品名已匹配，校验通过

================================================================================
货品名称：【累计热销85.9万+件】2瓶 Calvin Klein/ck 卡尔文克雷恩 ONE中性淡香水100ml(有盒)
关键词：CK ONE 100ml(白盒)
原价：279.0 | 现价：279
匹配规格：已选: 100mL 柑橘香 2瓶 | 规格价格：279
百亿补贴：否 | 日期：2025-10-01
校验通过：✅ True
================================================================================
✅ 优先级 2 中已有商品通过校验，停止降级
📁 采集记录已保存，总行数：904
📋 校验记录已保存，总记录数：887
✅ 序号 415 已标记为已采集

⏸ 等待 1 秒后继续...
⏳ 等待下一个商品：[██████████████████████████████] 100% (1/1s)

🔍 搜索：CK ONE 200ml(白盒)

===== 优先级 2，共 1 个商品 =====
--- 进入商品 1/1 ---
============================================================
搜索词 ：CK ONE 200ml(白盒)
商品名 ：【7.9万人回购该品牌】CK one白瓶淡香水200ml男士女士中性香柑橘调持久节日礼物
品牌    ：卡尔文克雷恩 → 卡尔文克雷恩 | ✅
容量规格：{'200'} → {'200'} | ✅
色号    ：set() → set()
浓度    ： → 淡香 | ✅
简装    ： →  | ✅
套装    ：不含 → 不含 | ✅
清洗后  ：one → one白瓶水男士女士中性香节日礼物
品名匹配：词袋(100.0%) | ✅
结果    ：✅ PASS | 原因：所有检查通过
============================================================

================================================================================
货品名称：【7.9万人回购该品牌】CK one白瓶淡香水200ml男士女士中性香柑橘调持久节日礼物
关键词：CK ONE 200ml(白盒)
原价：289.0 | 现价：289.0
百亿补贴：否 | 日期：2024-05-01
校验通过：✅ True
================================================================================
✅ 优先级 2 中已有商品通过校验，停止降级
📁 采集记录已保存，总行数：906
📋 校验记录已保存，总记录数：888
✅ 序号 416 已标记为已采集

⏸ 等待 1 秒后继续...
⏳ 等待下一个商品：[██████████████████████████████] 100% (1/1s)

🔍 搜索：CK BE 黑盒香水 100ml

===== 优先级 4，共 1 个商品 =====
--- 进入商品 1/1 ---
============================================================
搜索词 ：CK BE 黑盒香水 100ml
商品名 ：【7.9万人回购该品牌】CalvinKlein卡尔文克雷恩卡雷比CKbe中性淡香水 ck黑瓶简装白盒
品牌    ：卡尔文克雷恩 → 卡尔文克雷恩 | ✅
容量规格：{'100'} → set() | ❌
色号    ：set() → set()
浓度    ： → 淡香 | ✅
简装    ： → 简装 | ✅
套装    ：不含 → 不含 | ✅
清洗后  ：be黑盒 → 卡雷比be中性水黑瓶简装白盒
品名匹配：模糊包含(去虚词) | ✅
结果    ：❌ FAIL | 原因：规格不匹配
============================================================
🔧 校验失败原因为规格不匹配，尝试进入规格面板匹配...

[DEBUG][get_sku_price_auto] 开始匹配，搜索词: 'CK BE 黑盒香水 100ml'
[DEBUG][get_sku_identifiers] 提取标识: ['be', '100ml']
[DEBUG][get_sku_price_auto] 当前已选规格匹配，价格: 109
✅ 规格匹配成功，且品名已匹配，校验通过

================================================================================
货品名称：【7.9万人回购该品牌】CalvinKlein卡尔文克雷恩卡雷比CKbe中性淡香水 ck黑瓶简装白盒
关键词：CK BE 黑盒香水 100ml
原价：109.0 | 现价：109
匹配规格：已选: 100mL CK be淡香水 简装无盖 1瓶 | 规格价格：109
百亿补贴：是 | 日期：2025-01-13
校验通过：✅ True
================================================================================
✅ 优先级 4 中已有商品通过校验，停止降级
📁 采集记录已保存，总行数：908
📋 校验记录已保存，总记录数：889
✅ 序号 417 已标记为已采集

⏸ 等待 1 秒后继续...
⏳ 等待下一个商品：[██████████████████████████████] 100% (1/1s)

🔍 搜索：CK BE 中性香水200ml黑盒

===== 优先级 4，共 2 个商品 =====
--- 进入商品 1/2 ---
============================================================
搜索词 ：CK BE 中性香水200ml黑盒
商品名 ：【累计热销85.9万+件】CalvinKlein卡尔文克雷恩卡雷比CKbe中性淡香水柑苔果香调 200ml
品牌    ：卡尔文克雷恩 → 卡尔文克雷恩 | ✅
容量规格：{'200'} → {'200'} | ✅
色号    ：set() → set()
浓度    ： → 淡香 | ✅
简装    ： →  | ✅
套装    ：不含 → 不含 | ✅
清洗后  ：be中性黑盒 → 卡雷比be中性水柑苔
品名匹配：词袋(33.3%) | ✅
结果    ：✅ PASS | 原因：所有检查通过
============================================================

================================================================================
货品名称：【累计热销85.9万+件】CalvinKlein卡尔文克雷恩卡雷比CKbe中性淡香水柑苔果香调 200ml
关键词：CK BE 中性香水200ml黑盒
原价：None | 现价：None
百亿补贴：是 | 日期：2023-12-09
校验通过：✅ True
================================================================================
--- 进入商品 2/2 ---
============================================================
搜索词 ：CK BE 中性香水200ml黑盒
商品名 ：【正品行货】CK be卡尔文克雷恩卡雷比淡香水柑苔中性EDT200ML
品牌    ：卡尔文克雷恩 → 卡尔文克雷恩 | ✅
容量规格：{'200'} → {'200'} | ✅
色号    ：set() → set()
浓度    ： → 淡香 | ✅
简装    ： →  | ✅
套装    ：不含 → 不含 | ✅
清洗后  ：be中性黑盒 → be卡雷比水柑苔中性
品名匹配：词袋(33.3%) | ✅
结果    ：✅ PASS | 原因：所有检查通过
============================================================

================================================================================
货品名称：【正品行货】CK be卡尔文克雷恩卡雷比淡香水柑苔中性EDT200ML
关键词：CK BE 中性香水200ml黑盒
原价：163.0 | 现价：163.0
百亿补贴：是 | 日期：2024-11-11
校验通过：✅ True
================================================================================
✅ 优先级 4 中已有商品通过校验，停止降级
📁 采集记录已保存，总行数：911
📋 校验记录已保存，总记录数：891
✅ 序号 418 已标记为已采集

⏸ 等待 1 秒后继续...
⏳ 等待下一个商品：[██████████████████████████████] 100% (1/1s)

🔍 搜索：CK 喜欢你男士 50ml

===== 优先级 4，共 1 个商品 =====
--- 进入商品 1/1 ---
============================================================
搜索词 ：CK 喜欢你男士 50ml
商品名 ：【正品行货】CK IN2U卡尔文克雷恩因为你喜欢你男士淡香水50ml
品牌    ：卡尔文克雷恩 → 卡尔文克雷恩 | ✅
容量规格：{'50'} → {'50'} | ✅
色号    ：set() → {'2u'}
浓度    ： → 淡香 | ✅
简装    ： →  | ✅
套装    ：不含 → 不含 | ✅
清洗后  ：喜欢你男士 → in2u因为你喜欢你男士水
品名匹配：词袋(100.0%) | ✅
结果    ：✅ PASS | 原因：所有检查通过
============================================================

================================================================================
货品名称：【正品行货】CK IN2U卡尔文克雷恩因为你喜欢你男士淡香水50ml
关键词：CK 喜欢你男士 50ml
原价：107.0 | 现价：107.0
百亿补贴：是 | 日期：2025-02-11
校验通过：✅ True
================================================================================
✅ 优先级 4 中已有商品通过校验，停止降级
📁 采集记录已保存，总行数：913
📋 校验记录已保存，总记录数：892
✅ 序号 419 已标记为已采集

⏸ 等待 1 秒后继续...
⏳ 等待下一个商品：[██████████████████████████████] 100% (1/1s)

🔍 搜索：CK 喜欢你男士 100ml

===== 优先级 2，共 2 个商品 =====
--- 进入商品 1/2 ---
============================================================
搜索词 ：CK 喜欢你男士 100ml
商品名 ：【1.15万人评价品牌正品】CalvinKlein/CK喜欢你男士淡香水EDT 100ml
品牌    ：卡尔文克雷恩 → 卡尔文克雷恩 | ✅
容量规格：{'100'} → {'100'} | ✅
色号    ：set() → set()
浓度    ： → 淡香 | ✅
简装    ： →  | ✅
套装    ：不含 → 不含 | ✅
清洗后  ：喜欢你男士 → 喜欢你男士水
品名匹配：词袋(100.0%) | ✅
结果    ：✅ PASS | 原因：所有检查通过
============================================================

================================================================================
货品名称：【1.15万人评价品牌正品】CalvinKlein/CK喜欢你男士淡香水EDT 100ml
关键词：CK 喜欢你男士 100ml
原价：138.0 | 现价：138.0
百亿补贴：否 | 日期：2023-10-01
校验通过：✅ True
================================================================================
--- 进入商品 2/2 ---
============================================================
搜索词 ：CK 喜欢你男士 100ml
商品名 ：【正品保证】CK 喜欢你男士淡香水100ml EDT
品牌    ：卡尔文克雷恩 → 卡尔文克雷恩 | ✅
容量规格：{'100'} → {'100'} | ✅
色号    ：set() → set()
浓度    ： → 淡香 | ✅
简装    ： →  | ✅
套装    ：不含 → 不含 | ✅
清洗后  ：喜欢你男士 → 喜欢你男士水
品名匹配：词袋(100.0%) | ✅
结果    ：✅ PASS | 原因：所有检查通过
============================================================

================================================================================
货品名称：【正品保证】CK 喜欢你男士淡香水100ml EDT
关键词：CK 喜欢你男士 100ml
原价：139.0 | 现价：139.0
百亿补贴：否 | 日期：2024-01-06
校验通过：✅ True
================================================================================
✅ 优先级 2 中已有商品通过校验，停止降级
📁 采集记录已保存，总行数：916
📋 校验记录已保存，总记录数：894
✅ 序号 420 已标记为已采集

⏸ 等待 1 秒后继续...
⏳ 等待下一个商品：[██████████████████████████████] 100% (1/1s)

🔍 搜索：CK 喜欢你女士100ml

===== 优先级 4，共 1 个商品 =====
--- 进入商品 1/1 ---
============================================================
搜索词 ：CK 喜欢你女士100ml
商品名 ：【350.3万人收藏该品牌】凯文克莱CK因为你喜欢你In2u女士淡香水100ml礼物
品牌    ：卡尔文克雷恩 → 卡尔文克雷恩 | ✅
容量规格：{'100'} → {'100'} | ✅
色号    ：set() → {'350', '2u'}
浓度    ： → 淡香 | ✅
简装    ： →  | ✅
套装    ：不含 → 不含 | ✅
清洗后  ：喜欢你女士 → 凯文克莱因为你喜欢你in2u女士水礼物
品名匹配：词袋(100.0%) | ✅
结果    ：✅ PASS | 原因：所有检查通过
============================================================
🔧 标题包含多规格 (容量:{'100'}, 色号:{'350', '2u'})，尝试进入规格面板匹配...

[DEBUG][get_sku_price_auto] 开始匹配，搜索词: 'CK 喜欢你女士100ml'
[DEBUG][get_sku_identifiers] 提取标识: ['100ml']
[DEBUG][get_sku_price_auto] 当前已选规格匹配，价格: 75.1
✅ 规格匹配成功，且品名已匹配，校验通过

================================================================================
货品名称：【350.3万人收藏该品牌】凯文克莱CK因为你喜欢你In2u女士淡香水100ml礼物
关键词：CK 喜欢你女士100ml
原价：75.0 | 现价：75.1
匹配规格：已选: 100mL 喜欢你女士 EDT 淡香水 | 规格价格：75.1
百亿补贴：是 | 日期：2024-02-02
校验通过：✅ True
================================================================================
✅ 优先级 4 中已有商品通过校验，停止降级
📁 采集记录已保存，总行数：919
📋 校验记录已保存，总记录数：895
✅ 序号 421 已标记为已采集

⏸ 等待 1 秒后继续...
⏳ 等待下一个商品：[██████████████████████████████] 100% (1/1s)

🔍 搜索：CK 自由男士EDT100ml

===== 优先级 2，共 1 个商品 =====
--- 进入商品 1/1 ---
============================================================
搜索词 ：CK 自由男士EDT100ml
商品名 ：【7.9万人回购该品牌】Calvin Klein/CK卡尔文克雷恩 自由男士EDT 50/100ML
品牌    ：卡尔文克雷恩 → 卡尔文克雷恩 | ✅
容量规格：{'100'} → {'50', '100'} | ✅
色号    ：set() → set()
浓度    ： →  | ✅
简装    ： →  | ✅
套装    ：不含 → 不含 | ✅
清洗后  ：自由男士 → 自由男士
品名匹配：词袋(100.0%) | ✅
结果    ：✅ PASS | 原因：所有检查通过
============================================================
🔧 标题包含多规格 (容量:{'50', '100'}, 色号:set())，尝试进入规格面板匹配...

[DEBUG][get_sku_price_auto] 开始匹配，搜索词: 'CK 自由男士EDT100ml'
[DEBUG][get_sku_identifiers] 提取标识: ['100ml']
[DEBUG][get_sku_price_auto] 当前已选规格匹配，价格: 114
✅ 规格匹配成功，且品名已匹配，校验通过

================================================================================
货品名称：【7.9万人回购该品牌】Calvin Klein/CK卡尔文克雷恩 自由男士EDT 50/100ML
关键词：CK 自由男士EDT100ml
原价：93.0 | 现价：114
匹配规格：已选: CK 自由男士 100ML | 规格价格：114
百亿补贴：否 | 日期：2025-01-09
校验通过：✅ True
================================================================================
✅ 优先级 2 中已有商品通过校验，停止降级
📁 采集记录已保存，总行数：921
📋 校验记录已保存，总记录数：896
✅ 序号 422 已标记为已采集

⏸ 等待 1 秒后继续...
⏳ 等待下一个商品：[██████████████████████████████] 100% (1/1s)

🔍 搜索：娇兰帝皇蜂姿蜜润修护精粹水 300mL

===== 优先级 4，共 1 个商品 =====
--- 进入商品 1/1 ---
============================================================
搜索词 ：娇兰帝皇蜂姿蜜润修护精粹水 300mL
商品名 ：【正品行货】Guerlain娇兰帝皇蜂姿蜜润修护 蜂姿水300ml
品牌    ：娇兰 → 娇兰 | ✅
容量规格：{'300'} → {'300'} | ✅
色号    ：set() → set()
浓度    ： →  | ✅
简装    ： →  | ✅
套装    ：不含 → 不含 | ✅
清洗后  ：帝皇蜂姿蜜润精粹水 → 帝皇蜂姿蜜润蜂姿水
品名匹配：词袋(62.5%) | ✅
结果    ：✅ PASS | 原因：所有检查通过
============================================================

================================================================================
货品名称：【正品行货】Guerlain娇兰帝皇蜂姿蜜润修护 蜂姿水300ml
关键词：娇兰帝皇蜂姿蜜润修护精粹水 300mL
原价：499.0 | 现价：499.0
百亿补贴：是 | 日期：2025-06-01
校验通过：✅ True
================================================================================
✅ 优先级 4 中已有商品通过校验，停止降级
📁 采集记录已保存，总行数：923
📋 校验记录已保存，总记录数：897
✅ 序号 423 已标记为已采集

⏸ 等待 1 秒后继续...
⏳ 等待下一个商品：[██████████████████████████████] 100% (1/1s)

🔍 搜索：MAC 丝柔哑光唇膏 #669 WARM TEDDY 暖萌泰迪

===== 优先级 4，共 1 个商品 =====
--- 进入商品 1/1 ---
⚠️ 单例规则命中：子弹头强制通过
============================================================
搜索词 ：MAC 丝柔哑光唇膏 #669 WARM TEDDY 暖萌泰迪
商品名 ：MAC/魅可大子弹头口红唇膏哑光显色新色裸系631大尖叫666/683/669【5天内发货】
品牌    ：魅可 → 魅可 | ✅
容量规格：set() → set() | ✅
色号    ：{'669'} → {'669', '666', '631', '683'}
浓度    ： →  | ✅
简装    ： →  | ✅
套装    ：不含 → 不含 | ✅
清洗后  ：哑光唇膏warmteddy暖萌泰迪 → 大子弹头口红唇膏哑光显色新色裸系大尖叫
品名匹配：词袋(28.6%) | ✅
结果    ：✅ PASS | 原因：单例规则：子弹头强制通过
============================================================
🔧 标题包含多规格 (容量:set(), 色号:{'669', '666', '631', '683'})，尝试进入规格面板匹配...

[DEBUG][get_sku_price_auto] 开始匹配，搜索词: 'MAC 丝柔哑光唇膏 #669 WARM TEDDY 暖萌泰迪'
[DEBUG][get_sku_identifiers] 提取标识: ['669', 'warm teddy', 'warm', 'teddy']
[DEBUG][get_sku_price_auto] 当前已选规格匹配，价格: 168
✅ 规格匹配成功，且品名已匹配，校验通过

================================================================================
货品名称：MAC/魅可大子弹头口红唇膏哑光显色新色裸系631大尖叫666/683/669【5天内发货】
关键词：MAC 丝柔哑光唇膏 #669 WARM TEDDY 暖萌泰迪
原价：126.0 | 现价：168
匹配规格：已选: #627 COOLTEDDY大酷熊 | 规格价格：168
百亿补贴：否 | 日期：
校验通过：✅ True
================================================================================
✅ 优先级 4 中已有商品通过校验，停止降级
📁 采集记录已保存，总行数：925
📋 校验记录已保存，总记录数：898
✅ 序号 424 已标记为已采集

⏸ 等待 1 秒后继续...
⏳ 等待下一个商品：[██████████████████████████████] 100% (1/1s)

🔍 搜索：MAC 反光镜唇蜜唇釉 226# 当红镜 CASUAL 5ml

===== 优先级 4，共 2 个商品 =====
--- 进入商品 1/2 ---
============================================================
搜索词 ：MAC 反光镜唇蜜唇釉 226# 当红镜 CASUAL 5ml
商品名 ：【百补品牌热销94.2万件】MAC/魅可 反光镜水光唇蜜5ml #220#221#222#223#225 多色号可选【5天内发货】
品牌    ：魅可 → 魅可 | ✅
容量规格：{'5'} → {'5'} | ❌
色号    ：{'226'} → {'220', '225', '221', '223', '222'}
浓度    ： →  | ✅
简装    ： →  | ✅
套装    ：不含 → 不含 | ✅
清洗后  ：反光镜唇蜜唇釉当红镜casual → 反光镜唇蜜多色号可选
品名匹配：词袋(44.4%) | ✅
结果    ：❌ FAIL | 原因：规格不匹配
============================================================
🔧 标题包含多规格 (容量:{'5'}, 色号:{'220', '225', '221', '223', '222'})，尝试进入规格面板匹配...

[DEBUG][get_sku_price_auto] 开始匹配，搜索词: 'MAC 反光镜唇蜜唇釉 226# 当红镜 CASUAL 5ml'
[DEBUG][get_sku_identifiers] 提取标识: ['226', 'casual', '5ml']
[DEBUG][get_sku_price_auto] 当前已选规格匹配，价格: 70.65
✅ 规格匹配成功，且品名已匹配，校验通过

================================================================================
货品名称：【百补品牌热销94.2万件】MAC/魅可 反光镜水光唇蜜5ml #220#221#222#223#225 多色号可选【5天内发货】
关键词：MAC 反光镜唇蜜唇釉 226# 当红镜 CASUAL 5ml
原价：95.0 | 现价：70.65
匹配规格：已选: #229 5mL | 规格价格：70.65
百亿补贴：是 | 日期：2025-08-01
校验通过：✅ True
================================================================================
--- 进入商品 2/2 ---
============================================================
搜索词 ：MAC 反光镜唇蜜唇釉 226# 当红镜 CASUAL 5ml
商品名 ：【累计热销122.9万+件】MAC/魅可反光镜唇蜜5ml保湿滋润显色淡唇纹#226当红镜#228棕上镜
品牌    ：魅可 → 魅可 | ✅
容量规格：{'5'} → {'5'} | ✅
色号    ：{'226'} → {'226', '228'}
浓度    ： →  | ✅
简装    ： →  | ✅
套装    ：不含 → 不含 | ✅
清洗后  ：反光镜唇蜜唇釉当红镜casual → 反光镜唇蜜显色淡唇纹当红镜棕上镜
品名匹配：词袋(66.7%) | ✅
结果    ：✅ PASS | 原因：所有检查通过
============================================================
🔧 标题包含多规格 (容量:{'5'}, 色号:{'226', '228'})，尝试进入规格面板匹配...

[DEBUG][get_sku_price_auto] 开始匹配，搜索词: 'MAC 反光镜唇蜜唇釉 226# 当红镜 CASUAL 5ml'
[DEBUG][get_sku_identifiers] 提取标识: ['226', 'casual', '5ml']
[DEBUG][get_sku_price_auto] 当前已选规格匹配，价格: 88
✅ 规格匹配成功，且品名已匹配，校验通过

================================================================================
货品名称：【累计热销122.9万+件】MAC/魅可反光镜唇蜜5ml保湿滋润显色淡唇纹#226当红镜#228棕上镜
关键词：MAC 反光镜唇蜜唇釉 226# 当红镜 CASUAL 5ml
原价：None | 现价：88
匹配规格：已选: #226 当红镜 CASUAL 5mL （海外版外盒无塑封） | 规格价格：88
百亿补贴：是 | 日期：2025-02-01
校验通过：✅ True
================================================================================
✅ 优先级 4 中已有商品通过校验，停止降级
📁 采集记录已保存，总行数：928
📋 校验记录已保存，总记录数：900
✅ 序号 425 已标记为已采集

⏸ 等待 1 秒后继续...
⏳ 等待下一个商品：[██████████████████████████████] 100% (1/1s)

🔍 搜索：MAC魅可 轻尤雾弹 哑光唇釉973 5ml 新版

===== 优先级 4，共 1 个商品 =====
--- 进入商品 1/1 ---
============================================================
搜索词 ：MAC魅可 轻尤雾弹 哑光唇釉973 5ml 新版
商品名 ：
品牌    ：魅可 → 未匹配 | ❌
容量规格：{'5'} → set() | ❌
色号    ：{'973'} → set()
浓度    ： →  | ✅
简装    ： →  | ✅
套装    ：不含 → 不含 | ✅
清洗后  ：轻尤雾弹哑光唇釉 → 
品名匹配：LCS子序列(0.0%) | ❌
结果    ：❌ FAIL | 原因：品牌不一致；规格不匹配；品名相似不足(ratio=0.0%)
============================================================
🔧 校验失败原因为规格不匹配，尝试进入规格面板匹配...

[DEBUG][get_sku_price_auto] 开始匹配，搜索词: 'MAC魅可 轻尤雾弹 哑光唇釉973 5ml 新版'
[DEBUG][get_sku_identifiers] 提取标识: ['973', '5ml']
[DEBUG][get_sku_price_auto] 当前已选规格不匹配，尝试点击规格...
[DEBUG][_click_sku_by_identifier] 尝试点击标识: '973'
[DEBUG][get_sku_price_auto] 所有标识尝试完毕，仍无价格
⚠️ 规格匹配未获取到有效价格，已记录为匹配失败，校验结果强制为不通过

================================================================================
货品名称：
关键词：MAC魅可 轻尤雾弹 哑光唇釉973 5ml 新版
原价：32.3 | 现价：32.3
匹配规格：匹配失败 | 规格价格：
百亿补贴：是 | 日期：
校验通过：❌ False
================================================================================
⚠️ 优先级 4 全部未通过，尝试下一优先级
🔽 降级到全球购，返回顶部并重新识别（不自动下滑）

===== 优先级 1，共 3 个商品 =====
--- 进入商品 1/3 ---
============================================================
搜索词 ：MAC魅可 轻尤雾弹 哑光唇釉973 5ml 新版
商品名 ：【MAC】 魅可柔雾尤雾弹唇釉雾面哑光口红唇彩# 973【5天内发货】
品牌    ：魅可 → 魅可 | ✅
容量规格：{'5'} → set() | ✅
色号    ：{'973'} → {'973'}
浓度    ： →  | ✅
简装    ： →  | ✅
套装    ：不含 → 不含 | ✅
清洗后  ：轻尤雾弹哑光唇釉 → 尤雾弹唇釉雾面哑光口红唇彩
品名匹配：词袋(57.1%) | ✅
结果    ：✅ PASS | 原因：所有检查通过
============================================================

================================================================================
货品名称：【MAC】 魅可柔雾尤雾弹唇釉雾面哑光口红唇彩# 973【5天内发货】
关键词：MAC魅可 轻尤雾弹 哑光唇釉973 5ml 新版
原价：145.0 | 现价：112.0
百亿补贴：否 | 日期：
校验通过：✅ True
================================================================================
--- 进入商品 2/3 ---
============================================================
搜索词 ：MAC魅可 轻尤雾弹 哑光唇釉973 5ml 新版
商品名 ：【MAC】魅可柔雾尤雾弹唇釉唇996口红997哑光正品雾面952爆款973
品牌    ：魅可 → 魅可 | ✅
容量规格：{'5'} → set() | ✅
色号    ：{'973'} → {'973', '952', '997', '996'}
浓度    ： →  | ✅
简装    ： →  | ✅
套装    ：不含 → 不含 | ✅
清洗后  ：轻尤雾弹哑光唇釉 → 尤雾弹唇釉唇口红哑光雾面爆
品名匹配：词袋(57.1%) | ✅
结果    ：✅ PASS | 原因：所有检查通过
============================================================
🔧 标题包含多规格 (容量:set(), 色号:{'973', '952', '997', '996'})，尝试进入规格面板匹配...

[DEBUG][get_sku_price_auto] 开始匹配，搜索词: 'MAC魅可 轻尤雾弹 哑光唇釉973 5ml 新版'
[DEBUG][get_sku_identifiers] 提取标识: ['973', '5ml']
[DEBUG][get_sku_price_auto] 当前已选规格不匹配，尝试点击规格...
[DEBUG][_click_sku_by_identifier] 尝试点击标识: '973'
[DEBUG][_click_sku_by_identifier] 点击有效规格(可点击): 唇釉973（冷玫瑰）
[DEBUG][get_sku_price_auto] 所有标识尝试完毕，仍无价格
⚠️ 规格匹配未获取到有效价格，已记录为匹配失败，校验结果强制为不通过

================================================================================
货品名称：【MAC】魅可柔雾尤雾弹唇釉唇996口红997哑光正品雾面952爆款973
关键词：MAC魅可 轻尤雾弹 哑光唇釉973 5ml 新版
原价：165.0 | 现价：165.0
匹配规格：匹配失败 | 规格价格：
百亿补贴：否 | 日期：
校验通过：❌ False
================================================================================
--- 进入商品 3/3 ---
============================================================
搜索词 ：MAC魅可 轻尤雾弹 哑光唇釉973 5ml 新版
商品名 ：MAC/魅可 柔雾尤雾弹唇釉唇泥哑光雾面红 973#冷玫瑰【5天内发货】
品牌    ：魅可 → 魅可 | ✅
容量规格：{'5'} → set() | ✅
色号    ：{'973'} → {'玫瑰', '973'}
浓度    ： →  | ✅
简装    ： →  | ✅
套装    ：不含 → 不含 | ✅
清洗后  ：轻尤雾弹哑光唇釉 → 尤雾弹唇釉唇泥哑光雾面红冷
品名匹配：词袋(57.1%) | ✅
结果    ：✅ PASS | 原因：所有检查通过
============================================================
🔧 标题包含多规格 (容量:set(), 色号:{'玫瑰', '973'})，尝试进入规格面板匹配...

[DEBUG][get_sku_price_auto] 开始匹配，搜索词: 'MAC魅可 轻尤雾弹 哑光唇釉973 5ml 新版'
[DEBUG][get_sku_identifiers] 提取标识: ['973', '5ml']
[DEBUG][get_sku_price_auto] 当前已选规格匹配，价格: 115
✅ 规格匹配成功，且品名已匹配，校验通过

================================================================================
货品名称：MAC/魅可 柔雾尤雾弹唇釉唇泥哑光雾面红 973#冷玫瑰【5天内发货】
关键词：MAC魅可 轻尤雾弹 哑光唇釉973 5ml 新版
原价：159.0 | 现价：115
匹配规格：已选: #973冷玫瑰 | 规格价格：115
百亿补贴：否 | 日期：
校验通过：✅ True
================================================================================
✅ 优先级 1 中已有商品通过校验，停止降级
📁 采集记录已保存，总行数：934
📋 校验记录已保存，总记录数：904
✅ 序号 426 已标记为已采集

⏸ 等待 1 秒后继续...
⏳ 等待下一个商品：[██████████████████████████████] 100% (1/1s)

🔍 搜索：MAC魅可 聚光瓶粉底液 NW11 30ml

===== 优先级 4，共 2 个商品 =====
--- 进入商品 1/2 ---
============================================================
搜索词 ：MAC魅可 聚光瓶粉底液 NW11 30ml
商品名 ：【336.5万人收藏该品牌】MAC/魅可聚光瓶粉底液30ml遮瑕控油抗氧化自然裸妆
品牌    ：魅可 → 魅可 | ✅
容量规格：{'30'} → {'30'} | ❌
色号    ：{'11', 'nw11'} → {'336'}
浓度    ： →  | ✅
简装    ： →  | ✅
套装    ：不含 → 不含 | ✅
清洗后  ：聚光瓶粉底液nw → 聚光瓶粉底液抗氧化裸妆
品名匹配：词袋(100.0%) | ✅
结果    ：❌ FAIL | 原因：规格不匹配
============================================================
🔧 校验失败原因为规格不匹配，尝试进入规格面板匹配...

[DEBUG][get_sku_price_auto] 开始匹配，搜索词: 'MAC魅可 聚光瓶粉底液 NW11 30ml'
[DEBUG][get_sku_identifiers] 提取标识: ['nw11', '11', 'nw', '30ml']
[DEBUG][get_sku_price_auto] 当前已选规格匹配，价格: 141.24
✅ 规格匹配成功，且品名已匹配，校验通过

================================================================================
货品名称：【336.5万人收藏该品牌】MAC/魅可聚光瓶粉底液30ml遮瑕控油抗氧化自然裸妆
关键词：MAC魅可 聚光瓶粉底液 NW11 30ml
原价：127.84 | 现价：141.24
匹配规格：已选: #N12 30mL | 规格价格：141.24
百亿补贴：是 | 日期：2024-12-31
校验通过：✅ True
================================================================================
--- 进入商品 2/2 ---
============================================================
搜索词 ：MAC魅可 聚光瓶粉底液 NW11 30ml
商品名 ：海尔品牌官方正品，100%保障
品牌    ：魅可 → 未匹配 | ❌
容量规格：{'30'} → set() | ❌
色号    ：{'11', 'nw11'} → {'100'}
浓度    ： →  | ✅
简装    ： →  | ✅
套装    ：不含 → 不含 | ✅
清洗后  ：聚光瓶粉底液nw → 海尔品牌官方保障
品名匹配：LCS子序列(0.0%) | ❌
结果    ：❌ FAIL | 原因：品牌不一致；规格不匹配；品名相似不足(ratio=0.0%)
============================================================
🔧 校验失败原因为规格不匹配，尝试进入规格面板匹配...

[DEBUG][get_sku_price_auto] 开始匹配，搜索词: 'MAC魅可 聚光瓶粉底液 NW11 30ml'
[DEBUG][get_sku_identifiers] 提取标识: ['nw11', '11', 'nw', '30ml']
[DEBUG][get_sku_price_auto] 当前已选规格不匹配，尝试点击规格...
[DEBUG][_click_sku_by_identifier] 尝试点击标识: 'nw11'
[DEBUG][_click_sku_by_identifier] 尝试点击标识: 'nw'
[DEBUG][_click_sku_by_identifier] 尝试点击标识: '11'
[DEBUG][get_sku_price_auto] 所有标识尝试完毕，仍无价格
⚠️ 规格匹配未获取到有效价格，已记录为匹配失败，校验结果强制为不通过

================================================================================
货品名称：海尔品牌官方正品，100%保障
关键词：MAC魅可 聚光瓶粉底液 NW11 30ml
原价：29.83 | 现价：29.83
匹配规格：匹配失败 | 规格价格：
百亿补贴：是 | 日期：
校验通过：❌ False
================================================================================
✅ 优先级 4 中已有商品通过校验，停止降级
📁 采集记录已保存，总行数：940
📋 校验记录已保存，总记录数：907
✅ 序号 427 已标记为已采集

⏸ 等待 1 秒后继续...
⏳ 等待下一个商品：[██████████████████████████████] 100% (1/1s)

🔍 搜索：MAC魅可 轻尤雾弹 哑光子弹头912 3.5ml

===== 优先级 4，共 1 个商品 =====
--- 进入商品 1/1 ---
============================================================
搜索词 ：MAC魅可 轻尤雾弹 哑光子弹头912 3.5ml
商品名 ：【累计热销122.9万+件】MAC/魅可轻尤雾弹唇膏口红雾面哑光滋润#912 雾嘟女
品牌    ：魅可 → 魅可 | ✅
容量规格：{'3.5'} → set() | ✅
色号    ：{'912'} → {'912'}
浓度    ： →  | ✅
简装    ： →  | ✅
套装    ：不含 → 不含 | ✅
清洗后  ：轻尤雾弹哑光子弹头 → 轻尤雾弹唇膏口红雾面哑光雾嘟女
品名匹配：词袋(44.4%) | ✅
结果    ：✅ PASS | 原因：所有检查通过
============================================================

================================================================================
货品名称：【累计热销122.9万+件】MAC/魅可轻尤雾弹唇膏口红雾面哑光滋润#912 雾嘟女
关键词：MAC魅可 轻尤雾弹 哑光子弹头912 3.5ml
原价：None | 现价：None
百亿补贴：是 | 日期：
校验通过：✅ True
================================================================================
✅ 优先级 4 中已有商品通过校验，停止降级
📁 采集记录已保存，总行数：943
📋 校验记录已保存，总记录数：908
✅ 序号 428 已标记为已采集

⏸ 等待 1 秒后继续...
⏳ 等待下一个商品：[██████████████████████████████] 100% (1/1s)

🔍 搜索：MAC魅可 聚光瓶粉底液 NC12 30ml

===== 优先级 4，共 3 个商品 =====
--- 进入商品 1/3 ---
============================================================
搜索词 ：MAC魅可 聚光瓶粉底液 NC12 30ml
商品名 ：【336.5万人收藏该品牌】MAC/魅可聚光瓶粉底液30ml遮瑕控油抗氧化自然裸妆
品牌    ：魅可 → 魅可 | ✅
容量规格：{'30'} → {'30'} | ❌
色号    ：{'12', 'nc12'} → {'336'}
浓度    ： →  | ✅
简装    ： →  | ✅
套装    ：不含 → 不含 | ✅
清洗后  ：聚光瓶粉底液nc → 聚光瓶粉底液抗氧化裸妆
品名匹配：词袋(100.0%) | ✅
结果    ：❌ FAIL | 原因：规格不匹配
============================================================
🔧 校验失败原因为规格不匹配，尝试进入规格面板匹配...

[DEBUG][get_sku_price_auto] 开始匹配，搜索词: 'MAC魅可 聚光瓶粉底液 NC12 30ml'
[DEBUG][get_sku_identifiers] 提取标识: ['nc12', '12', 'nc', '30ml']
[DEBUG][get_sku_price_auto] 当前已选规格匹配，价格: 141.24
✅ 规格匹配成功，且品名已匹配，校验通过

================================================================================
货品名称：【336.5万人收藏该品牌】MAC/魅可聚光瓶粉底液30ml遮瑕控油抗氧化自然裸妆
关键词：MAC魅可 聚光瓶粉底液 NC12 30ml
原价：127.84 | 现价：141.24
匹配规格：已选: #N12 30mL | 规格价格：141.24
百亿补贴：是 | 日期：2024-12-31
校验通过：✅ True
================================================================================
--- 进入商品 2/3 ---
============================================================
搜索词 ：MAC魅可 聚光瓶粉底液 NC12 30ml
商品名 ：MAC/魅可聚光瓶粉底液30ml NC12/NC11/N18遮瑕控油自然裸妆抗氧化
品牌    ：魅可 → 魅可 | ✅
容量规格：{'30'} → {'30'} | ✅
色号    ：{'12', 'nc12'} → {'12', 'nc11', '11', 'n18', '18', 'nc12'}
浓度    ： →  | ✅
简装    ： →  | ✅
套装    ：不含 → 不含 | ✅
清洗后  ：聚光瓶粉底液nc → 聚光瓶粉底液ncncn裸妆抗氧化
品名匹配：词袋(100.0%) | ✅
结果    ：✅ PASS | 原因：所有检查通过
============================================================
🔧 标题包含多规格 (容量:{'30'}, 色号:{'12', 'nc11', '11', 'n18', '18', 'nc12'})，尝试进入规格面板匹配...

[DEBUG][get_sku_price_auto] 开始匹配，搜索词: 'MAC魅可 聚光瓶粉底液 NC12 30ml'
[DEBUG][get_sku_identifiers] 提取标识: ['nc12', '12', 'nc', '30ml']
[DEBUG][get_sku_price_auto] 当前已选规格匹配，价格: 98
✅ 规格匹配成功，且品名已匹配，校验通过

================================================================================
货品名称：MAC/魅可聚光瓶粉底液30ml NC12/NC11/N18遮瑕控油自然裸妆抗氧化
关键词：MAC魅可 聚光瓶粉底液 NC12 30ml
原价：98.0 | 现价：98
匹配规格：已选: NC12# 30mL 23批次  介意日期勿拍哦 不支持试用 | 规格价格：98
百亿补贴：否 | 日期：
校验通过：✅ True
================================================================================
--- 进入商品 3/3 ---
============================================================
搜索词 ：MAC魅可 聚光瓶粉底液 NC12 30ml
商品名 ：37分钟前好评抢加倍补
品牌    ：魅可 → 未匹配 | ❌
容量规格：{'30'} → set() | ❌
色号    ：{'12', 'nc12'} → {'37'}
浓度    ： →  | ✅
简装    ： →  | ✅
套装    ：不含 → 不含 | ✅
清洗后  ：聚光瓶粉底液nc → 分钟前好评抢加倍补
品名匹配：LCS子序列(0.0%) | ❌
结果    ：❌ FAIL | 原因：品牌不一致；规格不匹配；品名相似不足(ratio=0.0%)
============================================================
🔧 校验失败原因为规格不匹配，尝试进入规格面板匹配...

[DEBUG][get_sku_price_auto] 开始匹配，搜索词: 'MAC魅可 聚光瓶粉底液 NC12 30ml'
[DEBUG][get_sku_identifiers] 提取标识: ['nc12', '12', 'nc', '30ml']
[DEBUG][get_sku_price_auto] 当前已选规格不匹配，尝试点击规格...
[DEBUG][_click_sku_by_identifier] 尝试点击标识: 'nc12'
[DEBUG][_click_sku_by_identifier] 尝试点击标识: 'nc'
[DEBUG][_click_sku_by_identifier] 尝试点击标识: '12'
[DEBUG][_click_sku_by_identifier] 点击有效规格(任意): 12:05
[DEBUG][get_sku_price_auto] 所有标识尝试完毕，仍无价格
⚠️ 规格匹配未获取到有效价格，已记录为匹配失败，校验结果强制为不通过

================================================================================
货品名称：37分钟前好评抢加倍补
关键词：MAC魅可 聚光瓶粉底液 NC12 30ml
原价：29.89 | 现价：26.89
匹配规格：匹配失败 | 规格价格：
百亿补贴：是 | 日期：
校验通过：❌ False
================================================================================
✅ 优先级 4 中已有商品通过校验，停止降级
📁 采集记录已保存，总行数：946
📋 校验记录已保存，总记录数：911
✅ 序号 429 已标记为已采集

⏸ 等待 1 秒后继续...
⏳ 等待下一个商品：[██████████████████████████████] 100% (1/1s)

🔍 搜索：GUERLAIN娇兰双管精华50ml

===== 优先级 2，共 2 个商品 =====
--- 进入商品 1/2 ---
============================================================
搜索词 ：GUERLAIN娇兰双管精华50ml
商品名 ：【78.6万人收藏该品牌】Guerlain/娇兰双管精华50ml双效焕新精华露修护紧致
品牌    ：娇兰 → 娇兰 | ✅
容量规格：{'50'} → {'50'} | ✅
色号    ：set() → {'78'}
浓度    ： →  | ✅
简装    ： →  | ✅
套装    ：不含 → 不含 | ✅
清洗后  ：双管 → 双管双效焕新露紧致
品名匹配：词袋(100.0%) | ✅
结果    ：✅ PASS | 原因：所有检查通过
============================================================

================================================================================
货品名称：【78.6万人收藏该品牌】Guerlain/娇兰双管精华50ml双效焕新精华露修护紧致
关键词：GUERLAIN娇兰双管精华50ml
原价：759.0 | 现价：759.0
百亿补贴：否 | 日期：2025-01-02
校验通过：✅ True
================================================================================
--- 进入商品 2/2 ---
============================================================
搜索词 ：GUERLAIN娇兰双管精华50ml
商品名 ：Guerlain/娇兰双管精华50ml双效焕新精华露修护紧致
品牌    ：娇兰 → 娇兰 | ✅
容量规格：{'50'} → {'50'} | ✅
色号    ：set() → set()
浓度    ： →  | ✅
简装    ： →  | ✅
套装    ：不含 → 不含 | ✅
清洗后  ：双管 → 双管双效焕新露紧致
品名匹配：词袋(100.0%) | ✅
结果    ：✅ PASS | 原因：所有检查通过
============================================================

================================================================================
货品名称：Guerlain/娇兰双管精华50ml双效焕新精华露修护紧致
关键词：GUERLAIN娇兰双管精华50ml
原价：749.0 | 现价：749.0
百亿补贴：否 | 日期：2025-06-01
校验通过：✅ True
================================================================================
✅ 优先级 2 中已有商品通过校验，停止降级
📁 采集记录已保存，总行数：951
📋 校验记录已保存，总记录数：913
✅ 序号 430 已标记为已采集

⏸ 等待 1 秒后继续...
⏳ 等待下一个商品：[██████████████████████████████] 100% (1/1s)

🔍 搜索：NARS 水光绚色液体腮红 Secret Lover 7ml

===== 优先级 4，共 1 个商品 =====
--- 进入商品 1/1 ---
============================================================
搜索词 ：NARS 水光绚色液体腮红 Secret Lover 7ml
商品名 ：【361°】户外登山旅行坐垫露营旅行装备人体工学护腰垫户外椅子凳子
品牌    ：纳斯 → 未匹配 | ❌
容量规格：{'7'} → set() | ❌
色号    ：set() → {'361'}
浓度    ： →  | ✅
简装    ： →  | ✅
套装    ：不含 → 不含 | ✅
清洗后  ：液体腮红secretlover → 户外登山旅行坐垫露营旅行装备人体工学护腰垫户外椅子凳子
品名匹配：LCS子序列(6.7%) | ❌
结果    ：❌ FAIL | 原因：品牌不一致；规格不匹配；品名相似不足(ratio=6.7%)
============================================================
🔧 校验失败原因为规格不匹配，尝试进入规格面板匹配...

[DEBUG][get_sku_price_auto] 开始匹配，搜索词: 'NARS 水光绚色液体腮红 Secret Lover 7ml'
[DEBUG][get_sku_identifiers] 提取标识: ['secret lover', 'secret', 'lover', '7ml']
[DEBUG][get_sku_price_auto] 当前已选规格不匹配，尝试点击规格...
[DEBUG][_click_sku_by_identifier] 尝试点击标识: 'secret lover'
[DEBUG][_click_sku_by_identifier] 尝试点击标识: 'secret'
[DEBUG][_click_sku_by_identifier] 尝试点击标识: 'lover'
[DEBUG][get_sku_price_auto] 所有标识尝试完毕，仍无价格
⚠️ 规格匹配未获取到有效价格，已记录为匹配失败，校验结果强制为不通过

================================================================================
货品名称：【361°】户外登山旅行坐垫露营旅行装备人体工学护腰垫户外椅子凳子
关键词：NARS 水光绚色液体腮红 Secret Lover 7ml
原价：66.0 | 现价：39.2
匹配规格：匹配失败 | 规格价格：
百亿补贴：是 | 日期：
校验通过：❌ False
================================================================================
⚠️ 优先级 4 全部未通过，尝试下一优先级
🔽 降级到全球购，返回顶部并重新识别（不自动下滑）

===== 优先级 1，共 3 个商品 =====
--- 进入商品 1/3 ---
============================================================
搜索词 ：NARS 水光绚色液体腮红 Secret Lover 7ml
商品名 ：NARS/纳斯水光绚色液体腮红 西柚奶桃色7ml 提升气色
品牌    ：纳斯 → 纳斯 | ✅
容量规格：{'7'} → {'7'} | ✅
色号    ：set() → set()
浓度    ： →  | ✅
简装    ： →  | ✅
套装    ：不含 → 不含 | ✅
清洗后  ：液体腮红secretlover → 液体腮红色提升气色
品名匹配：词袋(100.0%) | ✅
结果    ：✅ PASS | 原因：所有检查通过
============================================================

================================================================================
货品名称：NARS/纳斯水光绚色液体腮红 西柚奶桃色7ml 提升气色
关键词：NARS 水光绚色液体腮红 Secret Lover 7ml
原价：49.0 | 现价：49.0
百亿补贴：否 | 日期：
校验通过：✅ True
================================================================================
--- 进入商品 2/3 ---
============================================================
搜索词 ：NARS 水光绚色液体腮红 Secret Lover 7ml
商品名 ：Nars娜斯纳斯水光绚色液体腮红7ml愉悦红粉色/西柚奶桃/酒渍樱桃
品牌    ：纳斯 → 纳斯 | ✅
容量规格：{'7'} → {'7'} | ✅
色号    ：set() → {'粉色'}
浓度    ： →  | ✅
简装    ： →  | ✅
套装    ：不含 → 不含 | ✅
清洗后  ：液体腮红secretlover → 液体腮红愉悦红粉色酒渍樱桃
品名匹配：词袋(100.0%) | ✅
结果    ：✅ PASS | 原因：所有检查通过
============================================================

================================================================================
货品名称：Nars娜斯纳斯水光绚色液体腮红7ml愉悦红粉色/西柚奶桃/酒渍樱桃
关键词：NARS 水光绚色液体腮红 Secret Lover 7ml
原价：49.9 | 现价：49.9
百亿补贴：否 | 日期：
校验通过：✅ True
================================================================================
--- 进入商品 3/3 ---
============================================================
搜索词 ：NARS 水光绚色液体腮红 Secret Lover 7ml
商品名 ：【NARS】 水光绚色液体腮红 愉悦红粉色 7ml
品牌    ：纳斯 → 纳斯 | ✅
容量规格：{'7'} → {'7'} | ✅
色号    ：set() → {'粉色'}
浓度    ： →  | ✅
简装    ： →  | ✅
套装    ：不含 → 不含 | ✅
清洗后  ：液体腮红secretlover → 液体腮红愉悦红粉色
品名匹配：词袋(100.0%) | ✅
结果    ：✅ PASS | 原因：所有检查通过
============================================================

================================================================================
货品名称：【NARS】 水光绚色液体腮红 愉悦红粉色 7ml
关键词：NARS 水光绚色液体腮红 Secret Lover 7ml
原价：251.0 | 现价：181.0
百亿补贴：否 | 日期：
校验通过：✅ True
================================================================================
✅ 优先级 1 中已有商品通过校验，停止降级
📁 采集记录已保存，总行数：957
📋 校验记录已保存，总记录数：917
✅ 序号 431 已标记为已采集

⏸ 等待 1 秒后继续...
⏳ 等待下一个商品：[██████████████████████████████] 100% (1/1s)

🔍 搜索：NARS细管哑光唇膏1.5G #136 GET LUCKY 丝绒瑰木

===== 优先级 4，共 2 个商品 =====
--- 进入商品 1/2 ---
============================================================
搜索词 ：NARS细管哑光唇膏1.5G #136 GET LUCKY 丝绒瑰木
商品名 ：【NARS】娜斯口红102茶棕玫瑰1.5g 精致妆效丝绒哑光 低饱和显白【5天内发货】
品牌    ：纳斯 → 纳斯 | ✅
容量规格：{'136', '1.5'} → {'1.5'} | ❌
色号    ：{'136'} → {'102', '玫瑰'}
浓度    ： →  | ✅
简装    ： →  | ✅
套装    ：不含 → 不含 | ✅
清洗后  ：细管哑光唇膏lucky丝绒瑰木 → 口红茶棕精致妆效丝绒哑光低饱和显白
品名匹配：词袋(33.3%) | ✅
结果    ：❌ FAIL | 原因：规格不匹配
============================================================
🔧 标题包含多规格 (容量:{'1.5'}, 色号:{'102', '玫瑰'})，尝试进入规格面板匹配...

[DEBUG][get_sku_price_auto] 开始匹配，搜索词: 'NARS细管哑光唇膏1.5G #136 GET LUCKY 丝绒瑰木'
[DEBUG][get_sku_identifiers] 跳过小容量: 1.5g
[DEBUG][get_sku_identifiers] 提取标识: ['136', 'get lucky', 'get', 'lucky']
[DEBUG][get_sku_price_auto] 当前已选规格不匹配，尝试点击规格...
[DEBUG][_click_sku_by_identifier] 尝试点击标识: 'get lucky'
[DEBUG][_click_sku_by_identifier] 尝试点击标识: 'get'
[DEBUG][_click_sku_by_identifier] 尝试点击标识: 'lucky'
[DEBUG][_click_sku_by_identifier] 尝试点击标识: '136'
[DEBUG][get_sku_price_auto] 所有标识尝试完毕，仍无价格
⚠️ 规格匹配未获取到有效价格，已记录为匹配失败，校验结果强制为不通过

================================================================================
货品名称：【NARS】娜斯口红102茶棕玫瑰1.5g 精致妆效丝绒哑光 低饱和显白【5天内发货】
关键词：NARS细管哑光唇膏1.5G #136 GET LUCKY 丝绒瑰木
原价：48.0 | 现价：48.0
匹配规格：匹配失败 | 规格价格：
百亿补贴：否 | 日期：
校验通过：❌ False
================================================================================
--- 进入商品 2/2 ---
============================================================
搜索词 ：NARS细管哑光唇膏1.5G #136 GET LUCKY 丝绒瑰木
商品名 ：【361°】护腰矫正坐姿垫靠背一体家用久坐舒适不累人体工学美腰挺腰器
品牌    ：纳斯 → 未匹配 | ❌
容量规格：{'136', '1.5'} → set() | ❌
色号    ：{'136'} → {'361'}
浓度    ： →  | ✅
简装    ： →  | ✅
套装    ：不含 → 不含 | ✅
清洗后  ：细管哑光唇膏lucky丝绒瑰木 → 护腰矫正坐姿垫靠背一体家用久坐舒适不累人体工学美腰挺腰器
品名匹配：LCS子序列(0.0%) | ❌
结果    ：❌ FAIL | 原因：品牌不一致；规格不匹配；品名相似不足(ratio=0.0%)
============================================================
🔧 校验失败原因为规格不匹配，尝试进入规格面板匹配...

[DEBUG][get_sku_price_auto] 开始匹配，搜索词: 'NARS细管哑光唇膏1.5G #136 GET LUCKY 丝绒瑰木'
[DEBUG][get_sku_identifiers] 跳过小容量: 1.5g
[DEBUG][get_sku_identifiers] 提取标识: ['136', 'get lucky', 'get', 'lucky']
[DEBUG][get_sku_price_auto] 当前已选规格不匹配，尝试点击规格...
[DEBUG][_click_sku_by_identifier] 尝试点击标识: 'get lucky'
[DEBUG][_click_sku_by_identifier] 尝试点击标识: 'get'
[DEBUG][_click_sku_by_identifier] 尝试点击标识: 'lucky'
[DEBUG][_click_sku_by_identifier] 尝试点击标识: '136'
[DEBUG][get_sku_price_auto] 所有标识尝试完毕，仍无价格
⚠️ 规格匹配未获取到有效价格，已记录为匹配失败，校验结果强制为不通过

================================================================================
货品名称：【361°】护腰矫正坐姿垫靠背一体家用久坐舒适不累人体工学美腰挺腰器
关键词：NARS细管哑光唇膏1.5G #136 GET LUCKY 丝绒瑰木
原价：34.8 | 现价：34.8
匹配规格：匹配失败 | 规格价格：
百亿补贴：是 | 日期：
校验通过：❌ False
================================================================================
⚠️ 优先级 4 全部未通过，尝试下一优先级
🔽 降级到全球购，返回顶部并重新识别（不自动下滑）

===== 优先级 1，共 3 个商品 =====
--- 进入商品 1/3 ---
============================================================
搜索词 ：NARS细管哑光唇膏1.5G #136 GET LUCKY 丝绒瑰木
商品名 ：【NARS】娜斯口红102茶棕玫瑰1.5g 精致妆效丝绒哑光 低饱和显白【5天内发货】
品牌    ：纳斯 → 纳斯 | ✅
容量规格：{'136', '1.5'} → {'1.5'} | ❌
色号    ：{'136'} → {'102', '玫瑰'}
浓度    ： →  | ✅
简装    ： →  | ✅
套装    ：不含 → 不含 | ✅
清洗后  ：细管哑光唇膏lucky丝绒瑰木 → 口红茶棕精致妆效丝绒哑光低饱和显白
品名匹配：词袋(33.3%) | ✅
结果    ：❌ FAIL | 原因：规格不匹配
============================================================
🔧 标题包含多规格 (容量:{'1.5'}, 色号:{'102', '玫瑰'})，尝试进入规格面板匹配...

[DEBUG][get_sku_price_auto] 开始匹配，搜索词: 'NARS细管哑光唇膏1.5G #136 GET LUCKY 丝绒瑰木'
[DEBUG][get_sku_identifiers] 跳过小容量: 1.5g
[DEBUG][get_sku_identifiers] 提取标识: ['136', 'get lucky', 'get', 'lucky']
[DEBUG][get_sku_price_auto] 当前已选规格不匹配，尝试点击规格...
[DEBUG][_click_sku_by_identifier] 尝试点击标识: 'get lucky'
[DEBUG][_click_sku_by_identifier] 尝试点击标识: 'get'
[DEBUG][_click_sku_by_identifier] 尝试点击标识: 'lucky'
[DEBUG][_click_sku_by_identifier] 尝试点击标识: '136'
[DEBUG][get_sku_price_auto] 所有标识尝试完毕，仍无价格
⚠️ 规格匹配未获取到有效价格，已记录为匹配失败，校验结果强制为不通过

================================================================================
货品名称：【NARS】娜斯口红102茶棕玫瑰1.5g 精致妆效丝绒哑光 低饱和显白【5天内发货】
关键词：NARS细管哑光唇膏1.5G #136 GET LUCKY 丝绒瑰木
原价：48.0 | 现价：48.0
匹配规格：匹配失败 | 规格价格：
百亿补贴：否 | 日期：
校验通过：❌ False
================================================================================
--- 进入商品 2/3 ---
============================================================
搜索词 ：NARS细管哑光唇膏1.5G #136 GET LUCKY 丝绒瑰木
商品名 ：NARS/娜斯磨砂红细管口红#136丝绒瑰木哑光显白【5天内发货】
品牌    ：纳斯 → 纳斯 | ✅
容量规格：{'136', '1.5'} → set() | ✅
色号    ：{'136'} → {'136'}
浓度    ： →  | ✅
简装    ： →  | ✅
套装    ：不含 → 不含 | ✅
清洗后  ：细管哑光唇膏lucky丝绒瑰木 → 磨砂红细管口红丝绒瑰木哑光显白
品名匹配：词袋(66.7%) | ✅
结果    ：✅ PASS | 原因：所有检查通过
============================================================

================================================================================
货品名称：NARS/娜斯磨砂红细管口红#136丝绒瑰木哑光显白【5天内发货】
关键词：NARS细管哑光唇膏1.5G #136 GET LUCKY 丝绒瑰木
原价：158.0 | 现价：158.0
百亿补贴：否 | 日期：
校验通过：✅ True
================================================================================
--- 进入商品 3/3 ---
============================================================
搜索词 ：NARS细管哑光唇膏1.5G #136 GET LUCKY 丝绒瑰木
商品名 ：【NARS】娜斯细管哑光口红唇膏水雾唇釉#136丝绒瑰木
品牌    ：纳斯 → 纳斯 | ✅
容量规格：{'136', '1.5'} → set() | ✅
色号    ：{'136'} → {'136'}
浓度    ： →  | ✅
简装    ： →  | ✅
套装    ：不含 → 不含 | ✅
清洗后  ：细管哑光唇膏lucky丝绒瑰木 → 细管哑光口红唇膏水雾唇釉丝绒瑰木
品名匹配：词袋(77.8%) | ✅
结果    ：✅ PASS | 原因：所有检查通过
============================================================

================================================================================
货品名称：【NARS】娜斯细管哑光口红唇膏水雾唇釉#136丝绒瑰木
关键词：NARS细管哑光唇膏1.5G #136 GET LUCKY 丝绒瑰木
原价：28.5 | 现价：28.5
百亿补贴：否 | 日期：
校验通过：✅ True
================================================================================
✅ 优先级 1 中已有商品通过校验，停止降级
📁 采集记录已保存，总行数：965
📋 校验记录已保存，总记录数：922
✅ 序号 432 已标记为已采集

⏸ 等待 1 秒后继续...
⏳ 等待下一个商品：[██████████████████████████████] 100% (1/1s)

🔍 搜索：资生堂 小针管眼霜（新款）20mL

===== 优先级 4，共 3 个商品 =====
--- 进入商品 1/3 ---
============================================================
搜索词 ：资生堂 小针管眼霜（新款）20mL
商品名 ：【正品行货】资生堂悦薇智感视黄醇抗皱霜20ml小针管眼霜
品牌    ：资生堂 → 资生堂 | ✅
容量规格：{'20'} → {'20'} | ✅
色号    ：set() → set()
浓度    ： →  | ✅
简装    ： →  | ✅
套装    ：不含 → 不含 | ✅
清洗后  ：小针管眼霜 → 悦薇智感视黄醇抗皱霜小针管眼霜
品名匹配：词袋(100.0%) | ✅
结果    ：✅ PASS | 原因：所有检查通过
============================================================

================================================================================
货品名称：【正品行货】资生堂悦薇智感视黄醇抗皱霜20ml小针管眼霜
关键词：资生堂 小针管眼霜（新款）20mL
原价：330.0 | 现价：195.0
百亿补贴：是 | 日期：2025-01-01
校验通过：✅ True
================================================================================
--- 进入商品 2/3 ---
============================================================
搜索词 ：资生堂 小针管眼霜（新款）20mL
商品名 ：【5.08万人评价品牌正品】Shiseido/资生堂悦薇智感小针管眼霜20ml淡化黑眼圈智感纯A醇抗皱
品牌    ：资生堂 → 资生堂 | ✅
容量规格：{'20'} → {'20'} | ✅
色号    ：set() → set()
浓度    ： →  | ✅
简装    ： →  | ✅
套装    ：不含 → 不含 | ✅
清洗后  ：小针管眼霜 → 悦薇智感小针管眼霜淡化黑眼圈智感纯a醇抗皱
品名匹配：词袋(100.0%) | ✅
结果    ：✅ PASS | 原因：所有检查通过
============================================================

================================================================================
货品名称：【5.08万人评价品牌正品】Shiseido/资生堂悦薇智感小针管眼霜20ml淡化黑眼圈智感纯A醇抗皱
关键词：资生堂 小针管眼霜（新款）20mL
原价：299.0 | 现价：299.0
百亿补贴：是 | 日期：2025-12-15
校验通过：✅ True
================================================================================
--- 进入商品 3/3 ---
============================================================
搜索词 ：资生堂 小针管眼霜（新款）20mL
商品名 ：【资生堂】悦薇智感视黄醇抗皱霜20ml小针管眼霜霜A黑眼圈新版【5天内发货】
品牌    ：资生堂 → 资生堂 | ✅
容量规格：{'20'} → {'20'} | ✅
色号    ：set() → set()
浓度    ： →  | ✅
简装    ： →  | ✅
套装    ：不含 → 不含 | ✅
清洗后  ：小针管眼霜 → 悦薇智感视黄醇抗皱霜小针管眼霜霜a黑眼圈新
品名匹配：词袋(100.0%) | ✅
结果    ：✅ PASS | 原因：所有检查通过
============================================================

================================================================================
货品名称：【资生堂】悦薇智感视黄醇抗皱霜20ml小针管眼霜霜A黑眼圈新版【5天内发货】
关键词：资生堂 小针管眼霜（新款）20mL
原价：442.0 | 现价：235.0
百亿补贴：否 | 日期：
校验通过：✅ True
================================================================================
✅ 优先级 4 中已有商品通过校验，停止降级
📁 采集记录已保存，总行数：972
📋 校验记录已保存，总记录数：925
✅ 序号 433 已标记为已采集

⏸ 等待 1 秒后继续...
⏳ 等待下一个商品：[██████████████████████████████] 100% (1/1s)

🔍 搜索：资生堂 蓝胖子防晒乳霜（新款）50mL

===== 优先级 4，共 4 个商品 =====
--- 进入商品 1/4 ---
============================================================
搜索词 ：资生堂 蓝胖子防晒乳霜（新款）50mL
商品名 ：【正品行货】资生堂新艳阳夏臻效水动力防护乳液50ml蓝胖子防晒霜
品牌    ：资生堂 → 资生堂 | ✅
容量规格：{'50'} → {'50'} | ✅
色号    ：set() → set()
浓度    ： →  | ✅
简装    ： →  | ✅
套装    ：不含 → 不含 | ✅
清洗后  ：蓝胖子防晒乳霜 → 新艳阳夏臻效水动力防护乳液蓝胖子防晒霜
品名匹配：词袋(71.4%) | ✅
结果    ：✅ PASS | 原因：所有检查通过
============================================================

================================================================================
货品名称：【正品行货】资生堂新艳阳夏臻效水动力防护乳液50ml蓝胖子防晒霜
关键词：资生堂 蓝胖子防晒乳霜（新款）50mL
原价：159.0 | 现价：93.0
百亿补贴：是 | 日期：2025-08-01
校验通过：✅ True
================================================================================
--- 进入商品 2/4 ---
============================================================
搜索词 ：资生堂 蓝胖子防晒乳霜（新款）50mL
商品名 ：【正品行货】资生堂蓝胖子高倍防晒霜SPF50+户外水润清爽护肤品
品牌    ：资生堂 → 资生堂 | ✅
容量规格：{'50'} → set() | ❌
色号    ：set() → set()
浓度    ： →  | ✅
简装    ： →  | ✅
套装    ：不含 → 不含 | ✅
清洗后  ：蓝胖子防晒乳霜 → 蓝胖子高倍防晒霜spf户外水润护肤品
品名匹配：词袋(57.1%) | ✅
结果    ：❌ FAIL | 原因：规格不匹配
============================================================
🔧 校验失败原因为规格不匹配，尝试进入规格面板匹配...

[DEBUG][get_sku_price_auto] 开始匹配，搜索词: '资生堂 蓝胖子防晒乳霜（新款）50mL'
[DEBUG][get_sku_identifiers] 提取标识: ['50ml']
[DEBUG][get_sku_price_auto] 当前已选规格匹配，价格: 90.2
✅ 规格匹配成功，且品名已匹配，校验通过

================================================================================
货品名称：【正品行货】资生堂蓝胖子高倍防晒霜SPF50+户外水润清爽护肤品
关键词：资生堂 蓝胖子防晒乳霜（新款）50mL
原价：90.0 | 现价：90.2
匹配规格：已选: 资生堂蓝胖子防晒50ml | 规格价格：90.2
百亿补贴：是 | 日期：2026-02-01
校验通过：✅ True
================================================================================
--- 进入商品 3/4 ---
============================================================
搜索词 ：资生堂 蓝胖子防晒乳霜（新款）50mL
商品名 ：【正品行货】资生堂蓝胖子高倍防晒霜SPF50+户外水润清爽护肤
品牌    ：资生堂 → 资生堂 | ✅
容量规格：{'50'} → set() | ❌
色号    ：set() → set()
浓度    ： →  | ✅
简装    ： →  | ✅
套装    ：不含 → 不含 | ✅
清洗后  ：蓝胖子防晒乳霜 → 蓝胖子高倍防晒霜spf户外水润护肤
品名匹配：词袋(57.1%) | ✅
结果    ：❌ FAIL | 原因：规格不匹配
============================================================
🔧 校验失败原因为规格不匹配，尝试进入规格面板匹配...

[DEBUG][get_sku_price_auto] 开始匹配，搜索词: '资生堂 蓝胖子防晒乳霜（新款）50mL'
[DEBUG][get_sku_identifiers] 提取标识: ['50ml']
[DEBUG][get_sku_price_auto] 当前已选规格匹配，价格: 93
✅ 规格匹配成功，且品名已匹配，校验通过

================================================================================
货品名称：【正品行货】资生堂蓝胖子高倍防晒霜SPF50+户外水润清爽护肤
关键词：资生堂 蓝胖子防晒乳霜（新款）50mL
原价：103.0 | 现价：93
匹配规格：已选: 资生堂蓝胖子防晒霜50ml | 规格价格：93
百亿补贴：是 | 日期：2026-02-01
校验通过：✅ True
================================================================================
--- 进入商品 4/4 ---
============================================================
搜索词 ：资生堂 蓝胖子防晒乳霜（新款）50mL
商品名 ：【正品行货】资生堂蓝胖子高倍防晒霜50ml*2户外水润清爽护肤品
品牌    ：资生堂 → 资生堂 | ✅
容量规格：{'50'} → {'2', '50'} | ✅
色号    ：set() → set()
浓度    ： →  | ✅
简装    ： →  | ✅
套装    ：不含 → 不含 | ✅
清洗后  ：蓝胖子防晒乳霜 → 蓝胖子高倍防晒霜户外水润护肤品
品名匹配：词袋(57.1%) | ✅
结果    ：✅ PASS | 原因：所有检查通过
============================================================
🔧 标题包含多规格 (容量:{'2', '50'}, 色号:set())，尝试进入规格面板匹配...

[DEBUG][get_sku_price_auto] 开始匹配，搜索词: '资生堂 蓝胖子防晒乳霜（新款）50mL'
[DEBUG][get_sku_identifiers] 提取标识: ['50ml']
[DEBUG][get_sku_price_auto] 当前已选规格匹配，价格: 182
✅ 规格匹配成功，且品名已匹配，校验通过

================================================================================
货品名称：【正品行货】资生堂蓝胖子高倍防晒霜50ml*2户外水润清爽护肤品
关键词：资生堂 蓝胖子防晒乳霜（新款）50mL
原价：289.0 | 现价：182
匹配规格：已选: 资生堂蓝胖子防晒50ml*2 | 规格价格：182
百亿补贴：是 | 日期：2026-02-01
校验通过：✅ True
================================================================================
✅ 优先级 4 中已有商品通过校验，停止降级
📁 采集记录已保存，总行数：979
📋 校验记录已保存，总记录数：929
✅ 序号 434 已标记为已采集

⏸ 等待 1 秒后继续...
⏳ 等待下一个商品：[██████████████████████████████] 100% (1/1s)

🔍 搜索：欧舒丹乳木果护手霜150ml

===== 优先级 2，共 1 个商品 =====
--- 进入商品 1/1 ---
============================================================
搜索词 ：欧舒丹乳木果护手霜150ml
商品名 ：【全球购正品】欧舒丹乳木果经典润手霜三支装 150ml*3
品牌    ：欧舒丹 → 欧舒丹 | ✅
容量规格：{'150'} → {'3', '150'} | ✅
色号    ：set() → set()
浓度    ： →  | ✅
简装    ： →  | ✅
套装    ：不含 → 不含 | ✅
清洗后  ：乳木果护手霜 → 乳木果经典润手霜
品名匹配：词袋(60.0%) | ✅
结果    ：✅ PASS | 原因：所有检查通过
============================================================
🔧 标题包含多规格 (容量:{'3', '150'}, 色号:set())，尝试进入规格面板匹配...

[DEBUG][get_sku_price_auto] 开始匹配，搜索词: '欧舒丹乳木果护手霜150ml'
[DEBUG][get_sku_identifiers] 提取标识: ['150ml']
[DEBUG][get_sku_price_auto] 当前已选规格匹配，价格: 399
✅ 规格匹配成功，且品名已匹配，校验通过

================================================================================
货品名称：【全球购正品】欧舒丹乳木果经典润手霜三支装 150ml*3
关键词：欧舒丹乳木果护手霜150ml
原价：399.0 | 现价：399
匹配规格：已选: 手霜三支装 150ml*3 | 规格价格：399
百亿补贴：否 | 日期：2025-01-01
校验通过：✅ True
================================================================================
✅ 优先级 2 中已有商品通过校验，停止降级
📁 采集记录已保存，总行数：984
📋 校验记录已保存，总记录数：930
✅ 序号 435 已标记为已采集

⏸ 等待 1 秒后继续...
⏳ 等待下一个商品：[██████████████████████████████] 100% (1/1s)

🔍 搜索：资生堂盼丽风姿滋润面霜50ml新

===== 优先级 4，共 1 个商品 =====
--- 进入商品 1/1 ---
============================================================
搜索词 ：资生堂盼丽风姿滋润面霜50ml新
商品名 ：【5.08万人评价品牌正品】SHISEIDO/资生堂盼丽风姿「小雷达」抚痕乳霜50ml(滋润)
品牌    ：资生堂 → 资生堂 | ✅
容量规格：{'50'} → {'50'} | ✅
色号    ：set() → set()
浓度    ： →  | ✅
简装    ： →  | ✅
套装    ：不含 → 不含 | ✅
清洗后  ：盼丽风姿面霜新 → 盼丽风姿小雷达抚痕乳霜
品名匹配：词袋(50.0%) | ✅
结果    ：✅ PASS | 原因：所有检查通过
============================================================

================================================================================
货品名称：【5.08万人评价品牌正品】SHISEIDO/资生堂盼丽风姿「小雷达」抚痕乳霜50ml(滋润)
关键词：资生堂盼丽风姿滋润面霜50ml新
原价：333.0 | 现价：333.0
百亿补贴：是 | 日期：2025-12-08
校验通过：✅ True
================================================================================
✅ 优先级 4 中已有商品通过校验，停止降级
📁 采集记录已保存，总行数：986
📋 校验记录已保存，总记录数：931
✅ 序号 436 已标记为已采集

⏸ 等待 1 秒后继续...
⏳ 等待下一个商品：[██████████████████████████████] 100% (1/1s)

🔍 搜索：资生堂红腰子面霜50ml新

===== 优先级 2，共 1 个商品 =====
--- 进入商品 1/1 ---
============================================================
搜索词 ：资生堂红腰子面霜50ml新
商品名 ：【品牌好评349.6万+条】Shiseido/资生堂 红腰子面霜 50ml补水保湿
品牌    ：资生堂 → 资生堂 | ✅
容量规格：{'50'} → {'50'} | ✅
色号    ：set() → set()
浓度    ： →  | ✅
简装    ： →  | ✅
套装    ：不含 → 不含 | ✅
清洗后  ：红腰子面霜新 → 红腰子面霜补水
品名匹配：词袋(80.0%) | ✅
结果    ：✅ PASS | 原因：所有检查通过
============================================================

================================================================================
货品名称：【品牌好评349.6万+条】Shiseido/资生堂 红腰子面霜 50ml补水保湿
关键词：资生堂红腰子面霜50ml新
原价：259.0 | 现价：259.0
百亿补贴：否 | 日期：2025-10-01
校验通过：✅ True
================================================================================
✅ 优先级 2 中已有商品通过校验，停止降级
📁 采集记录已保存，总行数：988
📋 校验记录已保存，总记录数：932
✅ 序号 437 已标记为已采集

⏸ 等待 1 秒后继续...
⏳ 等待下一个商品：[██████████████████████████████] 100% (1/1s)

🔍 搜索：Helena Rubinstein 赫莲娜 黑绷带活颜修护晚霜100ml（50%玻色因）

===== 优先级 4，共 3 个商品 =====
--- 进入商品 1/3 ---
============================================================
搜索词 ：Helena Rubinstein 赫莲娜 黑绷带活颜修护晚霜100ml（50%玻色因）
商品名 ：【HR】赫莲娜活颜至浓修护晚霜50PX 100ml 黑绷带面霜50%高浓度玻色因
品牌    ：赫莲娜 → 赫莲娜 | ✅
容量规格：{'100'} → {'100'} | ✅
色号    ：{'50'} → {'50'}
浓度    ： →  | ✅
简装    ： →  | ✅
套装    ：不含 → 不含 | ✅
清洗后  ：黑绷带活颜晚霜玻色因 → 活颜至浓晚霜px黑绷带面霜高浓度玻色因
品名匹配：词袋(66.7%) | ✅
结果    ：✅ PASS | 原因：所有检查通过
============================================================

================================================================================
货品名称：【HR】赫莲娜活颜至浓修护晚霜50PX 100ml 黑绷带面霜50%高浓度玻色因
关键词：Helena Rubinstein 赫莲娜 黑绷带活颜修护晚霜100ml（50%玻色因）
原价：3599.0 | 现价：2523.0
百亿补贴：是 | 日期：2026-01-01
校验通过：✅ True
================================================================================
--- 进入商品 2/3 ---
============================================================
搜索词 ：Helena Rubinstein 赫莲娜 黑绷带活颜修护晚霜100ml（50%玻色因）
商品名 ：【HR】赫莲娜活颜至浓修护晚霜50PX 100ml 黑绷带面霜50%高浓度玻色因
品牌    ：赫莲娜 → 赫莲娜 | ✅
容量规格：{'100'} → {'100'} | ✅
色号    ：{'50'} → {'50'}
浓度    ： →  | ✅
简装    ： →  | ✅
套装    ：不含 → 不含 | ✅
清洗后  ：黑绷带活颜晚霜玻色因 → 活颜至浓晚霜px黑绷带面霜高浓度玻色因
品名匹配：词袋(66.7%) | ✅
结果    ：✅ PASS | 原因：所有检查通过
============================================================

================================================================================
货品名称：【HR】赫莲娜活颜至浓修护晚霜50PX 100ml 黑绷带面霜50%高浓度玻色因
关键词：Helena Rubinstein 赫莲娜 黑绷带活颜修护晚霜100ml（50%玻色因）
原价：3599.0 | 现价：2523.0
百亿补贴：是 | 日期：2026-01-01
校验通过：✅ True
================================================================================
--- 进入商品 3/3 ---
============================================================
搜索词 ：Helena Rubinstein 赫莲娜 黑绷带活颜修护晚霜100ml（50%玻色因）
商品名 ：【13.2万人回购该品牌】Helena Rubinstein 赫莲娜黑绷带活颜修护晚霜100ml(50%玻色因)
品牌    ：赫莲娜 → 赫莲娜 | ✅
容量规格：{'100'} → {'100'} | ✅
色号    ：{'50'} → {'50', '13'}
浓度    ： →  | ✅
简装    ： →  | ✅
套装    ：不含 → 不含 | ✅
清洗后  ：黑绷带活颜晚霜玻色因 → 黑绷带活颜晚霜
品名匹配：词袋(66.7%) | ✅
结果    ：✅ PASS | 原因：所有检查通过
============================================================
🔧 标题包含多规格 (容量:{'100'}, 色号:{'50', '13'})，尝试进入规格面板匹配...

[DEBUG][get_sku_price_auto] 开始匹配，搜索词: 'Helena Rubinstein 赫莲娜 黑绷带活颜修护晚霜100ml（50%玻色因）'
[DEBUG][get_sku_identifiers] 提取标识: ['50', '100ml']
[DEBUG][get_sku_price_auto] 当前已选规格匹配，价格: 3158
✅ 规格匹配成功，且品名已匹配，校验通过

================================================================================
货品名称：【13.2万人回购该品牌】Helena Rubinstein 赫莲娜黑绷带活颜修护晚霜100ml(50%玻色因)
关键词：Helena Rubinstein 赫莲娜 黑绷带活颜修护晚霜100ml（50%玻色因）
原价：4999.0 | 现价：3158
匹配规格：已选: 100mL 黑绷带50PX面霜 | 规格价格：3158
百亿补贴：是 | 日期：2025-06-30
校验通过：✅ True
================================================================================
✅ 优先级 4 中已有商品通过校验，停止降级
📁 采集记录已保存，总行数：991
📋 校验记录已保存，总记录数：935
✅ 序号 438 已标记为已采集

⏸ 等待 1 秒后继续...
⏳ 等待下一个商品：[██████████████████████████████] 100% (1/1s)
🎉 全部采集完成！
