📋 日志已保存至：logs/console_20260915_141803.log
🚀 启动采集 + 品牌规格品名四重校验
✅ 总商品数：643 | 待采集：197

🔍 搜索：大卫杜夫 冷水男士香水 75ml EDP 加强版

===== 优先级 4，共 1 个商品 =====
--- 进入商品 1/1 ---
============================================================
搜索词 ：大卫杜夫 冷水男士香水 75ml EDP 加强版
商品名 ：【Davidoff】大卫杜夫冷水男士淡香水清新海洋送人礼物125ml
品牌    ：大卫杜夫 → 大卫杜夫 | ✅
容量规格：{'75'} → {'125'} | ❌
色号    ：set() → set()
浓度    ：浓香 → 淡香 | ❌
简装    ： →  | ✅
套装    ：不含 → 不含 | ✅
清洗后  ：冷水男士加强 → 冷水男士水海洋送人礼物
品名匹配：词袋(60.0%) | ✅
结果    ：❌ FAIL | 原因：规格不匹配；浓度不匹配
============================================================
🔧 校验失败原因为规格不匹配，尝试进入规格面板匹配...

[DEBUG][get_sku_price_auto] 开始匹配，搜索词: '大卫杜夫 冷水男士香水 75ml EDP 加强版'
[DEBUG][get_sku_identifiers] 提取标识: ['75ml']
[DEBUG][get_sku_price_auto] 当前已选规格不匹配，尝试点击规格...
[DEBUG][get_sku_price_auto] 所有标识尝试完毕，仍无价格
⚠️ 规格匹配未获取到有效价格，已记录为匹配失败，校验结果强制为不通过

================================================================================
货品名称：【Davidoff】大卫杜夫冷水男士淡香水清新海洋送人礼物125ml
关键词：大卫杜夫 冷水男士香水 75ml EDP 加强版
原价：110.0 | 现价：110.0
匹配规格：匹配失败 | 规格价格：
百亿补贴：是 | 日期：2025-03-01
校验通过：❌ False
================================================================================
⚠️ 优先级 4 全部未通过，尝试下一优先级

===== 优先级 2，共 1 个商品 =====
--- 进入商品 1/1 ---
============================================================
搜索词 ：大卫杜夫 冷水男士香水 75ml EDP 加强版
商品名 ：【大卫杜夫】冷水男士香水海洋调男士淡香水男生节日礼物75ml
品牌    ：大卫杜夫 → 大卫杜夫 | ✅
容量规格：{'75'} → {'75'} | ✅
色号    ：set() → set()
浓度    ：浓香 → 淡香 | ❌
简装    ： →  | ✅
套装    ：不含 → 不含 | ✅
清洗后  ：冷水男士加强 → 冷水男士海洋调男士水男生节日礼物
品名匹配：词袋(60.0%) | ✅
结果    ：❌ FAIL | 原因：浓度不匹配
============================================================
🔧 校验失败原因为规格不匹配，尝试进入规格面板匹配...

[DEBUG][get_sku_price_auto] 开始匹配，搜索词: '大卫杜夫 冷水男士香水 75ml EDP 加强版'
[DEBUG][get_sku_identifiers] 提取标识: ['75ml']
[DEBUG][get_sku_price_auto] 当前已选规格匹配，价格: 139
⚠️ 规格匹配成功但浓度不匹配，仍标记通过，原因已记录
✅ 规格匹配成功，且品名已匹配，校验通过

================================================================================
货品名称：【大卫杜夫】冷水男士香水海洋调男士淡香水男生节日礼物75ml
关键词：大卫杜夫 冷水男士香水 75ml EDP 加强版
原价：139.0 | 现价：139
匹配规格：已选: 男士淡香水EDT 75ML*1 | 规格价格：139
百亿补贴：否 | 日期：2022-05-20
校验通过：✅ True
================================================================================
✅ 优先级 2 中已有商品通过校验，停止降级
📁 采集记录已保存，总行数：510
📋 校验记录已保存，总记录数：520
✅ 序号 242 已标记为已采集

⏸ 等待 1 秒后继续...
⏳ 等待下一个商品：[██████████████████████████████] 100% (1/1s)

🔍 搜索：古驰 竹韵女士香水浓香型50ml

===== 优先级 4，共 1 个商品 =====
--- 进入商品 1/1 ---
============================================================
搜索词 ：古驰 竹韵女士香水浓香型50ml
商品名 ：【GUCCI】古驰竹韵女士EDP50ml木质花香调浓香持久留香送人礼物
品牌    ：古驰 → 古驰 | ✅
容量规格：{'50'} → {'50'} | ✅
色号    ：set() → set()
浓度    ：浓香 → 浓香 | ✅
简装    ： →  | ✅
套装    ：不含 → 不含 | ✅
清洗后  ：竹韵女士 → 竹韵女士木质送人礼物
品名匹配：词袋(100.0%) | ✅
结果    ：✅ PASS | 原因：所有检查通过
============================================================

================================================================================
货品名称：【GUCCI】古驰竹韵女士EDP50ml木质花香调浓香持久留香送人礼物
关键词：古驰 竹韵女士香水浓香型50ml
原价：280.0 | 现价：280.0
百亿补贴：是 | 日期：2024-07-01
校验通过：✅ True
================================================================================
✅ 优先级 4 中已有商品通过校验，停止降级
📁 采集记录已保存，总行数：513
📋 校验记录已保存，总记录数：521
✅ 序号 243 已标记为已采集

⏸ 等待 1 秒后继续...
⏳ 等待下一个商品：[██████████████████████████████] 100% (1/1s)

🔍 搜索：娇韵诗 双萃眼霜 20ml

===== 优先级 4，共 4 个商品 =====
--- 进入商品 1/4 ---
============================================================
搜索词 ：娇韵诗 双萃眼霜 20ml
商品名 ：【品牌好评128.1万+条】CLARINS/娇韵诗眼霜双萃焕活眼部精华眼霜20ml 提拉紧致【5天内发货】
品牌    ：娇韵诗 → 娇韵诗 | ✅
容量规格：{'20'} → {'20'} | ✅
色号    ：set() → set()
浓度    ： →  | ✅
简装    ： →  | ✅
套装    ：不含 → 不含 | ✅
清洗后  ：双萃眼霜 → 眼霜双萃焕活眼部眼霜提拉紧致
品名匹配：词袋(66.7%) | ✅
结果    ：✅ PASS | 原因：所有检查通过
============================================================

================================================================================
货品名称：【品牌好评128.1万+条】CLARINS/娇韵诗眼霜双萃焕活眼部精华眼霜20ml 提拉紧致【5天内发货】
关键词：娇韵诗 双萃眼霜 20ml
原价：359.0 | 现价：359.0
百亿补贴：是 | 日期：2025-08-21
校验通过：✅ True
================================================================================
--- 进入商品 2/4 ---
============================================================
搜索词 ：娇韵诗 双萃眼霜 20ml
商品名 ：【正品行货】Clarins/娇韵诗双萃眼精华眼霜20ml*2焕亮紧致提拉
品牌    ：娇韵诗 → 娇韵诗 | ✅
容量规格：{'20'} → {'20', '2'} | ✅
色号    ：set() → set()
浓度    ： →  | ✅
简装    ： →  | ✅
套装    ：不含 → 不含 | ✅
清洗后  ：双萃眼霜 → 双萃眼眼霜紧致提拉
品名匹配：词袋(100.0%) | ✅
结果    ：✅ PASS | 原因：所有检查通过
============================================================
🔧 标题包含多规格 (容量:{'20', '2'}, 色号:set())，尝试进入规格面板匹配...

[DEBUG][get_sku_price_auto] 开始匹配，搜索词: '娇韵诗 双萃眼霜 20ml'
[DEBUG][get_sku_identifiers] 提取标识: ['20ml']
[DEBUG][get_sku_price_auto] 当前已选规格匹配，价格: 465
✅ 规格匹配成功，且品名已匹配，校验通过

================================================================================
货品名称：【正品行货】Clarins/娇韵诗双萃眼精华眼霜20ml*2焕亮紧致提拉
关键词：娇韵诗 双萃眼霜 20ml
原价：465.0 | 现价：465
匹配规格：已选: 40mL （20ml/瓶*2） | 规格价格：465
百亿补贴：是 | 日期：2025-05-01
校验通过：✅ True
================================================================================
--- 进入商品 3/4 ---
============================================================
搜索词 ：娇韵诗 双萃眼霜 20ml
商品名 ：【原装正品】Clarins娇韵诗双萃焕活眼部精华眼霜焕亮紧致20ML【5天内发货】
品牌    ：娇韵诗 → 娇韵诗 | ✅
容量规格：{'20'} → {'20'} | ✅
色号    ：set() → set()
浓度    ： →  | ✅
简装    ： →  | ✅
套装    ：不含 → 不含 | ✅
清洗后  ：双萃眼霜 → 双萃焕活眼部眼霜紧致
品名匹配：词袋(66.7%) | ✅
结果    ：✅ PASS | 原因：所有检查通过
============================================================

================================================================================
货品名称：【原装正品】Clarins娇韵诗双萃焕活眼部精华眼霜焕亮紧致20ML【5天内发货】
关键词：娇韵诗 双萃眼霜 20ml
原价：223.6 | 现价：203.6
百亿补贴：否 | 日期：2025-01-01
校验通过：✅ True
================================================================================
--- 进入商品 4/4 ---
============================================================
搜索词 ：娇韵诗 双萃眼霜 20ml
商品名 ：【20.4万人回购该品牌】CLARINS/娇韵诗双萃眼霜2026年新款20ml焕亮紧致
品牌    ：娇韵诗 → 娇韵诗 | ✅
容量规格：{'20'} → {'20'} | ✅
色号    ：set() → set()
浓度    ： →  | ✅
简装    ： →  | ✅
套装    ：不含 → 不含 | ✅
清洗后  ：双萃眼霜 → 双萃眼霜新紧致
品名匹配：词袋(100.0%) | ✅
结果    ：✅ PASS | 原因：所有检查通过
============================================================

================================================================================
货品名称：【20.4万人回购该品牌】CLARINS/娇韵诗双萃眼霜2026年新款20ml焕亮紧致
关键词：娇韵诗 双萃眼霜 20ml
原价：369.0 | 现价：369.0
百亿补贴：是 | 日期：2026-01-01
校验通过：✅ True
================================================================================
✅ 优先级 4 中已有商品通过校验，停止降级
📁 采集记录已保存，总行数：518
📋 校验记录已保存，总记录数：525
✅ 序号 244 已标记为已采集

⏸ 等待 1 秒后继续...
⏳ 等待下一个商品：[██████████████████████████████] 100% (1/1s)

🔍 搜索：娇韵诗 双萃新版第9代 75ml

===== 优先级 4，共 1 个商品 =====
--- 进入商品 1/1 ---
============================================================
搜索词 ：娇韵诗 双萃新版第9代 75ml
商品名 ：【娇韵诗】第九代黄金双萃精华75ml滋润修护保湿补水抗氧精华液
品牌    ：娇韵诗 → 娇韵诗 | ✅
容量规格：{'75'} → {'75'} | ✅
色号    ：set() → set()
浓度    ： →  | ✅
简装    ： →  | ✅
套装    ：不含 → 不含 | ✅
清洗后  ：双萃新第9代 → 第九代黄金双萃补水抗氧液
品名匹配：LCS子序列(33.3%) | ✅
结果    ：✅ PASS | 原因：所有检查通过
============================================================

================================================================================
货品名称：【娇韵诗】第九代黄金双萃精华75ml滋润修护保湿补水抗氧精华液
关键词：娇韵诗 双萃新版第9代 75ml
原价：705.0 | 现价：705.0
百亿补贴：是 | 日期：2024-10-01
校验通过：✅ True
================================================================================
⚠️ 检测到优惠券弹窗，再次返回
✅ 优先级 4 中已有商品通过校验，停止降级
📁 采集记录已保存，总行数：523
📋 校验记录已保存，总记录数：526
✅ 序号 245 已标记为已采集

⏸ 等待 1 秒后继续...
⏳ 等待下一个商品：[██████████████████████████████] 100% (1/1s)

🔍 搜索：娇韵诗 棉花籽洁面 125ml 新版

===== 优先级 2，共 1 个商品 =====
--- 进入商品 1/1 ---
============================================================
搜索词 ：娇韵诗 棉花籽洁面 125ml 新版
商品名 ：【娇韵诗】棉花籽洁面乳125ml清爽清洁洗面奶
品牌    ：娇韵诗 → 娇韵诗 | ✅
容量规格：{'125'} → {'125'} | ✅
色号    ：set() → set()
浓度    ： →  | ✅
简装    ： →  | ✅
套装    ：不含 → 不含 | ✅
清洗后  ：棉花籽洁面 → 棉花籽洁面乳清洁洗面奶
品名匹配：词袋(100.0%) | ✅
结果    ：✅ PASS | 原因：所有检查通过
============================================================

================================================================================
货品名称：【娇韵诗】棉花籽洁面乳125ml清爽清洁洗面奶
关键词：娇韵诗 棉花籽洁面 125ml 新版
原价：189.0 | 现价：189.0
百亿补贴：否 | 日期：2025-03-01
校验通过：✅ True
================================================================================
✅ 优先级 2 中已有商品通过校验，停止降级
📁 采集记录已保存，总行数：525
📋 校验记录已保存，总记录数：527
✅ 序号 246 已标记为已采集

⏸ 等待 1 秒后继续...
⏳ 等待下一个商品：[██████████████████████████████] 100% (1/1s)

🔍 搜索：娇韵诗 抚纹油 100ml

===== 优先级 4，共 2 个商品 =====
--- 进入商品 1/2 ---
============================================================
搜索词 ：娇韵诗 抚纹油 100ml
商品名 ：【Clarins】娇韵诗身体护理油抚纹油100ml淡纹滋养提拉紧致礼物
品牌    ：娇韵诗 → 娇韵诗 | ✅
容量规格：{'100'} → {'100'} | ✅
色号    ：set() → set()
浓度    ： →  | ✅
简装    ： →  | ✅
套装    ：不含 → 不含 | ✅
清洗后  ：抚纹油 → 身体护理油抚纹油淡纹滋养提拉紧致礼物
品名匹配：词袋(100.0%) | ✅
结果    ：✅ PASS | 原因：所有检查通过
============================================================

================================================================================
货品名称：【Clarins】娇韵诗身体护理油抚纹油100ml淡纹滋养提拉紧致礼物
关键词：娇韵诗 抚纹油 100ml
原价：269.0 | 现价：199.0
百亿补贴：是 | 日期：2024-10-01
校验通过：✅ True
================================================================================
--- 进入商品 2/2 ---
============================================================
搜索词 ：娇韵诗 抚纹油 100ml
商品名 ：【品牌好评128.1万+条】Clarins/娇韵诗妊娠油调和身体护理抚纹油100ml紧致弹润深度滋润
品牌    ：娇韵诗 → 娇韵诗 | ✅
容量规格：{'100'} → {'100'} | ✅
色号    ：set() → set()
浓度    ： →  | ✅
简装    ： →  | ✅
套装    ：不含 → 不含 | ✅
清洗后  ：抚纹油 → 妊娠油调和身体护理抚纹油紧致弹润深度
品名匹配：词袋(100.0%) | ✅
结果    ：✅ PASS | 原因：所有检查通过
============================================================

================================================================================
货品名称：【品牌好评128.1万+条】Clarins/娇韵诗妊娠油调和身体护理抚纹油100ml紧致弹润深度滋润
关键词：娇韵诗 抚纹油 100ml
原价：279.0 | 现价：200.0
百亿补贴：是 | 日期：2025-10-22
校验通过：✅ True
================================================================================
✅ 优先级 4 中已有商品通过校验，停止降级
📁 采集记录已保存，总行数：528
📋 校验记录已保存，总记录数：529
✅ 序号 247 已标记为已采集

⏸ 等待 1 秒后继续...
⏳ 等待下一个商品：[██████████████████████████████] 100% (1/1s)

🔍 搜索：娇韵诗 双萃新版第9代 30ml

===== 优先级 4，共 2 个商品 =====
--- 进入商品 1/2 ---
============================================================
搜索词 ：娇韵诗 双萃新版第9代 30ml
商品名 ：【娇韵诗】九代双萃精华30ml双萃赋活修护精华露保湿提亮淡纹修护紧致【5天内发货】
品牌    ：娇韵诗 → 娇韵诗 | ✅
容量规格：{'30'} → {'30'} | ✅
色号    ：set() → set()
浓度    ： →  | ✅
简装    ： →  | ✅
套装    ：不含 → 不含 | ✅
清洗后  ：双萃新第9代 → 九代双萃双萃赋活露提亮淡纹紧致
品名匹配：LCS子序列(33.3%) | ✅
结果    ：✅ PASS | 原因：所有检查通过
============================================================

================================================================================
货品名称：【娇韵诗】九代双萃精华30ml双萃赋活修护精华露保湿提亮淡纹修护紧致【5天内发货】
关键词：娇韵诗 双萃新版第9代 30ml
原价：499.0 | 现价：499.0
百亿补贴：是 | 日期：2024-12-31
校验通过：✅ True
================================================================================
--- 进入商品 2/2 ---
============================================================
搜索词 ：娇韵诗 双萃新版第9代 30ml
商品名 ：娇韵诗九代双萃精华30ml滋润保湿补水修护【9月23日发完】
品牌    ：娇韵诗 → 娇韵诗 | ✅
容量规格：{'30'} → {'30'} | ✅
色号    ：set() → set()
浓度    ： →  | ✅
简装    ： →  | ✅
套装    ：不含 → 不含 | ✅
清洗后  ：双萃新第9代 → 九代双萃补水
品名匹配：LCS子序列(33.3%) | ✅
结果    ：✅ PASS | 原因：所有检查通过
============================================================

================================================================================
货品名称：娇韵诗九代双萃精华30ml滋润保湿补水修护【9月23日发完】
关键词：娇韵诗 双萃新版第9代 30ml
原价：359.0 | 现价：359.0
百亿补贴：是 | 日期：2025-04-01
校验通过：✅ True
================================================================================
✅ 优先级 4 中已有商品通过校验，停止降级
📁 采集记录已保存，总行数：532
📋 校验记录已保存，总记录数：531
✅ 序号 248 已标记为已采集

⏸ 等待 1 秒后继续...
⏳ 等待下一个商品：[██████████████████████████████] 100% (1/1s)

🔍 搜索：欧舒丹樱花护手霜三支装

===== 优先级 2，共 2 个商品 =====
--- 进入商品 1/2 ---
============================================================
搜索词 ：欧舒丹樱花护手霜三支装
商品名 ：【正品行货】欧舒丹3支护手霜套装樱花香氛润手霜30ml保湿滋润
品牌    ：欧舒丹 → 欧舒丹 | ✅
容量规格：{'3'} → {'30', '3'} | ✅
色号    ：set() → set()
浓度    ： →  | ✅
简装    ： →  | ✅
套装    ：不含 → 含 | ❌
清洗后  ：樱花护手霜 → 护手霜套装樱花润手霜
品名匹配：词袋(75.0%) | ✅
结果    ：❌ FAIL | 原因：套装状态不一致
============================================================
🔧 标题包含多规格 (容量:{'30', '3'}, 色号:set())，尝试进入规格面板匹配...

[DEBUG][get_sku_price_auto] 开始匹配，搜索词: '欧舒丹樱花护手霜三支装'
[DEBUG][get_sku_identifiers] 提取标识: []
[DEBUG][get_sku_price_auto] 未提取到任何规格标识，退出
⚠️ 规格匹配未获取到有效价格，已记录为匹配失败，校验结果强制为不通过

================================================================================
货品名称：【正品行货】欧舒丹3支护手霜套装樱花香氛润手霜30ml保湿滋润
关键词：欧舒丹樱花护手霜三支装
原价：255.0 | 现价：204.0
匹配规格：匹配失败 | 规格价格：
百亿补贴：否 | 日期：
校验通过：❌ False
================================================================================
--- 进入商品 2/2 ---
============================================================
搜索词 ：欧舒丹樱花护手霜三支装
商品名 ：【正品行货】欧舒丹3支护手霜套装樱花香氛润手霜男女礼物伴手礼
品牌    ：欧舒丹 → 欧舒丹 | ✅
容量规格：{'3'} → {'3'} | ✅
色号    ：set() → set()
浓度    ： →  | ✅
简装    ： →  | ✅
套装    ：不含 → 含 | ❌
清洗后  ：樱花护手霜 → 护手霜套装樱花润手霜男女礼物伴手礼
品名匹配：词袋(75.0%) | ✅
结果    ：❌ FAIL | 原因：套装状态不一致
============================================================

================================================================================
货品名称：【正品行货】欧舒丹3支护手霜套装樱花香氛润手霜男女礼物伴手礼
关键词：欧舒丹樱花护手霜三支装
原价：285.0 | 现价：228.0
百亿补贴：否 | 日期：
校验通过：❌ False
================================================================================
⚠️ 优先级 2 全部未通过，尝试下一优先级
🔽 降级到全球购，返回顶部并重新识别（不自动下滑）

===== 优先级 1，共 2 个商品 =====
--- 进入商品 1/2 ---
============================================================
搜索词 ：欧舒丹樱花护手霜三支装
商品名 ：【节日礼物】欧舒丹护手霜礼盒 乳木果+甜扁桃+樱花30ml 3支装
品牌    ：欧舒丹 → 欧舒丹 | ✅
容量规格：{'3'} → {'30', '3'} | ✅
色号    ：set() → set()
浓度    ： →  | ✅
简装    ： →  | ✅
套装    ：不含 → 不含 | ✅
清洗后  ：樱花护手霜 → 护手霜礼盒乳木果甜扁桃樱花装
品名匹配：词袋(75.0%) | ✅
结果    ：✅ PASS | 原因：所有检查通过
============================================================
🔧 标题包含多规格 (容量:{'30', '3'}, 色号:set())，尝试进入规格面板匹配...

[DEBUG][get_sku_price_auto] 开始匹配，搜索词: '欧舒丹樱花护手霜三支装'
[DEBUG][get_sku_identifiers] 提取标识: []
[DEBUG][get_sku_price_auto] 未提取到任何规格标识，退出
⚠️ 规格匹配未获取到有效价格，已记录为匹配失败，校验结果强制为不通过

================================================================================
货品名称：【节日礼物】欧舒丹护手霜礼盒 乳木果+甜扁桃+樱花30ml 3支装
关键词：欧舒丹樱花护手霜三支装
原价：258.0 | 现价：168.0
匹配规格：匹配失败 | 规格价格：
百亿补贴：否 | 日期：
校验通过：❌ False
================================================================================
--- 进入商品 2/2 ---
============================================================
搜索词 ：欧舒丹樱花护手霜三支装
商品名 ：3支价!欧舒丹护手霜樱花+乳木果+薰衣草秋冬舒缓保湿滋润持久留香
品牌    ：欧舒丹 → 欧舒丹 | ✅
容量规格：{'3'} → {'3'} | ✅
色号    ：set() → set()
浓度    ： →  | ✅
简装    ： →  | ✅
套装    ：不含 → 不含 | ✅
清洗后  ：樱花护手霜 → 价护手霜樱花乳木果薰衣草秋冬舒缓
品名匹配：词袋(75.0%) | ✅
结果    ：✅ PASS | 原因：所有检查通过
============================================================

================================================================================
货品名称：3支价!欧舒丹护手霜樱花+乳木果+薰衣草秋冬舒缓保湿滋润持久留香
关键词：欧舒丹樱花护手霜三支装
原价：36.7 | 现价：36.7
百亿补贴：否 | 日期：
校验通过：✅ True
================================================================================
✅ 优先级 1 中已有商品通过校验，停止降级
📁 采集记录已保存，总行数：538
📋 校验记录已保存，总记录数：535
✅ 序号 249 已标记为已采集

⏸ 等待 1 秒后继续...
⏳ 等待下一个商品：[██████████████████████████████] 100% (1/1s)

🔍 搜索：欧舒丹乳木果身体乳250ml

===== 优先级 4，共 1 个商品 =====
--- 进入商品 1/1 ---
============================================================
搜索词 ：欧舒丹乳木果身体乳250ml
商品名 ：【177.9万人收藏该品牌】L'OCCITANE/欧舒丹 乳木果身体乳 250ml补水保湿
品牌    ：欧舒丹 → 欧舒丹 | ✅
容量规格：{'250'} → {'250'} | ✅
色号    ：set() → {'177'}
浓度    ： →  | ✅
简装    ： →  | ✅
套装    ：不含 → 不含 | ✅
清洗后  ：乳木果身体乳 → 乳木果身体乳补水
品名匹配：词袋(100.0%) | ✅
结果    ：✅ PASS | 原因：所有检查通过
============================================================

================================================================================
货品名称：【177.9万人收藏该品牌】L'OCCITANE/欧舒丹 乳木果身体乳 250ml补水保湿
关键词：欧舒丹乳木果身体乳250ml
原价：188.0 | 现价：188.0
百亿补贴：是 | 日期：2025-11-01
校验通过：✅ True
================================================================================
✅ 优先级 4 中已有商品通过校验，停止降级
📁 采集记录已保存，总行数：543
📋 校验记录已保存，总记录数：536
✅ 序号 250 已标记为已采集

⏸ 等待 1 秒后继续...
⏳ 等待下一个商品：[██████████████████████████████] 100% (1/1s)

🔍 搜索：欧舒丹玫瑰身体乳250ml

===== 优先级 2，共 2 个商品 =====
--- 进入商品 1/2 ---
============================================================
搜索词 ：欧舒丹玫瑰身体乳250ml
商品名 ：【欧舒丹】玫瑰之心身体乳250ml补水香氛保湿留香滋润防干燥
品牌    ：欧舒丹 → 欧舒丹 | ✅
容量规格：{'250'} → {'250'} | ✅
色号    ：{'玫瑰'} → {'玫瑰'}
浓度    ： →  | ✅
简装    ： →  | ✅
套装    ：不含 → 不含 | ✅
清洗后  ：身体乳 → 之心身体乳补水防干燥
品名匹配：词袋(100.0%) | ✅
结果    ：✅ PASS | 原因：所有检查通过
============================================================

================================================================================
货品名称：【欧舒丹】玫瑰之心身体乳250ml补水香氛保湿留香滋润防干燥
关键词：欧舒丹玫瑰身体乳250ml
原价：159.0 | 现价：159.0
百亿补贴：否 | 日期：2024-10-01
校验通过：✅ True
================================================================================
--- 进入商品 2/2 ---
============================================================
搜索词 ：欧舒丹玫瑰身体乳250ml
商品名 ：【欧舒丹】玫瑰之心身体乳250ml香氛保湿补水留香防干燥滋润
品牌    ：欧舒丹 → 欧舒丹 | ✅
容量规格：{'250'} → {'250'} | ✅
色号    ：{'玫瑰'} → {'玫瑰'}
浓度    ： →  | ✅
简装    ： →  | ✅
套装    ：不含 → 不含 | ✅
清洗后  ：身体乳 → 之心身体乳补水防干燥
品名匹配：词袋(100.0%) | ✅
结果    ：✅ PASS | 原因：所有检查通过
============================================================

================================================================================
货品名称：【欧舒丹】玫瑰之心身体乳250ml香氛保湿补水留香防干燥滋润
关键词：欧舒丹玫瑰身体乳250ml
原价：159.0 | 现价：159.0
百亿补贴：否 | 日期：2024-10-01
校验通过：✅ True
================================================================================
✅ 优先级 2 中已有商品通过校验，停止降级
📁 采集记录已保存，总行数：546
📋 校验记录已保存，总记录数：538
✅ 序号 251 已标记为已采集

⏸ 等待 1 秒后继续...
⏳ 等待下一个商品：[██████████████████████████████] 100% (1/1s)

🔍 搜索：海蓝之谜洁面125ml

===== 优先级 4，共 2 个商品 =====
--- 进入商品 1/2 ---
============================================================
搜索词 ：海蓝之谜洁面125ml
商品名 ：【204.3万人收藏该品牌】LAMER海蓝之谜璀璨洗面奶125ml/支
品牌    ：海蓝之谜 → 海蓝之谜 | ✅
容量规格：{'125'} → {'125'} | ✅
色号    ：set() → {'204'}
浓度    ： →  | ✅
简装    ： →  | ✅
套装    ：不含 → 不含 | ✅
清洗后  ：洁面 → 璀璨洗面奶
品名匹配：词袋(100.0%) | ✅
结果    ：✅ PASS | 原因：所有检查通过
============================================================

================================================================================
货品名称：【204.3万人收藏该品牌】LAMER海蓝之谜璀璨洗面奶125ml/支
关键词：海蓝之谜洁面125ml
原价：489.0 | 现价：336.0
百亿补贴：是 | 日期：2025-09-01
校验通过：✅ True
================================================================================
--- 进入商品 2/2 ---
============================================================
搜索词 ：海蓝之谜洁面125ml
商品名 ：【品牌好评119.3万+条】双支 单品 LAMER海蓝之谜璀璨洗面奶125ml
品牌    ：海蓝之谜 → 海蓝之谜 | ✅
容量规格：{'125'} → {'125'} | ✅
色号    ：set() → set()
浓度    ： →  | ✅
简装    ： →  | ✅
套装    ：不含 → 不含 | ✅
清洗后  ：洁面 → 璀璨洗面奶
品名匹配：词袋(100.0%) | ✅
结果    ：✅ PASS | 原因：所有检查通过
============================================================

================================================================================
货品名称：【品牌好评119.3万+条】双支 单品 LAMER海蓝之谜璀璨洗面奶125ml
关键词：海蓝之谜洁面125ml
原价：979.0 | 现价：979.0
百亿补贴：是 | 日期：
校验通过：✅ True
================================================================================
✅ 优先级 4 中已有商品通过校验，停止降级
📁 采集记录已保存，总行数：550
📋 校验记录已保存，总记录数：540
✅ 序号 252 已标记为已采集

⏸ 等待 1 秒后继续...
⏳ 等待下一个商品：[██████████████████████████████] 100% (1/1s)

🔍 搜索：CPB滋润洗面奶125ml
❌ 异常：{'code': -32002, 'data': "Selector [className='android.widget.EditText']", 'method': 'wait'}
Traceback (most recent call last):
  File "/Users/vincentli/PycharmProjects/PythonProject/2026-4 群控/yolo/整合详情页采集/采集10.4 日志.py", line 833, in main
    search_product(kw)
  File "/Users/vincentli/PycharmProjects/PythonProject/2026-4 群控/yolo/整合详情页采集/采集10.4 日志.py", line 209, in search_product
    d(className="android.widget.EditText").clear_text()
  File "/opt/miniconda3/envs/py3.8/lib/python3.8/site-packages/uiautomator2/_selector.py", line 357, in clear_text
    self.must_wait(timeout=timeout)
  File "/opt/miniconda3/envs/py3.8/lib/python3.8/site-packages/uiautomator2/_selector.py", line 338, in must_wait
    raise UiObjectNotFoundError({'code': -32002, 'data': str(self.selector), 'method': 'wait'})
uiautomator2.exceptions.UiObjectNotFoundError: {'code': -32002, 'data': "Selector [className='android.widget.EditText']", 'method': 'wait'}

🔴 强制返回首页...
🟢 已回到首页

🔍 搜索：CPB滋润洗面奶125ml

===== 优先级 4，共 3 个商品 =====
--- 进入商品 1/3 ---
============================================================
搜索词 ：CPB滋润洗面奶125ml
商品名 ：【CPB】肌肤之钥清爽型 滋润型 柔肤洁面洗面奶125ml 深层清洁【5天内发货】
品牌    ：肌肤之钥 → 肌肤之钥 | ✅
容量规格：{'125'} → {'125'} | ✅
色号    ：set() → set()
浓度    ： →  | ✅
简装    ： →  | ✅
套装    ：不含 → 不含 | ✅
清洗后  ：洗面奶 → 柔肤洁面洗面奶深层清洁
品名匹配：词袋(100.0%) | ✅
结果    ：✅ PASS | 原因：所有检查通过
============================================================

================================================================================
货品名称：【CPB】肌肤之钥清爽型 滋润型 柔肤洁面洗面奶125ml 深层清洁【5天内发货】
关键词：CPB滋润洗面奶125ml
原价：299.0 | 现价：299.0
百亿补贴：否 | 日期：
校验通过：✅ True
================================================================================
--- 进入商品 2/3 ---
============================================================
搜索词 ：CPB滋润洗面奶125ml
商品名 ：【品牌好评132.9万+条】2支CPB肌肤之钥洁面滋润型125ml温和清洁
品牌    ：肌肤之钥 → 肌肤之钥 | ✅
容量规格：{'125'} → {'125', '2'} | ✅
色号    ：set() → set()
浓度    ： →  | ✅
简装    ： →  | ✅
套装    ：不含 → 不含 | ✅
清洗后  ：洗面奶 → 洁面清洁
品名匹配：词袋(33.3%) | ✅
结果    ：✅ PASS | 原因：所有检查通过
============================================================
🔧 标题包含多规格 (容量:{'125', '2'}, 色号:set())，尝试进入规格面板匹配...

[DEBUG][get_sku_price_auto] 开始匹配，搜索词: 'CPB滋润洗面奶125ml'
[DEBUG][get_sku_identifiers] 提取标识: ['125ml']
[DEBUG][get_sku_price_auto] 当前已选规格匹配，价格: 296
✅ 规格匹配成功，且品名已匹配，校验通过

================================================================================
货品名称：【品牌好评132.9万+条】2支CPB肌肤之钥洁面滋润型125ml温和清洁
关键词：CPB滋润洗面奶125ml
原价：356.0 | 现价：296
匹配规格：已选: 2支 滋润洁面膏125ml | 规格价格：296
百亿补贴：是 | 日期：2025-01-01
校验通过：✅ True
================================================================================
--- 进入商品 3/3 ---
============================================================
搜索词 ：CPB滋润洗面奶125ml
商品名 ：【CPB】肌肤之钥洁面滋润型125ml温和清洁
品牌    ：肌肤之钥 → 肌肤之钥 | ✅
容量规格：{'125'} → {'125'} | ✅
色号    ：set() → set()
浓度    ： →  | ✅
简装    ： →  | ✅
套装    ：不含 → 不含 | ✅
清洗后  ：洗面奶 → 洁面清洁
品名匹配：词袋(33.3%) | ✅
结果    ：✅ PASS | 原因：所有检查通过
============================================================

================================================================================
货品名称：【CPB】肌肤之钥洁面滋润型125ml温和清洁
关键词：CPB滋润洗面奶125ml
原价：178.0 | 现价：148.0
百亿补贴：是 | 日期：2025-01-01
校验通过：✅ True
================================================================================
✅ 优先级 4 中已有商品通过校验，停止降级
📁 采集记录已保存，总行数：555
📋 校验记录已保存，总记录数：543
✅ 序号 253 已标记为已采集

⏸ 等待 1 秒后继续...
⏳ 等待下一个商品：[██████████████████████████████] 100% (1/1s)

🔍 搜索：CPB美白短管隔离30ml

===== 优先级 2，共 1 个商品 =====
--- 进入商品 1/1 ---
============================================================
搜索词 ：CPB美白短管隔离30ml
商品名 ：【CPB】 肌肤之钥 白短管隔离30ml
品牌    ：肌肤之钥 → 肌肤之钥 | ✅
容量规格：{'30'} → {'30'} | ✅
色号    ：set() → set()
浓度    ： →  | ✅
简装    ： →  | ✅
套装    ：不含 → 不含 | ✅
清洗后  ：美白短管隔离 → 白短管隔离
品名匹配：词袋(75.0%) | ✅
结果    ：✅ PASS | 原因：所有检查通过
============================================================

================================================================================
货品名称：【CPB】 肌肤之钥 白短管隔离30ml
关键词：CPB美白短管隔离30ml
原价：318.0 | 现价：318.0
百亿补贴：否 | 日期：2025-07-29
校验通过：✅ True
================================================================================
✅ 优先级 2 中已有商品通过校验，停止降级
📁 采集记录已保存，总行数：559
📋 校验记录已保存，总记录数：544
✅ 序号 254 已标记为已采集

⏸ 等待 1 秒后继续...
⏳ 等待下一个商品：[██████████████████████████████] 100% (1/1s)

🔍 搜索：FERRERO ROCHER 费列罗榛果巧克力制品T30
⚠️ 检测到‘进店’，下滑40%屏刷新商品列表

===== 优先级 2，共 1 个商品 =====
--- 进入商品 1/1 ---
============================================================
搜索词 ：FERRERO ROCHER 费列罗榛果巧克力制品T30
商品名 ：【664.1万人收藏该品牌】正品费列罗榛果巧克力礼盒装送女友老婆生日礼物七夕情人节伴手礼
品牌    ：费列罗 → 费列罗 | ✅
容量规格：set() → set() | ❌
色号    ：{'30', 't30'} → {'664'}
浓度    ： →  | ✅
简装    ： →  | ✅
套装    ：不含 → 不含 | ✅
清洗后  ：rocher罗榛果巧克力制品t → 罗榛果巧克力礼盒装送女友老婆生日礼物七夕情人节伴手礼
品名匹配：词袋(71.4%) | ✅
结果    ：❌ FAIL | 原因：规格不匹配
============================================================
🔧 校验失败原因为规格不匹配，尝试进入规格面板匹配...

[DEBUG][get_sku_price_auto] 开始匹配，搜索词: 'FERRERO ROCHER 费列罗榛果巧克力制品T30'
[DEBUG][get_sku_identifiers] 提取标识: ['30', 't30', 'rocher']
[DEBUG][get_sku_price_auto] 当前已选规格不匹配，尝试点击规格...
[DEBUG][_click_sku_by_identifier] 尝试点击标识: 't30'
[DEBUG] 色号 t30 匹配成功，价格: 88.9
✅ 规格匹配成功，且品名已匹配，校验通过

================================================================================
货品名称：【664.1万人收藏该品牌】正品费列罗榛果巧克力礼盒装送女友老婆生日礼物七夕情人节伴手礼
关键词：FERRERO ROCHER 费列罗榛果巧克力制品T30
原价：59.9 | 现价：88.9
匹配规格：已选: 费列罗巧克力礼盒T30[30粒礼盒装] | 规格价格：88.9
百亿补贴：否 | 日期：2026-06-30
校验通过：✅ True
================================================================================
✅ 优先级 2 中已有商品通过校验，停止降级
📁 采集记录已保存，总行数：561
📋 校验记录已保存，总记录数：545
✅ 序号 255 已标记为已采集

⏸ 等待 1 秒后继续...
⏳ 等待下一个商品：[██████████████████████████████] 100% (1/1s)

🔍 搜索：雅诗兰黛红石榴面霜50ml 旧版

===== 优先级 2，共 2 个商品 =====
--- 进入商品 1/2 ---
============================================================
搜索词 ：雅诗兰黛红石榴面霜50ml 旧版
商品名 ：【三只松鼠】_风味小腊肠蜜汁味/香辣味150g迷你香肠即食解馋小零食
品牌    ：雅诗兰黛 → 未匹配 | ❌
容量规格：{'50'} → {'150'} | ❌
色号    ：set() → set()
浓度    ： →  | ✅
简装    ： →  | ✅
套装    ：不含 → 不含 | ✅
清洗后  ：红石榴面霜旧 → _风味小腊肠蜜汁味香辣味迷你香肠即食解馋小零食
品名匹配：LCS子序列(0.0%) | ❌
结果    ：❌ FAIL | 原因：品牌不一致；规格不匹配；品名相似不足(ratio=0.0%)
============================================================
🔧 校验失败原因为规格不匹配，尝试进入规格面板匹配...

[DEBUG][get_sku_price_auto] 开始匹配，搜索词: '雅诗兰黛红石榴面霜50ml 旧版'
[DEBUG][get_sku_identifiers] 提取标识: ['50ml']
[DEBUG][get_sku_price_auto] 当前已选规格不匹配，尝试点击规格...
[DEBUG][get_sku_price_auto] 所有标识尝试完毕，仍无价格
⚠️ 规格匹配未获取到有效价格，已记录为匹配失败，校验结果强制为不通过

================================================================================
货品名称：【三只松鼠】_风味小腊肠蜜汁味/香辣味150g迷你香肠即食解馋小零食
关键词：雅诗兰黛红石榴面霜50ml 旧版
原价：10.9 | 现价：10.9
匹配规格：匹配失败 | 规格价格：
百亿补贴：是 | 日期：
校验通过：❌ False
================================================================================
--- 进入商品 2/2 ---
============================================================
搜索词 ：雅诗兰黛红石榴面霜50ml 旧版
商品名 ：【三只松鼠】_风味小腊肠蜜汁味/香辣味150g迷你香肠即食解馋小零食
品牌    ：雅诗兰黛 → 未匹配 | ❌
容量规格：{'50'} → {'150'} | ❌
色号    ：set() → set()
浓度    ： →  | ✅
简装    ： →  | ✅
套装    ：不含 → 不含 | ✅
清洗后  ：红石榴面霜旧 → _风味小腊肠蜜汁味香辣味迷你香肠即食解馋小零食
品名匹配：LCS子序列(0.0%) | ❌
结果    ：❌ FAIL | 原因：品牌不一致；规格不匹配；品名相似不足(ratio=0.0%)
============================================================
🔧 校验失败原因为规格不匹配，尝试进入规格面板匹配...

[DEBUG][get_sku_price_auto] 开始匹配，搜索词: '雅诗兰黛红石榴面霜50ml 旧版'
[DEBUG][get_sku_identifiers] 提取标识: ['50ml']
[DEBUG][get_sku_price_auto] 当前已选规格不匹配，尝试点击规格...
[DEBUG][get_sku_price_auto] 所有标识尝试完毕，仍无价格
⚠️ 规格匹配未获取到有效价格，已记录为匹配失败，校验结果强制为不通过

================================================================================
货品名称：【三只松鼠】_风味小腊肠蜜汁味/香辣味150g迷你香肠即食解馋小零食
关键词：雅诗兰黛红石榴面霜50ml 旧版
原价：11.9 | 现价：11.9
匹配规格：匹配失败 | 规格价格：
百亿补贴：否 | 日期：2026-06-03
校验通过：❌ False
================================================================================
⚠️ 优先级 2 全部未通过，尝试下一优先级
🔽 降级到全球购，返回顶部并重新识别（不自动下滑）

===== 优先级 1，共 3 个商品 =====
--- 进入商品 1/3 ---
============================================================
搜索词 ：雅诗兰黛红石榴面霜50ml 旧版
商品名 ：【雅诗兰黛】红石榴面霜/晚霜50ml 抗氧化提亮肤色高保湿补水滋润【5天内发货】
品牌    ：雅诗兰黛 → 雅诗兰黛 | ✅
容量规格：{'50'} → {'50'} | ✅
色号    ：set() → set()
浓度    ： →  | ✅
简装    ： →  | ✅
套装    ：不含 → 不含 | ✅
清洗后  ：红石榴面霜旧 → 红石榴面霜晚霜抗氧化提亮肤色高补水
品名匹配：词袋(80.0%) | ✅
结果    ：✅ PASS | 原因：所有检查通过
============================================================

================================================================================
货品名称：【雅诗兰黛】红石榴面霜/晚霜50ml 抗氧化提亮肤色高保湿补水滋润【5天内发货】
关键词：雅诗兰黛红石榴面霜50ml 旧版
原价：255.0 | 现价：255.0
百亿补贴：否 | 日期：
校验通过：✅ True
================================================================================
--- 进入商品 2/3 ---
============================================================
搜索词 ：雅诗兰黛红石榴面霜50ml 旧版
商品名 ：【ESTEE LAUDER】雅诗兰黛红石榴面霜日霜鲜活亮采日霜50ml保湿补水
品牌    ：雅诗兰黛 → 雅诗兰黛 | ✅
容量规格：{'50'} → {'50'} | ✅
色号    ：set() → set()
浓度    ： →  | ✅
简装    ： →  | ✅
套装    ：不含 → 不含 | ✅
清洗后  ：红石榴面霜旧 → 红石榴面霜日霜鲜活亮采日霜补水
品名匹配：词袋(80.0%) | ✅
结果    ：✅ PASS | 原因：所有检查通过
============================================================

================================================================================
货品名称：【ESTEE LAUDER】雅诗兰黛红石榴面霜日霜鲜活亮采日霜50ml保湿补水
关键词：雅诗兰黛红石榴面霜50ml 旧版
原价：141.99 | 现价：141.99
百亿补贴：否 | 日期：
校验通过：✅ True
================================================================================
--- 进入商品 3/3 ---
============================================================
搜索词 ：雅诗兰黛红石榴面霜50ml 旧版
商品名 ：【ESTEE LAUDER雅诗兰黛】红石榴面霜 鲜活亮采日霜50ml保湿补水
品牌    ：雅诗兰黛 → 雅诗兰黛 | ✅
容量规格：{'50'} → {'50'} | ✅
色号    ：set() → set()
浓度    ： →  | ✅
简装    ： →  | ✅
套装    ：不含 → 不含 | ✅
清洗后  ：红石榴面霜旧 → 红石榴面霜鲜活亮采日霜补水
品名匹配：词袋(80.0%) | ✅
结果    ：✅ PASS | 原因：所有检查通过
============================================================

================================================================================
货品名称：【ESTEE LAUDER雅诗兰黛】红石榴面霜 鲜活亮采日霜50ml保湿补水
关键词：雅诗兰黛红石榴面霜50ml 旧版
原价：199.0 | 现价：199.0
百亿补贴：否 | 日期：
校验通过：✅ True
================================================================================
✅ 优先级 1 中已有商品通过校验，停止降级
📁 采集记录已保存，总行数：567
📋 校验记录已保存，总记录数：550
✅ 序号 256 已标记为已采集

⏸ 等待 1 秒后继续...
⏳ 等待下一个商品：[██████████████████████████████] 100% (1/1s)

🔍 搜索：圣罗兰爱心黑管唇釉620

===== 优先级 4，共 1 个商品 =====
--- 进入商品 1/1 ---
============================================================
搜索词 ：圣罗兰爱心黑管唇釉620
商品名 ：【正品行货】YSL圣罗兰全新爱心唇釉620浮雕黑管5.5ml
品牌    ：圣罗兰 → 圣罗兰 | ✅
容量规格：set() → {'5.5'} | ✅
色号    ：{'620'} → {'620'}
浓度    ： →  | ✅
简装    ： →  | ✅
套装    ：不含 → 不含 | ✅
清洗后  ：爱心黑管唇釉 → 全新爱心唇釉浮雕黑管
品名匹配：词袋(60.0%) | ✅
结果    ：✅ PASS | 原因：所有检查通过
============================================================

================================================================================
货品名称：【正品行货】YSL圣罗兰全新爱心唇釉620浮雕黑管5.5ml
关键词：圣罗兰爱心黑管唇釉620
原价：268.0 | 现价：268.0
百亿补贴：是 | 日期：2024-10-01
校验通过：✅ True
================================================================================
✅ 优先级 4 中已有商品通过校验，停止降级
📁 采集记录已保存，总行数：573
📋 校验记录已保存，总记录数：551
✅ 序号 257 已标记为已采集

⏸ 等待 1 秒后继续...
⏳ 等待下一个商品：[██████████████████████████████] 100% (1/1s)

🔍 搜索：圣罗兰黑色皮革气垫B10

===== 优先级 2，共 1 个商品 =====
--- 进入商品 1/1 ---
============================================================
搜索词 ：圣罗兰黑色皮革气垫B10
商品名 ：【三只松鼠】_风味小腊肠蜜汁味/香辣味150g迷你香肠即食解馋小零食
品牌    ：圣罗兰 → 未匹配 | ❌
容量规格：set() → {'150'} | ❌
色号    ：{'10', 'b10'} → set()
浓度    ： →  | ✅
简装    ： →  | ✅
套装    ：不含 → 不含 | ✅
清洗后  ：黑色皮革气垫b → _风味小腊肠蜜汁味香辣味迷你香肠即食解馋小零食
品名匹配：LCS子序列(0.0%) | ❌
结果    ：❌ FAIL | 原因：品牌不一致；规格不匹配；品名相似不足(ratio=0.0%)
============================================================
🔧 校验失败原因为规格不匹配，尝试进入规格面板匹配...

[DEBUG][get_sku_price_auto] 开始匹配，搜索词: '圣罗兰黑色皮革气垫B10'
[DEBUG][get_sku_identifiers] 提取标识: ['10', 'b10']
[DEBUG][get_sku_price_auto] 当前已选规格不匹配，尝试点击规格...
[DEBUG][_click_sku_by_identifier] 尝试点击标识: 'b10'
[DEBUG][_click_sku_by_identifier] 尝试点击标识: '10'
[DEBUG][_click_sku_by_identifier] 点击有效规格(任意): 100
[DEBUG][get_sku_price_auto] 所有标识尝试完毕，仍无价格
⚠️ 规格匹配未获取到有效价格，已记录为匹配失败，校验结果强制为不通过

================================================================================
货品名称：【三只松鼠】_风味小腊肠蜜汁味/香辣味150g迷你香肠即食解馋小零食
关键词：圣罗兰黑色皮革气垫B10
原价：19.9 | 现价：19.9
匹配规格：匹配失败 | 规格价格：
百亿补贴：否 | 日期：
校验通过：❌ False
================================================================================
⚠️ 优先级 2 全部未通过，尝试下一优先级
🔽 降级到全球购，返回顶部并重新识别（不自动下滑）

===== 优先级 1，共 3 个商品 =====
--- 进入商品 1/3 ---
============================================================
搜索词 ：圣罗兰黑色皮革气垫B10
商品名 ：【YSL】圣罗兰皮革气垫B10正装保湿隐匿遮瑕长效持妆服帖【5天内发货】
品牌    ：圣罗兰 → 圣罗兰 | ✅
容量规格：set() → set() | ✅
色号    ：{'10', 'b10'} → {'10', 'b10'}
浓度    ： →  | ✅
简装    ： →  | ✅
套装    ：不含 → 不含 | ✅
清洗后  ：黑色皮革气垫b → 皮革气垫b正装隐匿长效持妆
品名匹配：词袋(60.0%) | ✅
结果    ：✅ PASS | 原因：所有检查通过
============================================================
🔧 标题包含多规格 (容量:set(), 色号:{'10', 'b10'})，尝试进入规格面板匹配...

[DEBUG][get_sku_price_auto] 开始匹配，搜索词: '圣罗兰黑色皮革气垫B10'
[DEBUG][get_sku_identifiers] 提取标识: ['10', 'b10']
[DEBUG][get_sku_price_auto] 当前已选规格匹配，价格: 465
✅ 规格匹配成功，且品名已匹配，校验通过

================================================================================
货品名称：【YSL】圣罗兰皮革气垫B10正装保湿隐匿遮瑕长效持妆服帖【5天内发货】
关键词：圣罗兰黑色皮革气垫B10
原价：465.0 | 现价：465
匹配规格：已选: 黑气垫B10 | 规格价格：465
百亿补贴：否 | 日期：2024-08-08
校验通过：✅ True
================================================================================
--- 进入商品 2/3 ---
============================================================
搜索词 ：圣罗兰黑色皮革气垫B10
商品名 ：YSL/圣罗兰 黑色皮革气垫14G控油遮瑕 #B10【5天内发货】
品牌    ：圣罗兰 → 圣罗兰 | ✅
容量规格：set() → {'14'} | ✅
色号    ：{'10', 'b10'} → {'10', 'b10'}
浓度    ： →  | ✅
简装    ： →  | ✅
套装    ：不含 → 不含 | ✅
清洗后  ：黑色皮革气垫b → 黑色皮革气垫
品名匹配：词袋(100.0%) | ✅
结果    ：✅ PASS | 原因：所有检查通过
============================================================
🔧 标题包含多规格 (容量:{'14'}, 色号:{'10', 'b10'})，尝试进入规格面板匹配...

[DEBUG][get_sku_price_auto] 开始匹配，搜索词: '圣罗兰黑色皮革气垫B10'
[DEBUG][get_sku_identifiers] 提取标识: ['10', 'b10']
[DEBUG][get_sku_price_auto] 当前已选规格匹配，价格: 258
✅ 规格匹配成功，且品名已匹配，校验通过

================================================================================
货品名称：YSL/圣罗兰 黑色皮革气垫14G控油遮瑕 #B10【5天内发货】
关键词：圣罗兰黑色皮革气垫B10
原价：258.0 | 现价：258
匹配规格：已选: 14g #B10 | 规格价格：258
百亿补贴：否 | 日期：
校验通过：✅ True
================================================================================
--- 进入商品 3/3 ---
============================================================
搜索词 ：圣罗兰黑色皮革气垫B10
商品名 ：YSL/圣罗兰黑皮革气垫B10滋润遮瑕服帖长效持妆气垫【5天内发货】
品牌    ：圣罗兰 → 圣罗兰 | ✅
容量规格：set() → set() | ✅
色号    ：{'10', 'b10'} → {'10', 'b10'}
浓度    ： →  | ✅
简装    ： →  | ✅
套装    ：不含 → 不含 | ✅
清洗后  ：黑色皮革气垫b → 黑皮革气垫b长效持妆气垫
品名匹配：词袋(60.0%) | ✅
结果    ：✅ PASS | 原因：所有检查通过
============================================================
🔧 标题包含多规格 (容量:set(), 色号:{'10', 'b10'})，尝试进入规格面板匹配...

[DEBUG][get_sku_price_auto] 开始匹配，搜索词: '圣罗兰黑色皮革气垫B10'
[DEBUG][get_sku_identifiers] 提取标识: ['10', 'b10']
[DEBUG][get_sku_price_auto] 当前已选规格匹配，价格: 259
✅ 规格匹配成功，且品名已匹配，校验通过

================================================================================
货品名称：YSL/圣罗兰黑皮革气垫B10滋润遮瑕服帖长效持妆气垫【5天内发货】
关键词：圣罗兰黑色皮革气垫B10
原价：259.0 | 现价：259
匹配规格：已选: YSL/圣罗兰黑皮革气垫 #B10象牙白 | 规格价格：259
百亿补贴：否 | 日期：
校验通过：✅ True
================================================================================
✅ 优先级 1 中已有商品通过校验，停止降级
📁 采集记录已保存，总行数：578
📋 校验记录已保存，总记录数：555
✅ 序号 258 已标记为已采集

⏸ 等待 1 秒后继续...
⏳ 等待下一个商品：[██████████████████████████████] 100% (1/1s)

🔍 搜索：ysl黑气垫替换芯B10

===== 优先级 2，共 3 个商品 =====
--- 进入商品 1/3 ---
============================================================
搜索词 ：ysl黑气垫替换芯B10
商品名 ：【YSL】圣罗兰皮革气垫替换装B10号色14G(包装压痕)
品牌    ：圣罗兰 → 圣罗兰 | ✅
容量规格：set() → {'14'} | ✅
色号    ：{'10', 'b10'} → {'10', 'b10'}
浓度    ： →  | ✅
简装    ： →  | ✅
套装    ：不含 → 不含 | ✅
清洗后  ：黑气垫替换芯b → 皮革气垫替换装b号色
品名匹配：词袋(60.0%) | ✅
结果    ：✅ PASS | 原因：所有检查通过
============================================================
🔧 标题包含多规格 (容量:{'14'}, 色号:{'10', 'b10'})，尝试进入规格面板匹配...

[DEBUG][get_sku_price_auto] 开始匹配，搜索词: 'ysl黑气垫替换芯B10'
[DEBUG][get_sku_identifiers] 提取标识: ['10', 'b10']
[DEBUG][get_sku_price_auto] 当前已选规格匹配，价格: 359
✅ 规格匹配成功，且品名已匹配，校验通过

================================================================================
货品名称：【YSL】圣罗兰皮革气垫替换装B10号色14G(包装压痕)
关键词：ysl黑气垫替换芯B10
原价：359.0 | 现价：359
匹配规格：已选: 14g 黑皮革气垫替换装B10号色（包装压痕） | 规格价格：359
百亿补贴：否 | 日期：
校验通过：✅ True
================================================================================
--- 进入商品 2/3 ---
============================================================
搜索词 ：ysl黑气垫替换芯B10
商品名 ：
品牌    ：圣罗兰 → 未匹配 | ❌
容量规格：set() → set() | ❌
色号    ：{'10', 'b10'} → set()
浓度    ： →  | ✅
简装    ： →  | ✅
套装    ：不含 → 不含 | ✅
清洗后  ：黑气垫替换芯b → 
品名匹配：LCS子序列(0.0%) | ❌
结果    ：❌ FAIL | 原因：品牌不一致；规格不匹配；品名相似不足(ratio=0.0%)
============================================================
🔧 校验失败原因为规格不匹配，尝试进入规格面板匹配...

[DEBUG][get_sku_price_auto] 开始匹配，搜索词: 'ysl黑气垫替换芯B10'
[DEBUG][get_sku_identifiers] 提取标识: ['10', 'b10']
[DEBUG][get_sku_price_auto] 当前已选规格不匹配，尝试点击规格...
[DEBUG][_click_sku_by_identifier] 尝试点击标识: 'b10'
[DEBUG][_click_sku_by_identifier] 尝试点击标识: '10'
[DEBUG][_click_sku_by_identifier] 点击有效规格(任意): 100
[DEBUG][get_sku_price_auto] 所有标识尝试完毕，仍无价格
⚠️ 规格匹配未获取到有效价格，已记录为匹配失败，校验结果强制为不通过

================================================================================
货品名称：
关键词：ysl黑气垫替换芯B10
原价：17.9 | 现价：17.9
匹配规格：匹配失败 | 规格价格：
百亿补贴：否 | 日期：2025-12-31
校验通过：❌ False
================================================================================
--- 进入商品 3/3 ---
============================================================
搜索词 ：ysl黑气垫替换芯B10
商品名 ：
品牌    ：圣罗兰 → 未匹配 | ❌
容量规格：set() → set() | ❌
色号    ：{'10', 'b10'} → set()
浓度    ： →  | ✅
简装    ： →  | ✅
套装    ：不含 → 不含 | ✅
清洗后  ：黑气垫替换芯b → 
品名匹配：LCS子序列(0.0%) | ❌
结果    ：❌ FAIL | 原因：品牌不一致；规格不匹配；品名相似不足(ratio=0.0%)
============================================================
🔧 校验失败原因为规格不匹配，尝试进入规格面板匹配...

[DEBUG][get_sku_price_auto] 开始匹配，搜索词: 'ysl黑气垫替换芯B10'
[DEBUG][get_sku_identifiers] 提取标识: ['10', 'b10']
[DEBUG][get_sku_price_auto] 当前已选规格不匹配，尝试点击规格...
[DEBUG][_click_sku_by_identifier] 尝试点击标识: 'b10'
[DEBUG][_click_sku_by_identifier] 尝试点击标识: '10'
[DEBUG][_click_sku_by_identifier] 点击有效规格(任意): 100
[DEBUG][get_sku_price_auto] 所有标识尝试完毕，仍无价格
⚠️ 规格匹配未获取到有效价格，已记录为匹配失败，校验结果强制为不通过

================================================================================
货品名称：
关键词：ysl黑气垫替换芯B10
原价：17.9 | 现价：17.9
匹配规格：匹配失败 | 规格价格：
百亿补贴：否 | 日期：2025-12-31
校验通过：❌ False
================================================================================
✅ 优先级 2 中已有商品通过校验，停止降级
📁 采集记录已保存，总行数：584
📋 校验记录已保存，总记录数：558
✅ 序号 259 已标记为已采集

⏸ 等待 1 秒后继续...
⏳ 等待下一个商品：[██████████████████████████████] 100% (1/1s)

🔍 搜索：兰蔻菁纯粉底液100

===== 优先级 4，共 1 个商品 =====
--- 进入商品 1/1 ---
============================================================
搜索词 ：兰蔻菁纯粉底液100
商品名 ：Lancome /兰蔻菁纯粉底液100色号二代35ml滋润细腻【9月22日发完】
品牌    ：兰蔻 → 兰蔻 | ✅
容量规格：set() → {'35'} | ✅
色号    ：{'100'} → {'100'}
浓度    ： →  | ✅
简装    ： →  | ✅
套装    ：不含 → 不含 | ✅
清洗后  ：菁纯粉底液 → 菁纯粉底液色号二代细腻
品名匹配：词袋(100.0%) | ✅
结果    ：✅ PASS | 原因：所有检查通过
============================================================

================================================================================
货品名称：Lancome /兰蔻菁纯粉底液100色号二代35ml滋润细腻【9月22日发完】
关键词：兰蔻菁纯粉底液100
原价：499.0 | 现价：499.0
百亿补贴：是 | 日期：2025-02-01
校验通过：✅ True
================================================================================
✅ 优先级 4 中已有商品通过校验，停止降级
📁 采集记录已保存，总行数：587
📋 校验记录已保存，总记录数：561
✅ 序号 260 已标记为已采集

⏸ 等待 1 秒后继续...
⏳ 等待下一个商品：[██████████████████████████████] 100% (1/1s)

🔍 搜索：SK2骨胶原乳液100g

===== 优先级 2，共 2 个商品 =====
--- 进入商品 1/2 ---
============================================================
搜索词 ：SK2骨胶原乳液100g
商品名 ：首件7.57已拼5.2万+件
品牌    ：SK-II → 未匹配 | ❌
容量规格：{'100'} → set() | ❌
色号    ：set() → set()
浓度    ： →  | ✅
简装    ： →  | ✅
套装    ：不含 → 不含 | ✅
清洗后  ：骨胶原乳液 → 首件7已拼件
品名匹配：LCS子序列(0.0%) | ❌
结果    ：❌ FAIL | 原因：品牌不一致；规格不匹配；品名相似不足(ratio=0.0%)
============================================================
🔧 校验失败原因为规格不匹配，尝试进入规格面板匹配...

[DEBUG][get_sku_price_auto] 开始匹配，搜索词: 'SK2骨胶原乳液100g'
[DEBUG][get_sku_identifiers] 提取标识: ['100g']
[DEBUG][get_sku_price_auto] 当前已选规格不匹配，尝试点击规格...
[DEBUG][get_sku_price_auto] 所有标识尝试完毕，仍无价格
⚠️ 规格匹配未获取到有效价格，已记录为匹配失败，校验结果强制为不通过

================================================================================
货品名称：首件7.57已拼5.2万+件
关键词：SK2骨胶原乳液100g
原价：None | 现价：None
匹配规格：匹配失败 | 规格价格：
百亿补贴：否 | 日期：2025-12-31
校验通过：❌ False
================================================================================
--- 进入商品 2/2 ---
============================================================
搜索词 ：SK2骨胶原乳液100g
商品名 ：首件7.57已拼5.2万+件
品牌    ：SK-II → 未匹配 | ❌
容量规格：{'100'} → set() | ❌
色号    ：set() → set()
浓度    ： →  | ✅
简装    ： →  | ✅
套装    ：不含 → 不含 | ✅
清洗后  ：骨胶原乳液 → 首件7已拼件
品名匹配：LCS子序列(0.0%) | ❌
结果    ：❌ FAIL | 原因：品牌不一致；规格不匹配；品名相似不足(ratio=0.0%)
============================================================
🔧 校验失败原因为规格不匹配，尝试进入规格面板匹配...

[DEBUG][get_sku_price_auto] 开始匹配，搜索词: 'SK2骨胶原乳液100g'
[DEBUG][get_sku_identifiers] 提取标识: ['100g']
[DEBUG][get_sku_price_auto] 当前已选规格不匹配，尝试点击规格...
[DEBUG][get_sku_price_auto] 所有标识尝试完毕，仍无价格
⚠️ 规格匹配未获取到有效价格，已记录为匹配失败，校验结果强制为不通过

================================================================================
货品名称：首件7.57已拼5.2万+件
关键词：SK2骨胶原乳液100g
原价：None | 现价：None
匹配规格：匹配失败 | 规格价格：
百亿补贴：否 | 日期：2025-12-31
校验通过：❌ False
================================================================================
⚠️ 优先级 2 全部未通过，尝试下一优先级
🔽 降级到全球购，返回顶部并重新识别（不自动下滑）

===== 优先级 1，共 3 个商品 =====
--- 进入商品 1/3 ---
============================================================
搜索词 ：SK2骨胶原乳液100g
商品名 ：【1768人收藏】SKII日本sk2骨胶原修护乳液保湿100g官方全能水乳滋润修护【5天内发货】
品牌    ：SK-II → SK-II | ✅
容量规格：{'100'} → {'100'} | ✅
色号    ：set() → {'1768'}
浓度    ： →  | ✅
简装    ： →  | ✅
套装    ：不含 → 不含 | ✅
清洗后  ：骨胶原乳液 → 日本骨胶原乳液官方全能水乳
品名匹配：词袋(100.0%) | ✅
结果    ：✅ PASS | 原因：所有检查通过
============================================================

================================================================================
货品名称：【1768人收藏】SKII日本sk2骨胶原修护乳液保湿100g官方全能水乳滋润修护【5天内发货】
关键词：SK2骨胶原乳液100g
原价：498.0 | 现价：498.0
百亿补贴：否 | 日期：
校验通过：✅ True
================================================================================
--- 进入商品 2/3 ---
============================================================
搜索词 ：SK2骨胶原乳液100g
商品名 ：【专柜行货】SK-IIsk2骨胶原乳液晶致活肤乳液100g补水保湿紧致
品牌    ：SK-II → SK-II | ✅
容量规格：{'100'} → {'100'} | ✅
色号    ：set() → set()
浓度    ： →  | ✅
简装    ： →  | ✅
套装    ：不含 → 不含 | ✅
清洗后  ：骨胶原乳液 → 骨胶原乳液晶致活肤乳液补水紧致
品名匹配：词袋(100.0%) | ✅
结果    ：✅ PASS | 原因：所有检查通过
============================================================

================================================================================
货品名称：【专柜行货】SK-IIsk2骨胶原乳液晶致活肤乳液100g补水保湿紧致
关键词：SK2骨胶原乳液100g
原价：960.0 | 现价：960.0
百亿补贴：否 | 日期：
校验通过：✅ True
================================================================================
--- 进入商品 3/3 ---
============================================================
搜索词 ：SK2骨胶原乳液100g
商品名 ：SK2晶致美肤乳液100g 骨胶原修护紧致活肤 保湿不油腻【5天内发货】
品牌    ：SK-II → SK-II | ✅
容量规格：{'100'} → {'100'} | ✅
色号    ：set() → set()
浓度    ： →  | ✅
简装    ： →  | ✅
套装    ：不含 → 不含 | ✅
清洗后  ：骨胶原乳液 → 晶致美肤乳液骨胶原紧致活肤不油腻
品名匹配：词袋(66.7%) | ✅
结果    ：✅ PASS | 原因：所有检查通过
============================================================

================================================================================
货品名称：SK2晶致美肤乳液100g 骨胶原修护紧致活肤 保湿不油腻【5天内发货】
关键词：SK2骨胶原乳液100g
原价：460.0 | 现价：460.0
百亿补贴：否 | 日期：2025-09-01
校验通过：✅ True
================================================================================
✅ 优先级 1 中已有商品通过校验，停止降级
📁 采集记录已保存，总行数：592
📋 校验记录已保存，总记录数：566
✅ 序号 261 已标记为已采集

⏸ 等待 1 秒后继续...
⏳ 等待下一个商品：[██████████████████████████████] 100% (1/1s)

🔍 搜索：SK2清莹露230ml

===== 优先级 2，共 2 个商品 =====
--- 进入商品 1/2 ---
============================================================
搜索词 ：SK2清莹露230ml
商品名 ：首件7.57已拼5.2万+件
品牌    ：SK-II → 未匹配 | ❌
容量规格：{'230'} → set() | ❌
色号    ：set() → set()
浓度    ： →  | ✅
简装    ： →  | ✅
套装    ：不含 → 不含 | ✅
清洗后  ：清莹露 → 首件7已拼件
品名匹配：LCS子序列(0.0%) | ❌
结果    ：❌ FAIL | 原因：品牌不一致；规格不匹配；品名相似不足(ratio=0.0%)
============================================================
🔧 校验失败原因为规格不匹配，尝试进入规格面板匹配...

[DEBUG][get_sku_price_auto] 开始匹配，搜索词: 'SK2清莹露230ml'
[DEBUG][get_sku_identifiers] 提取标识: ['230ml']
[DEBUG][get_sku_price_auto] 当前已选规格不匹配，尝试点击规格...
[DEBUG][get_sku_price_auto] 所有标识尝试完毕，仍无价格
⚠️ 规格匹配未获取到有效价格，已记录为匹配失败，校验结果强制为不通过

================================================================================
货品名称：首件7.57已拼5.2万+件
关键词：SK2清莹露230ml
原价：None | 现价：None
匹配规格：匹配失败 | 规格价格：
百亿补贴：否 | 日期：2025-12-31
校验通过：❌ False
================================================================================
--- 进入商品 2/2 ---
============================================================
搜索词 ：SK2清莹露230ml
商品名 ：首件7.57已拼5.2万+件
品牌    ：SK-II → 未匹配 | ❌
容量规格：{'230'} → set() | ❌
色号    ：set() → set()
浓度    ： →  | ✅
简装    ： →  | ✅
套装    ：不含 → 不含 | ✅
清洗后  ：清莹露 → 首件7已拼件
品名匹配：LCS子序列(0.0%) | ❌
结果    ：❌ FAIL | 原因：品牌不一致；规格不匹配；品名相似不足(ratio=0.0%)
============================================================
🔧 校验失败原因为规格不匹配，尝试进入规格面板匹配...

[DEBUG][get_sku_price_auto] 开始匹配，搜索词: 'SK2清莹露230ml'
[DEBUG][get_sku_identifiers] 提取标识: ['230ml']
[DEBUG][get_sku_price_auto] 当前已选规格不匹配，尝试点击规格...
[DEBUG][get_sku_price_auto] 所有标识尝试完毕，仍无价格
⚠️ 规格匹配未获取到有效价格，已记录为匹配失败，校验结果强制为不通过

================================================================================
货品名称：首件7.57已拼5.2万+件
关键词：SK2清莹露230ml
原价：None | 现价：None
匹配规格：匹配失败 | 规格价格：
百亿补贴：否 | 日期：2025-12-31
校验通过：❌ False
================================================================================
⚠️ 优先级 2 全部未通过，尝试下一优先级
🔽 降级到全球购，返回顶部并重新识别（不自动下滑）

===== 优先级 1，共 3 个商品 =====
--- 进入商品 1/3 ---
============================================================
搜索词 ：SK2清莹露230ml
商品名 ：【SK-II】 sk2 嫩肤清莹露 230ml 爽肤水柔肤神仙水搭档舒缓补水清洁【5天内发货】
品牌    ：SK-II → SK-II | ✅
容量规格：{'230'} → {'230'} | ✅
色号    ：set() → set()
浓度    ： →  | ✅
简装    ： →  | ✅
套装    ：不含 → 不含 | ✅
清洗后  ：清莹露 → 嫩肤清莹露爽肤水柔肤神仙水搭档舒缓补水清洁
品名匹配：词袋(100.0%) | ✅
结果    ：✅ PASS | 原因：所有检查通过
============================================================

================================================================================
货品名称：【SK-II】 sk2 嫩肤清莹露 230ml 爽肤水柔肤神仙水搭档舒缓补水清洁【5天内发货】
关键词：SK2清莹露230ml
原价：599.0 | 现价：428.0
百亿补贴：否 | 日期：
校验通过：✅ True
================================================================================
--- 进入商品 2/3 ---
============================================================
搜索词 ：SK2清莹露230ml
商品名 ：SK2清莹露护肤精华露230ml 肌底养护晶莹剔透紧致毛孔爽肤水【5天内发货】
品牌    ：SK-II → SK-II | ✅
容量规格：{'230'} → {'230'} | ✅
色号    ：set() → set()
浓度    ： →  | ✅
简装    ： →  | ✅
套装    ：不含 → 不含 | ✅
清洗后  ：清莹露 → 清莹露护肤露肌底养护晶莹剔透紧致毛孔爽肤水
品名匹配：词袋(100.0%) | ✅
结果    ：✅ PASS | 原因：所有检查通过
============================================================

================================================================================
货品名称：SK2清莹露护肤精华露230ml 肌底养护晶莹剔透紧致毛孔爽肤水【5天内发货】
关键词：SK2清莹露230ml
原价：398.0 | 现价：398.0
百亿补贴：否 | 日期：
校验通过：✅ True
================================================================================
--- 进入商品 3/3 ---
============================================================
搜索词 ：SK2清莹露230ml
商品名 ：【正品行货】SK-II清莹露230ml神仙水洁面面霜前男友面膜护肤礼盒
品牌    ：SK-II → SK-II | ✅
容量规格：{'230'} → {'230'} | ✅
色号    ：set() → set()
浓度    ： →  | ✅
简装    ： →  | ✅
套装    ：不含 → 不含 | ✅
清洗后  ：清莹露 → 清莹露神仙水洁面面霜前男友面膜护肤礼盒
品名匹配：词袋(100.0%) | ✅
结果    ：✅ PASS | 原因：所有检查通过
============================================================

================================================================================
货品名称：【正品行货】SK-II清莹露230ml神仙水洁面面霜前男友面膜护肤礼盒
关键词：SK2清莹露230ml
原价：1178.0 | 现价：1178.0
百亿补贴：是 | 日期：2025-01-01
校验通过：✅ True
================================================================================
✅ 优先级 1 中已有商品通过校验，停止降级
📁 采集记录已保存，总行数：599
📋 校验记录已保存，总记录数：571
✅ 序号 262 已标记为已采集

⏸ 等待 1 秒后继续...
⏳ 等待下一个商品：[██████████████████████████████] 100% (1/1s)

🔍 搜索：SK2立体修护眼霜15g两瓶装

===== 优先级 4，共 1 个商品 =====
--- 进入商品 1/1 ---
============================================================
搜索词 ：SK2立体修护眼霜15g两瓶装
商品名 ：【SK-II】 sk2大眼眼霜 微肌因修护焕采眼霜 淡化细纹 去黑眼圈 15g【5天内发货】
品牌    ：SK-II → SK-II | ✅
容量规格：{'15', '2'} → {'15'} | ❌
色号    ：set() → set()
浓度    ： →  | ✅
简装    ： →  | ✅
套装    ：不含 → 不含 | ✅
清洗后  ：立体眼霜 → 大眼眼霜微肌因焕采眼霜淡化细纹去黑眼圈
品名匹配：词袋(33.3%) | ✅
结果    ：❌ FAIL | 原因：规格不匹配
============================================================
🔧 校验失败原因为规格不匹配，尝试进入规格面板匹配...

[DEBUG][get_sku_price_auto] 开始匹配，搜索词: 'SK2立体修护眼霜15g两瓶装'
[DEBUG][get_sku_identifiers] 提取标识: ['15g']
[DEBUG][get_sku_price_auto] 当前已选规格匹配，价格: 266
✅ 规格匹配成功，且品名已匹配，校验通过

================================================================================
货品名称：【SK-II】 sk2大眼眼霜 微肌因修护焕采眼霜 淡化细纹 去黑眼圈 15g【5天内发货】
关键词：SK2立体修护眼霜15g两瓶装
原价：359.0 | 现价：266
匹配规格：已选: 15g [国际保质期5年+正品保证 过敏不退 ] SK2大眼眼霜15g | 规格价格：266
百亿补贴：否 | 日期：
校验通过：✅ True
================================================================================
✅ 优先级 4 中已有商品通过校验，停止降级
📁 采集记录已保存，总行数：603
📋 校验记录已保存，总记录数：572
✅ 序号 263 已标记为已采集

⏸ 等待 1 秒后继续...
⏳ 等待下一个商品：[██████████████████████████████] 100% (1/1s)

🔍 搜索：SK2小灯泡50ml两瓶装（25年款）

===== 优先级 4，共 1 个商品 =====
--- 进入商品 1/1 ---
============================================================
搜索词 ：SK2小灯泡50ml两瓶装（25年款）
商品名 ：【累计热销145.8万+件】SK2新版小灯泡50ml小灯泡精华液光蕴臻采淡斑提亮修护滋润保湿【5天内发货】
品牌    ：SK-II → SK-II | ✅
容量规格：{'50', '2'} → {'50'} | ❌
色号    ：set() → set()
浓度    ： →  | ✅
简装    ： →  | ✅
套装    ：不含 → 不含 | ✅
清洗后  ：小灯泡 → 新小灯泡小灯泡液光蕴臻采淡斑提亮
品名匹配：词袋(100.0%) | ✅
结果    ：❌ FAIL | 原因：规格不匹配
============================================================
🔧 校验失败原因为规格不匹配，尝试进入规格面板匹配...

[DEBUG][get_sku_price_auto] 开始匹配，搜索词: 'SK2小灯泡50ml两瓶装（25年款）'
[DEBUG][get_sku_identifiers] 提取标识: ['50ml']
[DEBUG][get_sku_price_auto] 当前已选规格匹配，价格: 875
✅ 规格匹配成功，且品名已匹配，校验通过

================================================================================
货品名称：【累计热销145.8万+件】SK2新版小灯泡50ml小灯泡精华液光蕴臻采淡斑提亮修护滋润保湿【5天内发货】
关键词：SK2小灯泡50ml两瓶装（25年款）
原价：875.0 | 现价：875
匹配规格：已选: 新版小灯泡50ml | 规格价格：875
百亿补贴：否 | 日期：2024-11-30
校验通过：✅ True
================================================================================
✅ 优先级 4 中已有商品通过校验，停止降级
📁 采集记录已保存，总行数：605
📋 校验记录已保存，总记录数：573
✅ 序号 264 已标记为已采集

⏸ 等待 1 秒后继续...
⏳ 等待下一个商品：[██████████████████████████████] 100% (1/1s)

🔍 搜索：碧欧泉男士水动力乳液100ml

===== 优先级 4，共 2 个商品 =====
--- 进入商品 1/2 ---
============================================================
搜索词 ：碧欧泉男士水动力乳液100ml
商品名 ：【海外原装】碧欧泉男士水动力新款保湿乳100ml 平衡舒缓保湿补水
品牌    ：碧欧泉 → 碧欧泉 | ✅
容量规格：{'100'} → {'100'} | ✅
色号    ：set() → set()
浓度    ： →  | ✅
简装    ： →  | ✅
套装    ：不含 → 不含 | ✅
清洗后  ：男士水动力乳液 → 男士水动力新乳平衡舒缓补水
品名匹配：词袋(80.0%) | ✅
结果    ：✅ PASS | 原因：所有检查通过
============================================================

================================================================================
货品名称：【海外原装】碧欧泉男士水动力新款保湿乳100ml 平衡舒缓保湿补水
关键词：碧欧泉男士水动力乳液100ml
原价：299.0 | 现价：299.0
百亿补贴：是 | 日期：2026-01-15
校验通过：✅ True
================================================================================
--- 进入商品 2/2 ---
============================================================
搜索词 ：碧欧泉男士水动力乳液100ml
商品名 ：【碧欧泉】Biotherm碧欧泉男士水动力新款保湿乳100ml保湿补水
品牌    ：碧欧泉 → 碧欧泉 | ✅
容量规格：{'100'} → {'100'} | ✅
色号    ：set() → set()
浓度    ： →  | ✅
简装    ： →  | ✅
套装    ：不含 → 不含 | ✅
清洗后  ：男士水动力乳液 → 男士水动力新乳补水
品名匹配：词袋(80.0%) | ✅
结果    ：✅ PASS | 原因：所有检查通过
============================================================

================================================================================
货品名称：【碧欧泉】Biotherm碧欧泉男士水动力新款保湿乳100ml保湿补水
关键词：碧欧泉男士水动力乳液100ml
原价：255.0 | 现价：255.0
百亿补贴：是 | 日期：2025-04-01
校验通过：✅ True
================================================================================
✅ 优先级 4 中已有商品通过校验，停止降级
📁 采集记录已保存，总行数：608
📋 校验记录已保存，总记录数：575
✅ 序号 265 已标记为已采集

⏸ 等待 1 秒后继续...
⏳ 等待下一个商品：[██████████████████████████████] 100% (1/1s)

🔍 搜索：植村秀绿茶卸妆油450ml两瓶装

===== 优先级 4，共 2 个商品 =====
--- 进入商品 1/2 ---
============================================================
搜索词 ：植村秀绿茶卸妆油450ml两瓶装
商品名 ：【149.5万人收藏该品牌】植村秀(shu uemura)绿茶新肌卸妆油450ml保湿控油
品牌    ：植村秀 → 植村秀 | ✅
容量规格：{'450', '2'} → {'450'} | ✅
色号    ：{'绿色'} → {'绿色', '149'}
浓度    ： →  | ✅
简装    ： →  | ✅
套装    ：不含 → 不含 | ✅
清洗后  ：绿茶卸妆油 → 绿茶新肌卸妆油
品名匹配：词袋(75.0%) | ✅
结果    ：✅ PASS | 原因：所有检查通过
============================================================
🔧 标题包含多规格 (容量:{'450'}, 色号:{'绿色', '149'})，尝试进入规格面板匹配...

[DEBUG][get_sku_price_auto] 开始匹配，搜索词: '植村秀绿茶卸妆油450ml两瓶装'
[DEBUG][get_sku_identifiers] 提取中文颜色标识: 绿
[DEBUG][get_sku_identifiers] 提取标识: ['绿色', '450ml', '绿']
[DEBUG][get_sku_price_auto] 当前已选规格匹配，价格: 284
✅ 规格匹配成功，且品名已匹配，校验通过

================================================================================
货品名称：【149.5万人收藏该品牌】植村秀(shu uemura)绿茶新肌卸妆油450ml保湿控油
关键词：植村秀绿茶卸妆油450ml两瓶装
原价：425.0 | 现价：284
匹配规格：已选: 450mL 绿茶卸妆油450ML | 规格价格：284
百亿补贴：是 | 日期：2025-06-01
校验通过：✅ True
================================================================================
--- 进入商品 2/2 ---
============================================================
搜索词 ：植村秀绿茶卸妆油450ml两瓶装
商品名 ：【植村秀】绿茶卸妆洁颜油温和深层清洁450ml
品牌    ：植村秀 → 植村秀 | ✅
容量规格：{'450', '2'} → {'450'} | ✅
色号    ：{'绿色'} → {'绿色'}
浓度    ： →  | ✅
简装    ： →  | ✅
套装    ：不含 → 不含 | ✅
清洗后  ：绿茶卸妆油 → 绿茶卸妆洁颜油深层清洁
品名匹配：词袋(75.0%) | ✅
结果    ：✅ PASS | 原因：所有检查通过
============================================================

================================================================================
货品名称：【植村秀】绿茶卸妆洁颜油温和深层清洁450ml
关键词：植村秀绿茶卸妆油450ml两瓶装
原价：413.0 | 现价：413.0
百亿补贴：是 | 日期：2024-10-01
校验通过：✅ True
================================================================================
✅ 优先级 4 中已有商品通过校验，停止降级
📁 采集记录已保存，总行数：612
📋 校验记录已保存，总记录数：577
✅ 序号 266 已标记为已采集

⏸ 等待 1 秒后继续...
⏳ 等待下一个商品：[██████████████████████████████] 100% (1/1s)

🔍 搜索：圣罗兰女神逆龄粉底液B20

===== 优先级 2，共 3 个商品 =====
--- 进入商品 1/3 ---
============================================================
搜索词 ：圣罗兰女神逆龄粉底液B20
商品名 ：
品牌    ：圣罗兰 → 未匹配 | ❌
容量规格：set() → set() | ❌
色号    ：{'20', 'b20'} → set()
浓度    ： →  | ✅
简装    ： →  | ✅
套装    ：不含 → 不含 | ✅
清洗后  ：女神逆龄粉底液b → 
品名匹配：LCS子序列(0.0%) | ❌
结果    ：❌ FAIL | 原因：品牌不一致；规格不匹配；品名相似不足(ratio=0.0%)
============================================================
🔧 校验失败原因为规格不匹配，尝试进入规格面板匹配...

[DEBUG][get_sku_price_auto] 开始匹配，搜索词: '圣罗兰女神逆龄粉底液B20'
[DEBUG][get_sku_identifiers] 提取标识: ['20', 'b20']
[DEBUG][get_sku_price_auto] 当前已选规格不匹配，尝试点击规格...
[DEBUG][_click_sku_by_identifier] 尝试点击标识: 'b20'
[DEBUG][_click_sku_by_identifier] 尝试点击标识: '20'
[DEBUG][_click_sku_by_identifier] 点击有效规格(可点击): 2025款【仅针对一只蟑螂】
[DEBUG][get_sku_price_auto] 所有标识尝试完毕，仍无价格
⚠️ 规格匹配未获取到有效价格，已记录为匹配失败，校验结果强制为不通过

================================================================================
货品名称：
关键词：圣罗兰女神逆龄粉底液B20
原价：None | 现价：None
匹配规格：匹配失败 | 规格价格：
百亿补贴：否 | 日期：2025-12-31
校验通过：❌ False
================================================================================
--- 进入商品 2/3 ---
============================================================
搜索词 ：圣罗兰女神逆龄粉底液B20
商品名 ：
品牌    ：圣罗兰 → 未匹配 | ❌
容量规格：set() → set() | ❌
色号    ：{'20', 'b20'} → set()
浓度    ： →  | ✅
简装    ： →  | ✅
套装    ：不含 → 不含 | ✅
清洗后  ：女神逆龄粉底液b → 
品名匹配：LCS子序列(0.0%) | ❌
结果    ：❌ FAIL | 原因：品牌不一致；规格不匹配；品名相似不足(ratio=0.0%)
============================================================
🔧 校验失败原因为规格不匹配，尝试进入规格面板匹配...

[DEBUG][get_sku_price_auto] 开始匹配，搜索词: '圣罗兰女神逆龄粉底液B20'
[DEBUG][get_sku_identifiers] 提取标识: ['20', 'b20']
[DEBUG][get_sku_price_auto] 当前已选规格匹配但无价格，尝试点击款式...
[DEBUG][get_sku_price_auto] 点击款式后仍无价格
⚠️ 规格匹配未获取到有效价格，已记录为匹配失败，校验结果强制为不通过

================================================================================
货品名称：
关键词：圣罗兰女神逆龄粉底液B20
原价：None | 现价：None
匹配规格：匹配失败 | 规格价格：
百亿补贴：否 | 日期：2025-12-31
校验通过：❌ False
================================================================================
--- 进入商品 3/3 ---
============================================================
搜索词 ：圣罗兰女神逆龄粉底液B20
商品名 ：【正品鉴定】圣罗兰妍活青春粉底液 女神逆龄粉底BR20
品牌    ：圣罗兰 → 圣罗兰 | ✅
容量规格：set() → set() | ❌
色号    ：{'20', 'b20'} → {'20', 'br20'}
浓度    ： →  | ✅
简装    ： →  | ✅
套装    ：不含 → 不含 | ✅
清洗后  ：女神逆龄粉底液b → 妍活青春粉底液女神逆龄粉底br
品名匹配：词袋(100.0%) | ✅
结果    ：❌ FAIL | 原因：规格不匹配
============================================================
🔧 标题包含多规格 (容量:set(), 色号:{'20', 'br20'})，尝试进入规格面板匹配...

[DEBUG][get_sku_price_auto] 开始匹配，搜索词: '圣罗兰女神逆龄粉底液B20'
[DEBUG][get_sku_identifiers] 提取标识: ['20', 'b20']
[DEBUG][get_sku_price_auto] 当前已选规格匹配，价格: 342
✅ 规格匹配成功，且品名已匹配，校验通过

================================================================================
货品名称：【正品鉴定】圣罗兰妍活青春粉底液 女神逆龄粉底BR20
关键词：圣罗兰女神逆龄粉底液B20
原价：342.0 | 现价：342
匹配规格：已选: 30mL B20 圣罗兰妍活青春粉底液 无礼盒 | 规格价格：342
百亿补贴：否 | 日期：
校验通过：✅ True
================================================================================
✅ 优先级 2 中已有商品通过校验，停止降级
📁 采集记录已保存，总行数：616
📋 校验记录已保存，总记录数：580
✅ 序号 267 已标记为已采集

⏸ 等待 1 秒后继续...
⏳ 等待下一个商品：[██████████████████████████████] 100% (1/1s)

🔍 搜索：兰蔻菁纯眼霜20ml两瓶装
❌ 未识别商品
📁 采集记录已保存，总行数：618
📋 校验记录已保存，总记录数：582
✅ 序号 268 已标记为已采集

⏸ 等待 1 秒后继续...
⏳ 等待下一个商品：[██████████████████████████████] 100% (1/1s)

🔍 搜索：兰蔻第三代肌底液100ml
❌ 异常：{'code': -32002, 'data': "Selector [className='android.widget.EditText']", 'method': 'wait'}
Traceback (most recent call last):
  File "/Users/vincentli/PycharmProjects/PythonProject/2026-4 群控/yolo/整合详情页采集/采集10.4 日志.py", line 833, in main
    search_product(kw)
  File "/Users/vincentli/PycharmProjects/PythonProject/2026-4 群控/yolo/整合详情页采集/采集10.4 日志.py", line 209, in search_product
    d(className="android.widget.EditText").clear_text()
  File "/opt/miniconda3/envs/py3.8/lib/python3.8/site-packages/uiautomator2/_selector.py", line 357, in clear_text
    self.must_wait(timeout=timeout)
  File "/opt/miniconda3/envs/py3.8/lib/python3.8/site-packages/uiautomator2/_selector.py", line 338, in must_wait
    raise UiObjectNotFoundError({'code': -32002, 'data': str(self.selector), 'method': 'wait'})
uiautomator2.exceptions.UiObjectNotFoundError: {'code': -32002, 'data': "Selector [className='android.widget.EditText']", 'method': 'wait'}

🔴 强制返回首页...
🟢 已回到首页

🔍 搜索：兰蔻第三代肌底液100ml

===== 优先级 4，共 1 个商品 =====
--- 进入商品 1/1 ---
============================================================
搜索词 ：兰蔻第三代肌底液100ml
商品名 ：【兰蔻】小黑瓶肌底液第三代超修精华100ml
品牌    ：兰蔻 → 兰蔻 | ✅
容量规格：{'100'} → {'100'} | ✅
色号    ：set() → set()
浓度    ： →  | ✅
简装    ： →  | ✅
套装    ：不含 → 不含 | ✅
清洗后  ：第三代肌底液 → 小黑瓶肌底液第三代超修
品名匹配：词袋(83.3%) | ✅
结果    ：✅ PASS | 原因：所有检查通过
============================================================

================================================================================
货品名称：【兰蔻】小黑瓶肌底液第三代超修精华100ml
关键词：兰蔻第三代肌底液100ml
原价：799.0 | 现价：799.0
百亿补贴：是 | 日期：2025-01-01
校验通过：✅ True
================================================================================
✅ 优先级 4 中已有商品通过校验，停止降级
📁 采集记录已保存，总行数：619
📋 校验记录已保存，总记录数：583
✅ 序号 269 已标记为已采集

⏸ 等待 1 秒后继续...
⏳ 等待下一个商品：[██████████████████████████████] 100% (1/1s)

🔍 搜索：衰败城市牛郎眼影

===== 优先级 2，共 2 个商品 =====
--- 进入商品 1/2 ---
============================================================
搜索词 ：衰败城市牛郎眼影
商品名 ：
品牌    ：衰败城市 → 未匹配 | ❌
容量规格：set() → set() | ✅
色号    ：set() → set()
浓度    ： →  | ✅
简装    ： →  | ✅
套装    ：不含 → 不含 | ✅
清洗后  ：牛郎眼影 → 
品名匹配：LCS子序列(0.0%) | ❌
结果    ：❌ FAIL | 原因：品牌不一致；品名相似不足(ratio=0.0%)
============================================================

================================================================================
货品名称：
关键词：衰败城市牛郎眼影
原价：None | 现价：None
百亿补贴：否 | 日期：2025-12-31
校验通过：❌ False
================================================================================
--- 进入商品 2/2 ---
============================================================
搜索词 ：衰败城市牛郎眼影
商品名 ：
品牌    ：衰败城市 → 未匹配 | ❌
容量规格：set() → set() | ✅
色号    ：set() → set()
浓度    ： →  | ✅
简装    ： →  | ✅
套装    ：不含 → 不含 | ✅
清洗后  ：牛郎眼影 → 
品名匹配：LCS子序列(0.0%) | ❌
结果    ：❌ FAIL | 原因：品牌不一致；品名相似不足(ratio=0.0%)
============================================================

================================================================================
货品名称：
关键词：衰败城市牛郎眼影
原价：None | 现价：None
百亿补贴：否 | 日期：2025-12-31
校验通过：❌ False
================================================================================
⚠️ 优先级 2 全部未通过，尝试下一优先级
🔽 降级到全球购，返回顶部并重新识别（不自动下滑）

===== 优先级 1，共 3 个商品 =====
--- 进入商品 1/3 ---
============================================================
搜索词 ：衰败城市牛郎眼影
商品名 ：【5071人收藏】UrbanDecay衰败城市牛郎单色眼影1.8g超爆闪亮片经典ud橘气摇滚【5天内发货】
品牌    ：衰败城市 → 衰败城市 | ✅
容量规格：set() → {'1.8'} | ✅
色号    ：set() → {'5071'}
浓度    ： →  | ✅
简装    ： →  | ✅
套装    ：不含 → 不含 | ✅
清洗后  ：牛郎眼影 → 牛郎单色眼影超爆闪亮片经典ud橘气摇滚
品名匹配：词袋(66.7%) | ✅
结果    ：✅ PASS | 原因：所有检查通过
============================================================

================================================================================
货品名称：【5071人收藏】UrbanDecay衰败城市牛郎单色眼影1.8g超爆闪亮片经典ud橘气摇滚【5天内发货】
关键词：衰败城市牛郎眼影
原价：56.79 | 现价：56.79
百亿补贴：否 | 日期：
校验通过：✅ True
================================================================================
--- 进入商品 2/3 ---
============================================================
搜索词 ：衰败城市牛郎眼影
商品名 ：【1237人收藏】urbandecay衰败城市ud牛郎眼影盘心动四色盘哑光高光闪亮片礼物
品牌    ：衰败城市 → 衰败城市 | ✅
容量规格：set() → set() | ✅
色号    ：set() → {'1237'}
浓度    ： →  | ✅
简装    ： →  | ✅
套装    ：不含 → 不含 | ✅
清洗后  ：牛郎眼影 → ud牛郎眼影盘心动四色盘哑光高光闪亮片礼物
品名匹配：词袋(100.0%) | ✅
结果    ：✅ PASS | 原因：所有检查通过
============================================================

================================================================================
货品名称：【1237人收藏】urbandecay衰败城市ud牛郎眼影盘心动四色盘哑光高光闪亮片礼物
关键词：衰败城市牛郎眼影
原价：125.0 | 现价：125.0
百亿补贴：否 | 日期：
校验通过：✅ True
================================================================================
--- 进入商品 3/3 ---
============================================================
搜索词 ：衰败城市牛郎眼影
商品名 ：urbandecay衰败城市ud牛郎眼影盘心动四色盘哑光高光闪亮片礼物
品牌    ：衰败城市 → 衰败城市 | ✅
容量规格：set() → set() | ✅
色号    ：set() → set()
浓度    ： →  | ✅
简装    ： →  | ✅
套装    ：不含 → 不含 | ✅
清洗后  ：牛郎眼影 → ud牛郎眼影盘心动四色盘哑光高光闪亮片礼物
品名匹配：词袋(100.0%) | ✅
结果    ：✅ PASS | 原因：所有检查通过
============================================================

================================================================================
货品名称：urbandecay衰败城市ud牛郎眼影盘心动四色盘哑光高光闪亮片礼物
关键词：衰败城市牛郎眼影
原价：125.0 | 现价：125.0
百亿补贴：否 | 日期：
校验通过：✅ True
================================================================================
✅ 优先级 1 中已有商品通过校验，停止降级
📁 采集记录已保存，总行数：624
📋 校验记录已保存，总记录数：588
✅ 序号 270 已标记为已采集

⏸ 等待 1 秒后继续...
⏳ 等待下一个商品：[██████████████████████████████] 100% (1/1s)

🔍 搜索：娇兰帝皇蜂姿第三代黄金复原蜜50ML

===== 优先级 2，共 2 个商品 =====
--- 进入商品 1/2 ---
============================================================
搜索词 ：娇兰帝皇蜂姿第三代黄金复原蜜50ML
商品名 ：
品牌    ：娇兰 → 未匹配 | ❌
容量规格：{'50'} → set() | ❌
色号    ：set() → set()
浓度    ： →  | ✅
简装    ： →  | ✅
套装    ：不含 → 不含 | ✅
清洗后  ：帝皇蜂姿第三代黄金复原蜜 → 
品名匹配：LCS子序列(0.0%) | ❌
结果    ：❌ FAIL | 原因：品牌不一致；规格不匹配；品名相似不足(ratio=0.0%)
============================================================
🔧 校验失败原因为规格不匹配，尝试进入规格面板匹配...

[DEBUG][get_sku_price_auto] 开始匹配，搜索词: '娇兰帝皇蜂姿第三代黄金复原蜜50ML'
[DEBUG][get_sku_identifiers] 提取标识: ['50ml']
[DEBUG][get_sku_price_auto] 当前已选规格不匹配，尝试点击规格...
[DEBUG][get_sku_price_auto] 所有标识尝试完毕，仍无价格
⚠️ 规格匹配未获取到有效价格，已记录为匹配失败，校验结果强制为不通过

================================================================================
货品名称：
关键词：娇兰帝皇蜂姿第三代黄金复原蜜50ML
原价：None | 现价：None
匹配规格：匹配失败 | 规格价格：
百亿补贴：否 | 日期：2025-12-31
校验通过：❌ False
================================================================================
--- 进入商品 2/2 ---
============================================================
搜索词 ：娇兰帝皇蜂姿第三代黄金复原蜜50ML
商品名 ：
品牌    ：娇兰 → 未匹配 | ❌
容量规格：{'50'} → set() | ❌
色号    ：set() → set()
浓度    ： →  | ✅
简装    ： →  | ✅
套装    ：不含 → 不含 | ✅
清洗后  ：帝皇蜂姿第三代黄金复原蜜 → 
品名匹配：LCS子序列(0.0%) | ❌
结果    ：❌ FAIL | 原因：品牌不一致；规格不匹配；品名相似不足(ratio=0.0%)
============================================================
🔧 校验失败原因为规格不匹配，尝试进入规格面板匹配...

[DEBUG][get_sku_price_auto] 开始匹配，搜索词: '娇兰帝皇蜂姿第三代黄金复原蜜50ML'
[DEBUG][get_sku_identifiers] 提取标识: ['50ml']
[DEBUG][get_sku_price_auto] 当前已选规格不匹配，尝试点击规格...
[DEBUG][get_sku_price_auto] 所有标识尝试完毕，仍无价格
⚠️ 规格匹配未获取到有效价格，已记录为匹配失败，校验结果强制为不通过

================================================================================
货品名称：
关键词：娇兰帝皇蜂姿第三代黄金复原蜜50ML
原价：None | 现价：None
匹配规格：匹配失败 | 规格价格：
百亿补贴：否 | 日期：2025-12-31
校验通过：❌ False
================================================================================
⚠️ 优先级 2 全部未通过，尝试下一优先级
🔽 降级到全球购，返回顶部并重新识别（不自动下滑）

===== 优先级 1，共 3 个商品 =====
--- 进入商品 1/3 ---
============================================================
搜索词 ：娇兰帝皇蜂姿第三代黄金复原蜜50ML
商品名 ：【Guerlain】 娇兰第三代复原蜜50ml 帝皇蜂姿精华白盒简装抗老修护蜜【5天内发货】
品牌    ：娇兰 → 娇兰 | ✅
容量规格：{'50'} → {'50'} | ✅
色号    ：set() → set()
浓度    ： →  | ✅
简装    ： → 简装 | ✅
套装    ：不含 → 不含 | ✅
清洗后  ：帝皇蜂姿第三代黄金复原蜜 → 第三代复原蜜帝皇蜂姿白盒简装抗老蜜
品名匹配：词袋(63.6%) | ✅
结果    ：✅ PASS | 原因：所有检查通过
============================================================

================================================================================
货品名称：【Guerlain】 娇兰第三代复原蜜50ml 帝皇蜂姿精华白盒简装抗老修护蜜【5天内发货】
关键词：娇兰帝皇蜂姿第三代黄金复原蜜50ML
原价：650.0 | 现价：650.0
百亿补贴：否 | 日期：
校验通过：✅ True
================================================================================
--- 进入商品 2/3 ---
============================================================
搜索词 ：娇兰帝皇蜂姿第三代黄金复原蜜50ML
商品名 ：【娇兰】双管精华50ml帝皇蜂姿双效欢心修护精华露复原蜜50ml
品牌    ：娇兰 → 娇兰 | ✅
容量规格：{'50'} → {'50'} | ✅
色号    ：set() → set()
浓度    ： →  | ✅
简装    ： →  | ✅
套装    ：不含 → 不含 | ✅
清洗后  ：帝皇蜂姿第三代黄金复原蜜 → 双管帝皇蜂姿双效欢心露复原蜜
品名匹配：词袋(45.5%) | ✅
结果    ：✅ PASS | 原因：所有检查通过
============================================================

================================================================================
货品名称：【娇兰】双管精华50ml帝皇蜂姿双效欢心修护精华露复原蜜50ml
关键词：娇兰帝皇蜂姿第三代黄金复原蜜50ML
原价：638.0 | 现价：425.0
百亿补贴：否 | 日期：
校验通过：✅ True
================================================================================
--- 进入商品 3/3 ---
============================================================
搜索词 ：娇兰帝皇蜂姿第三代黄金复原蜜50ML
商品名 ：【Guerlain】娇兰帝皇蜂姿复原蜜精华50ml第三代
品牌    ：娇兰 → 娇兰 | ✅
容量规格：{'50'} → {'50'} | ✅
色号    ：set() → set()
浓度    ： →  | ✅
简装    ： →  | ✅
套装    ：不含 → 不含 | ✅
清洗后  ：帝皇蜂姿第三代黄金复原蜜 → 帝皇蜂姿复原蜜第三代
品名匹配：词袋(63.6%) | ✅
结果    ：✅ PASS | 原因：所有检查通过
============================================================

================================================================================
货品名称：【Guerlain】娇兰帝皇蜂姿复原蜜精华50ml第三代
关键词：娇兰帝皇蜂姿第三代黄金复原蜜50ML
原价：380.0 | 现价：380.0
百亿补贴：否 | 日期：
校验通过：✅ True
================================================================================
✅ 优先级 1 中已有商品通过校验，停止降级
📁 采集记录已保存，总行数：632
📋 校验记录已保存，总记录数：595
✅ 序号 271 已标记为已采集

⏸ 等待 1 秒后继续...
⏳ 等待下一个商品：[██████████████████████████████] 100% (1/1s)

🔍 搜索：娇兰帝皇蜂姿第三代黄金复原蜜50ML

===== 优先级 2，共 2 个商品 =====
--- 进入商品 1/2 ---
============================================================
搜索词 ：娇兰帝皇蜂姿第三代黄金复原蜜50ML
商品名 ：
品牌    ：娇兰 → 未匹配 | ❌
容量规格：{'50'} → set() | ❌
色号    ：set() → set()
浓度    ： →  | ✅
简装    ： →  | ✅
套装    ：不含 → 不含 | ✅
清洗后  ：帝皇蜂姿第三代黄金复原蜜 → 
品名匹配：LCS子序列(0.0%) | ❌
结果    ：❌ FAIL | 原因：品牌不一致；规格不匹配；品名相似不足(ratio=0.0%)
============================================================
🔧 校验失败原因为规格不匹配，尝试进入规格面板匹配...

[DEBUG][get_sku_price_auto] 开始匹配，搜索词: '娇兰帝皇蜂姿第三代黄金复原蜜50ML'
[DEBUG][get_sku_identifiers] 提取标识: ['50ml']
[DEBUG][get_sku_price_auto] 当前已选规格不匹配，尝试点击规格...
[DEBUG][get_sku_price_auto] 所有标识尝试完毕，仍无价格
⚠️ 规格匹配未获取到有效价格，已记录为匹配失败，校验结果强制为不通过

================================================================================
货品名称：
关键词：娇兰帝皇蜂姿第三代黄金复原蜜50ML
原价：None | 现价：None
匹配规格：匹配失败 | 规格价格：
百亿补贴：否 | 日期：2025-12-31
校验通过：❌ False
================================================================================
--- 进入商品 2/2 ---
============================================================
搜索词 ：娇兰帝皇蜂姿第三代黄金复原蜜50ML
商品名 ：
品牌    ：娇兰 → 未匹配 | ❌
容量规格：{'50'} → set() | ❌
色号    ：set() → set()
浓度    ： →  | ✅
简装    ： →  | ✅
套装    ：不含 → 不含 | ✅
清洗后  ：帝皇蜂姿第三代黄金复原蜜 → 
品名匹配：LCS子序列(0.0%) | ❌
结果    ：❌ FAIL | 原因：品牌不一致；规格不匹配；品名相似不足(ratio=0.0%)
============================================================
🔧 校验失败原因为规格不匹配，尝试进入规格面板匹配...

[DEBUG][get_sku_price_auto] 开始匹配，搜索词: '娇兰帝皇蜂姿第三代黄金复原蜜50ML'
[DEBUG][get_sku_identifiers] 提取标识: ['50ml']
[DEBUG][get_sku_price_auto] 当前已选规格不匹配，尝试点击规格...
[DEBUG][get_sku_price_auto] 所有标识尝试完毕，仍无价格
⚠️ 规格匹配未获取到有效价格，已记录为匹配失败，校验结果强制为不通过

================================================================================
货品名称：
关键词：娇兰帝皇蜂姿第三代黄金复原蜜50ML
原价：None | 现价：None
匹配规格：匹配失败 | 规格价格：
百亿补贴：否 | 日期：2025-12-31
校验通过：❌ False
================================================================================
⚠️ 优先级 2 全部未通过，尝试下一优先级
🔽 降级到全球购，返回顶部并重新识别（不自动下滑）

===== 优先级 1，共 3 个商品 =====
--- 进入商品 1/3 ---
============================================================
搜索词 ：娇兰帝皇蜂姿第三代黄金复原蜜50ML
商品名 ：【Guerlain】 娇兰第三代复原蜜50ml 帝皇蜂姿精华白盒简装抗老修护蜜【5天内发货】
品牌    ：娇兰 → 娇兰 | ✅
容量规格：{'50'} → {'50'} | ✅
色号    ：set() → set()
浓度    ： →  | ✅
简装    ： → 简装 | ✅
套装    ：不含 → 不含 | ✅
清洗后  ：帝皇蜂姿第三代黄金复原蜜 → 第三代复原蜜帝皇蜂姿白盒简装抗老蜜
品名匹配：词袋(63.6%) | ✅
结果    ：✅ PASS | 原因：所有检查通过
============================================================

================================================================================
货品名称：【Guerlain】 娇兰第三代复原蜜50ml 帝皇蜂姿精华白盒简装抗老修护蜜【5天内发货】
关键词：娇兰帝皇蜂姿第三代黄金复原蜜50ML
原价：650.0 | 现价：650.0
百亿补贴：否 | 日期：
校验通过：✅ True
================================================================================
--- 进入商品 2/3 ---
============================================================
搜索词 ：娇兰帝皇蜂姿第三代黄金复原蜜50ML
商品名 ：【娇兰】双管精华50ml帝皇蜂姿双效欢心修护精华露复原蜜50ml
品牌    ：娇兰 → 娇兰 | ✅
容量规格：{'50'} → {'50'} | ✅
色号    ：set() → set()
浓度    ： →  | ✅
简装    ： →  | ✅
套装    ：不含 → 不含 | ✅
清洗后  ：帝皇蜂姿第三代黄金复原蜜 → 双管帝皇蜂姿双效欢心露复原蜜
品名匹配：词袋(45.5%) | ✅
结果    ：✅ PASS | 原因：所有检查通过
============================================================

================================================================================
货品名称：【娇兰】双管精华50ml帝皇蜂姿双效欢心修护精华露复原蜜50ml
关键词：娇兰帝皇蜂姿第三代黄金复原蜜50ML
原价：638.0 | 现价：425.0
百亿补贴：否 | 日期：
校验通过：✅ True
================================================================================
--- 进入商品 3/3 ---
============================================================
搜索词 ：娇兰帝皇蜂姿第三代黄金复原蜜50ML
商品名 ：【Guerlain】娇兰帝皇蜂姿复原蜜精华50ml第三代
品牌    ：娇兰 → 娇兰 | ✅
容量规格：{'50'} → {'50'} | ✅
色号    ：set() → set()
浓度    ： →  | ✅
简装    ： →  | ✅
套装    ：不含 → 不含 | ✅
清洗后  ：帝皇蜂姿第三代黄金复原蜜 → 帝皇蜂姿复原蜜第三代
品名匹配：词袋(63.6%) | ✅
结果    ：✅ PASS | 原因：所有检查通过
============================================================

================================================================================
货品名称：【Guerlain】娇兰帝皇蜂姿复原蜜精华50ml第三代
关键词：娇兰帝皇蜂姿第三代黄金复原蜜50ML
原价：380.0 | 现价：380.0
百亿补贴：否 | 日期：
校验通过：✅ True
================================================================================
✅ 优先级 1 中已有商品通过校验，停止降级
📁 采集记录已保存，总行数：640
📋 校验记录已保存，总记录数：602
✅ 序号 272 已标记为已采集

⏸ 等待 1 秒后继续...
⏳ 等待下一个商品：[██████████████████████████████] 100% (1/1s)

🔍 搜索：爱马仕大地淡香水50ml

===== 优先级 4，共 1 个商品 =====
--- 进入商品 1/1 ---
============================================================
搜索词 ：爱马仕大地淡香水50ml
商品名 ：【爱马仕】Hermes大地经典男士淡香水EDT50ml*2对装持久木质香调
品牌    ：爱马仕 → 爱马仕 | ✅
容量规格：{'50'} → {'50', '2'} | ✅
色号    ：set() → set()
浓度    ：淡香 → 淡香 | ✅
简装    ： →  | ✅
套装    ：不含 → 不含 | ✅
清洗后  ：大地水 → 大地经典男士水装木质香调
品名匹配：词袋(50.0%) | ✅
结果    ：✅ PASS | 原因：所有检查通过
============================================================
🔧 标题包含多规格 (容量:{'50', '2'}, 色号:set())，尝试进入规格面板匹配...

[DEBUG][get_sku_price_auto] 开始匹配，搜索词: '爱马仕大地淡香水50ml'
[DEBUG][get_sku_identifiers] 提取标识: ['50ml']
[DEBUG][get_sku_price_auto] 当前已选规格匹配，价格: 430
✅ 规格匹配成功，且品名已匹配，校验通过

================================================================================
货品名称：【爱马仕】Hermes大地经典男士淡香水EDT50ml*2对装持久木质香调
关键词：爱马仕大地淡香水50ml
原价：599.0 | 现价：430
匹配规格：已选: 大地淡香水50ml*2 | 规格价格：430
百亿补贴：否 | 日期：2024-03-01
校验通过：✅ True
================================================================================
✅ 优先级 4 中已有商品通过校验，停止降级
📁 采集记录已保存，总行数：645
📋 校验记录已保存，总记录数：605
✅ 序号 273 已标记为已采集

⏸ 等待 1 秒后继续...
⏳ 等待下一个商品：[██████████████████████████████] 100% (1/1s)

🔍 搜索：苏秘气垫1号

===== 优先级 4，共 2 个商品 =====
--- 进入商品 1/2 ---
============================================================
搜索词 ：苏秘气垫1号
商品名 ：韩国直邮SU:M37°苏秘鎏金溯芒黄金养肤气垫套盒1号白皙色 一正2替【5天内发货】
品牌    ：苏秘 → 苏秘 | ✅
容量规格：set() → set() | ✅
色号    ：set() → {'m37', '37'}
浓度    ： →  | ✅
简装    ： →  | ✅
套装    ：不含 → 不含 | ✅
清洗后  ：气垫1号 → 韩国鎏金溯芒黄金养肤气垫套盒1号白皙色一正2替
品名匹配：词袋(50.0%) | ✅
结果    ：✅ PASS | 原因：所有检查通过
============================================================

================================================================================
货品名称：韩国直邮SU:M37°苏秘鎏金溯芒黄金养肤气垫套盒1号白皙色 一正2替【5天内发货】
关键词：苏秘气垫1号
原价：190.0 | 现价：190.0
百亿补贴：否 | 日期：2026-04-01
校验通过：✅ True
================================================================================
--- 进入商品 2/2 ---
============================================================
搜索词 ：苏秘气垫1号
商品名 ：【累计热销16.5万+件】礼盒装韩国SU:M37苏秘惊喜气垫套BB霜粉底液提亮防晒清透1号色
品牌    ：苏秘 → 苏秘 | ✅
容量规格：set() → set() | ✅
色号    ：set() → {'m37', '37'}
浓度    ： →  | ✅
简装    ： →  | ✅
套装    ：不含 → 不含 | ✅
清洗后  ：气垫1号 → 礼盒装韩国惊喜气垫套bb霜粉底液提亮防晒1号色
品名匹配：词袋(50.0%) | ✅
结果    ：✅ PASS | 原因：所有检查通过
============================================================

================================================================================
货品名称：【累计热销16.5万+件】礼盒装韩国SU:M37苏秘惊喜气垫套BB霜粉底液提亮防晒清透1号色
关键词：苏秘气垫1号
原价：None | 现价：None
百亿补贴：是 | 日期：2025-05-20
校验通过：✅ True
================================================================================
✅ 优先级 4 中已有商品通过校验，停止降级
📁 采集记录已保存，总行数：648
📋 校验记录已保存，总记录数：607
✅ 序号 274 已标记为已采集

⏸ 等待 1 秒后继续...
⏳ 等待下一个商品：[██████████████████████████████] 100% (1/1s)

🔍 搜索：雅诗兰黛 鲜活亮采红石榴倍润水 200ml

===== 优先级 2，共 1 个商品 =====
--- 进入商品 1/1 ---
============================================================
搜索词 ：雅诗兰黛 鲜活亮采红石榴倍润水 200ml
商品名 ：【品牌好评490.2万+条】ESTEELAUDER雅诗兰黛红石榴水200ml/瓶(新版)鲜活亮采精华水
品牌    ：雅诗兰黛 → 雅诗兰黛 | ✅
容量规格：{'200'} → {'200'} | ✅
色号    ：set() → set()
浓度    ： →  | ✅
简装    ： →  | ✅
套装    ：不含 → 不含 | ✅
清洗后  ：鲜活亮采红石榴倍润水 → 红石榴水鲜活亮采水
品名匹配：词袋(55.6%) | ✅
结果    ：✅ PASS | 原因：所有检查通过
============================================================

================================================================================
货品名称：【品牌好评490.2万+条】ESTEELAUDER雅诗兰黛红石榴水200ml/瓶(新版)鲜活亮采精华水
关键词：雅诗兰黛 鲜活亮采红石榴倍润水 200ml
原价：162.0 | 现价：162.0
百亿补贴：否 | 日期：2025-04-01
校验通过：✅ True
================================================================================
✅ 优先级 2 中已有商品通过校验，停止降级
📁 采集记录已保存，总行数：650
📋 校验记录已保存，总记录数：608
✅ 序号 275 已标记为已采集

⏸ 等待 1 秒后继续...
⏳ 等待下一个商品：[██████████████████████████████] 100% (1/1s)

🔍 搜索：YSL圣罗兰夜皇后50ml

===== 优先级 2，共 1 个商品 =====
--- 进入商品 1/1 ---
============================================================
搜索词 ：YSL圣罗兰夜皇后50ml
商品名 ：【圣罗兰】夜皇后精华50ml夜间修复焕活肌肤滋润熬夜肌肤
品牌    ：圣罗兰 → 圣罗兰 | ✅
容量规格：{'50'} → {'50'} | ✅
色号    ：set() → set()
浓度    ： →  | ✅
简装    ： →  | ✅
套装    ：不含 → 不含 | ✅
清洗后  ：夜皇后 → 夜皇后夜间修复焕活肌肤熬夜肌肤
品名匹配：词袋(100.0%) | ✅
结果    ：✅ PASS | 原因：所有检查通过
============================================================

================================================================================
货品名称：【圣罗兰】夜皇后精华50ml夜间修复焕活肌肤滋润熬夜肌肤
关键词：YSL圣罗兰夜皇后50ml
原价：699.0 | 现价：699.0
百亿补贴：否 | 日期：2025-05-01
校验通过：✅ True
================================================================================
✅ 优先级 2 中已有商品通过校验，停止降级
📁 采集记录已保存，总行数：652
📋 校验记录已保存，总记录数：609
✅ 序号 276 已标记为已采集

⏸ 等待 1 秒后继续...
⏳ 等待下一个商品：[██████████████████████████████] 100% (1/1s)

🔍 搜索：YSL圣罗兰恒久粉底液25年新款粉盖LC1

===== 优先级 4，共 1 个商品 =====
--- 进入商品 1/1 ---
============================================================
搜索词 ：YSL圣罗兰恒久粉底液25年新款粉盖LC1
商品名 ：【1282.5万人收藏该品牌】YSL/圣罗兰恒久粉底液粉盖#LC1号色25ml控油持妆
品牌    ：圣罗兰 → 圣罗兰 | ✅
容量规格：set() → {'25'} | ✅
色号    ：{'lc1'} → {'lc1', '1282'}
浓度    ： →  | ✅
简装    ： →  | ✅
套装    ：不含 → 不含 | ✅
清洗后  ：恒久粉底液新粉盖lc1 → 恒久粉底液粉盖号色持妆
品名匹配：词袋(71.4%) | ✅
结果    ：✅ PASS | 原因：所有检查通过
============================================================
🔧 标题包含多规格 (容量:{'25'}, 色号:{'lc1', '1282'})，尝试进入规格面板匹配...

[DEBUG][get_sku_price_auto] 开始匹配，搜索词: 'YSL圣罗兰恒久粉底液25年新款粉盖LC1'
[DEBUG][get_sku_identifiers] 提取标识: ['lc1', 'lc']
[DEBUG][get_sku_price_auto] 当前已选规格匹配，价格: 264.18
✅ 规格匹配成功，且品名已匹配，校验通过

================================================================================
货品名称：【1282.5万人收藏该品牌】YSL/圣罗兰恒久粉底液粉盖#LC1号色25ml控油持妆
关键词：YSL圣罗兰恒久粉底液25年新款粉盖LC1
原价：499.0 | 现价：264.18
匹配规格：已选: 25mL LC1 白皙色 粉盖款 | 规格价格：264.18
百亿补贴：是 | 日期：2025-10-01
校验通过：✅ True
================================================================================
✅ 优先级 4 中已有商品通过校验，停止降级
📁 采集记录已保存，总行数：654
📋 校验记录已保存，总记录数：610
✅ 序号 277 已标记为已采集

⏸ 等待 1 秒后继续...
⏳ 等待下一个商品：[██████████████████████████████] 100% (1/1s)

🔍 搜索：YSL圣罗兰恒久粉底液25年新款粉盖LC2

===== 优先级 4，共 2 个商品 =====
--- 进入商品 1/2 ---
============================================================
搜索词 ：YSL圣罗兰恒久粉底液25年新款粉盖LC2
商品名 ：【店铺热销】YSL/圣罗兰25年新品粉盖恒久粉底液LC1/LC2 滋润持妆25ml【5天内发货】
品牌    ：圣罗兰 → 圣罗兰 | ✅
容量规格：set() → {'25'} | ✅
色号    ：{'lc2'} → {'lc1', 'lc2'}
浓度    ： →  | ✅
简装    ： →  | ✅
套装    ：不含 → 不含 | ✅
清洗后  ：恒久粉底液新粉盖lc2 → 粉盖恒久粉底液lc1lc2持妆
品名匹配：词袋(71.4%) | ✅
结果    ：✅ PASS | 原因：所有检查通过
============================================================
🔧 标题包含多规格 (容量:{'25'}, 色号:{'lc1', 'lc2'})，尝试进入规格面板匹配...

[DEBUG][get_sku_price_auto] 开始匹配，搜索词: 'YSL圣罗兰恒久粉底液25年新款粉盖LC2'
[DEBUG][get_sku_identifiers] 提取标识: ['lc2', 'lc']
[DEBUG][get_sku_price_auto] 当前已选规格匹配，价格: 260.2
✅ 规格匹配成功，且品名已匹配，校验通过

================================================================================
货品名称：【店铺热销】YSL/圣罗兰25年新品粉盖恒久粉底液LC1/LC2 滋润持妆25ml【5天内发货】
关键词：YSL圣罗兰恒久粉底液25年新款粉盖LC2
原价：399.0 | 现价：260.2
匹配规格：已选: 25mL LC2 自然白皙 | 规格价格：260.2
百亿补贴：是 | 日期：2025-07-25
校验通过：✅ True
================================================================================
--- 进入商品 2/2 ---
============================================================
搜索词 ：YSL圣罗兰恒久粉底液25年新款粉盖LC2
商品名 ：【正品行货】YSL圣罗兰25年新款恒久粉底液Lc2粉盖混干持妆服帖【5天内发货】
品牌    ：圣罗兰 → 圣罗兰 | ✅
容量规格：set() → set() | ✅
色号    ：{'lc2'} → {'lc2'}
浓度    ： →  | ✅
简装    ： →  | ✅
套装    ：不含 → 不含 | ✅
清洗后  ：恒久粉底液新粉盖lc2 → 新恒久粉底液lc2粉盖混干持妆
品名匹配：词袋(71.4%) | ✅
结果    ：✅ PASS | 原因：所有检查通过
============================================================

================================================================================
货品名称：【正品行货】YSL圣罗兰25年新款恒久粉底液Lc2粉盖混干持妆服帖【5天内发货】
关键词：YSL圣罗兰恒久粉底液25年新款粉盖LC2
原价：271.0 | 现价：271.0
百亿补贴：否 | 日期：2025-06-01
校验通过：✅ True
================================================================================
✅ 优先级 4 中已有商品通过校验，停止降级
📁 采集记录已保存，总行数：657
📋 校验记录已保存，总记录数：612
✅ 序号 278 已标记为已采集

⏸ 等待 1 秒后继续...
⏳ 等待下一个商品：[██████████████████████████████] 100% (1/1s)

🔍 搜索：兰蔻小白管轻适水漾防晒乳 50ml*2

===== 优先级 2，共 2 个商品 =====
--- 进入商品 1/2 ---
============================================================
搜索词 ：兰蔻小白管轻适水漾防晒乳 50ml*2
商品名 ：【】两支 单品 兰蔻新版小白管轻透水漾防晒乳50ml
品牌    ：兰蔻 → 兰蔻 | ✅
容量规格：{'50', '2'} → {'50', '2'} | ✅
色号    ：set() → set()
浓度    ： →  | ✅
简装    ： →  | ✅
套装    ：不含 → 不含 | ✅
清洗后  ：小白管轻适水漾防晒乳 → 新小白管轻透水漾防晒乳
品名匹配：词袋(80.0%) | ✅
结果    ：✅ PASS | 原因：所有检查通过
============================================================
🔧 标题包含多规格 (容量:{'50', '2'}, 色号:set())，尝试进入规格面板匹配...

[DEBUG][get_sku_price_auto] 开始匹配，搜索词: '兰蔻小白管轻适水漾防晒乳 50ml*2'
[DEBUG][get_sku_identifiers] 提取标识: ['50ml']
[DEBUG][get_sku_price_auto] 当前已选规格匹配，价格: 659
✅ 规格匹配成功，且品名已匹配，校验通过

================================================================================
货品名称：【】两支 单品 兰蔻新版小白管轻透水漾防晒乳50ml
关键词：兰蔻小白管轻适水漾防晒乳 50ml*2
原价：659.0 | 现价：659
匹配规格：已选: 50ml*2 | 规格价格：659
百亿补贴：否 | 日期：2025-02-01
校验通过：✅ True
================================================================================
--- 进入商品 2/2 ---
============================================================
搜索词 ：兰蔻小白管轻适水漾防晒乳 50ml*2
商品名 ：【兰蔻】小白管防晒清爽版50ml*2 清透服帖防晒舒适自然细腻肌肤水漾
品牌    ：兰蔻 → 兰蔻 | ✅
容量规格：{'50', '2'} → {'50', '2'} | ✅
色号    ：set() → set()
浓度    ： →  | ✅
简装    ： →  | ✅
套装    ：不含 → 不含 | ✅
清洗后  ：小白管轻适水漾防晒乳 → 小白管防晒防晒舒适细腻肌肤水漾
品名匹配：词袋(50.0%) | ✅
结果    ：✅ PASS | 原因：所有检查通过
============================================================
🔧 标题包含多规格 (容量:{'50', '2'}, 色号:set())，尝试进入规格面板匹配...

[DEBUG][get_sku_price_auto] 开始匹配，搜索词: '兰蔻小白管轻适水漾防晒乳 50ml*2'
[DEBUG][get_sku_identifiers] 提取标识: ['50ml']
[DEBUG][get_sku_price_auto] 当前已选规格匹配，价格: 434.97
✅ 规格匹配成功，且品名已匹配，校验通过

================================================================================
货品名称：【兰蔻】小白管防晒清爽版50ml*2 清透服帖防晒舒适自然细腻肌肤水漾
关键词：兰蔻小白管轻适水漾防晒乳 50ml*2
原价：434.97 | 现价：434.97
匹配规格：已选: 50ml*2 | 规格价格：434.97
百亿补贴：否 | 日期：2024-09-01
校验通过：✅ True
================================================================================
✅ 优先级 2 中已有商品通过校验，停止降级
📁 采集记录已保存，总行数：661
📋 校验记录已保存，总记录数：614
✅ 序号 279 已标记为已采集

⏸ 等待 1 秒后继续...
⏳ 等待下一个商品：[██████████████████████████████] 100% (1/1s)

🔍 搜索：圣罗兰 明彩粉光轻垫粉底液 粉气垫 #B20 CN

===== 优先级 4，共 1 个商品 =====
--- 进入商品 1/1 ---
============================================================
搜索词 ：圣罗兰 明彩粉光轻垫粉底液 粉气垫 #B20 CN
商品名 ：【正品行货】YSL圣罗兰气垫大牌粉气垫B10 B20 BR20 12g正装遮瑕
品牌    ：圣罗兰 → 圣罗兰 | ✅
容量规格：set() → {'12'} | ✅
色号    ：{'20', 'b20'} → {'20', 'br20', '10', 'b20', 'b10'}
浓度    ： →  | ✅
简装    ： →  | ✅
套装    ：不含 → 不含 | ✅
清洗后  ：明彩粉光粉底液粉气垫cn → 气垫大牌粉气垫bbr正装
品名匹配：词袋(22.2%) | ✅
结果    ：✅ PASS | 原因：所有检查通过
============================================================
🔧 标题包含多规格 (容量:{'12'}, 色号:{'20', 'br20', '10', 'b20', 'b10'})，尝试进入规格面板匹配...

[DEBUG][get_sku_price_auto] 开始匹配，搜索词: '圣罗兰 明彩粉光轻垫粉底液 粉气垫 #B20 CN'
[DEBUG][get_sku_identifiers] 提取标识: ['b20', '20', 'cn']
[DEBUG][get_sku_price_auto] 当前已选规格匹配，价格: 273.5
✅ 规格匹配成功，且品名已匹配，校验通过

================================================================================
货品名称：【正品行货】YSL圣罗兰气垫大牌粉气垫B10 B20 BR20 12g正装遮瑕
关键词：圣罗兰 明彩粉光轻垫粉底液 粉气垫 #B20 CN
原价：273.5 | 现价：273.5
匹配规格：已选: 12g YSL/圣罗兰 粉色气垫BR20（不支持试用 铝膜撕毁不退换） | 规格价格：273.5
百亿补贴：是 | 日期：2025-03-01
校验通过：✅ True
================================================================================
✅ 优先级 4 中已有商品通过校验，停止降级
📁 采集记录已保存，总行数：664
📋 校验记录已保存，总记录数：615
✅ 序号 280 已标记为已采集

⏸ 等待 1 秒后继续...
⏳ 等待下一个商品：[██████████████████████████████] 100% (1/1s)

🔍 搜索：资生堂蓝胖子防晒50ml对装

===== 优先级 2，共 3 个商品 =====
--- 进入商品 1/3 ---
============================================================
搜索词 ：资生堂蓝胖子防晒50ml对装
商品名 ：【资生堂】新版蓝胖子防晒霜50ml清爽隔离防紫外线
品牌    ：资生堂 → 资生堂 | ✅
容量规格：{'50'} → {'50'} | ✅
色号    ：set() → {'紫色'}
浓度    ： →  | ✅
简装    ： →  | ✅
套装    ：不含 → 不含 | ✅
清洗后  ：蓝胖子防晒对装 → 新蓝胖子防晒霜隔离防紫外线
品名匹配：词袋(66.7%) | ✅
结果    ：✅ PASS | 原因：所有检查通过
============================================================

================================================================================
货品名称：【资生堂】新版蓝胖子防晒霜50ml清爽隔离防紫外线
关键词：资生堂蓝胖子防晒50ml对装
原价：179.0 | 现价：179.0
百亿补贴：否 | 日期：2025-01-01
校验通过：✅ True
================================================================================
--- 进入商品 2/3 ---
============================================================
搜索词 ：资生堂蓝胖子防晒50ml对装
商品名 ：【保税原装】资生堂蓝胖子50ml防晒霜防紫外线清爽隔离霜防水防汗
品牌    ：资生堂 → 资生堂 | ✅
容量规格：{'50'} → {'50'} | ✅
色号    ：set() → {'紫色'}
浓度    ： →  | ✅
简装    ： →  | ✅
套装    ：不含 → 不含 | ✅
清洗后  ：蓝胖子防晒对装 → 蓝胖子防晒霜防紫外线隔离霜防水防汗
品名匹配：词袋(66.7%) | ✅
结果    ：✅ PASS | 原因：所有检查通过
============================================================

================================================================================
货品名称：【保税原装】资生堂蓝胖子50ml防晒霜防紫外线清爽隔离霜防水防汗
关键词：资生堂蓝胖子防晒50ml对装
原价：169.0 | 现价：169.0
百亿补贴：否 | 日期：2025-07-18
校验通过：✅ True
================================================================================
--- 进入商品 3/3 ---
============================================================
搜索词 ：资生堂蓝胖子防晒50ml对装
商品名 ：【正品行货】资生堂蓝胖子高倍防晒霜面部护肤水润清爽礼物礼盒
品牌    ：资生堂 → 资生堂 | ✅
容量规格：{'50'} → set() | ❌
色号    ：set() → set()
浓度    ： →  | ✅
简装    ： →  | ✅
套装    ：不含 → 不含 | ✅
清洗后  ：蓝胖子防晒对装 → 蓝胖子高倍防晒霜面部护肤水润礼物礼盒
品名匹配：词袋(50.0%) | ✅
结果    ：❌ FAIL | 原因：规格不匹配
============================================================
🔧 校验失败原因为规格不匹配，尝试进入规格面板匹配...

[DEBUG][get_sku_price_auto] 开始匹配，搜索词: '资生堂蓝胖子防晒50ml对装'
[DEBUG][get_sku_identifiers] 提取标识: ['50ml']
[DEBUG][get_sku_price_auto] 当前已选规格不匹配，尝试点击规格...
[DEBUG] 容量 50ml 找到 1 个控件
[DEBUG] 点击唯一容量控件: 50ml
[DEBUG] 容量 50ml 匹配成功，价格: 99
✅ 规格匹配成功，且品名已匹配，校验通过

================================================================================
货品名称：【正品行货】资生堂蓝胖子高倍防晒霜面部护肤水润清爽礼物礼盒
关键词：资生堂蓝胖子防晒50ml对装
原价：15.9 | 现价：99
匹配规格：已选: [高定礼盒]蓝胖子防晒50ml | 规格价格：99
百亿补贴：否 | 日期：2025-05-01
校验通过：✅ True
================================================================================
✅ 优先级 2 中已有商品通过校验，停止降级
📁 采集记录已保存，总行数：668
📋 校验记录已保存，总记录数：618
✅ 序号 281 已标记为已采集

⏸ 等待 1 秒后继续...
⏳ 等待下一个商品：[██████████████████████████████] 100% (1/1s)

🔍 搜索：阿玛尼权力PR0粉底1.5 30ml

===== 优先级 4，共 1 个商品 =====
--- 进入商品 1/1 ---
============================================================
搜索词 ：阿玛尼权力PR0粉底1.5 30ml
商品名 ：【品牌好评122.1万+条】正品行货|新版pro阿玛尼粉底液权力红标油皮遮瑕控油持久不脱妆
品牌    ：阿玛尼 → 阿玛尼 | ✅
容量规格：{'30'} → set() | ❌
色号    ：{'pr0'} → set()
浓度    ： →  | ✅
简装    ： →  | ✅
套装    ：不含 → 不含 | ✅
清洗后  ：权力pr0粉底1 → 行货新pro粉底液权力红标不脱妆
品名匹配：词袋(66.7%) | ✅
结果    ：❌ FAIL | 原因：规格不匹配
============================================================
🔧 校验失败原因为规格不匹配，尝试进入规格面板匹配...

[DEBUG][get_sku_price_auto] 开始匹配，搜索词: '阿玛尼权力PR0粉底1.5 30ml'
[DEBUG][get_sku_identifiers] 提取标识: ['pr0', 'pr', '30ml']
[DEBUG][get_sku_price_auto] 当前已选规格匹配，价格: 205
✅ 规格匹配成功，且品名已匹配，校验通过

================================================================================
货品名称：【品牌好评122.1万+条】正品行货|新版pro阿玛尼粉底液权力红标油皮遮瑕控油持久不脱妆
关键词：阿玛尼权力PR0粉底1.5 30ml
原价：248.0 | 现价：205
匹配规格：已选: 新版pro红标#1.6 粉调一白 | 规格价格：205
百亿补贴：是 | 日期：2024-12-01
校验通过：✅ True
================================================================================
✅ 优先级 4 中已有商品通过校验，停止降级
📁 采集记录已保存，总行数：672
📋 校验记录已保存，总记录数：619
✅ 序号 282 已标记为已采集

⏸ 等待 1 秒后继续...
⏳ 等待下一个商品：[██████████████████████████████] 100% (1/1s)

🔍 搜索：兰蔻小黑瓶眼霜20ml

===== 优先级 4，共 2 个商品 =====
--- 进入商品 1/2 ---
============================================================
搜索词 ：兰蔻小黑瓶眼霜20ml
商品名 ：【百补品牌热销290.8万件】LANCOME兰蔻超修小黑瓶眼霜20ml
品牌    ：兰蔻 → 兰蔻 | ✅
容量规格：{'20'} → {'20'} | ✅
色号    ：set() → set()
浓度    ： →  | ✅
简装    ： →  | ✅
套装    ：不含 → 不含 | ✅
清洗后  ：小黑瓶眼霜 → 超修小黑瓶眼霜
品名匹配：词袋(100.0%) | ✅
结果    ：✅ PASS | 原因：所有检查通过
============================================================

================================================================================
货品名称：【百补品牌热销290.8万件】LANCOME兰蔻超修小黑瓶眼霜20ml
关键词：兰蔻小黑瓶眼霜20ml
原价：279.0 | 现价：170.0
百亿补贴：是 | 日期：2025-11-01
校验通过：✅ True
================================================================================
--- 进入商品 2/2 ---
============================================================
搜索词 ：兰蔻小黑瓶眼霜20ml
商品名 ：【Lancome】兰蔻小黑瓶发光眼霜20ml淡眼圈细纹
品牌    ：兰蔻 → 兰蔻 | ✅
容量规格：{'20'} → {'20'} | ✅
色号    ：set() → set()
浓度    ： →  | ✅
简装    ： →  | ✅
套装    ：不含 → 不含 | ✅
清洗后  ：小黑瓶眼霜 → 小黑瓶发光眼霜淡眼圈细纹
品名匹配：词袋(75.0%) | ✅
结果    ：✅ PASS | 原因：所有检查通过
============================================================

================================================================================
货品名称：【Lancome】兰蔻小黑瓶发光眼霜20ml淡眼圈细纹
关键词：兰蔻小黑瓶眼霜20ml
原价：192.8 | 现价：192.8
百亿补贴：是 | 日期：2025-06-01
校验通过：✅ True
================================================================================
✅ 优先级 4 中已有商品通过校验，停止降级
📁 采集记录已保存，总行数：675
📋 校验记录已保存，总记录数：621
✅ 序号 283 已标记为已采集

⏸ 等待 1 秒后继续...
⏳ 等待下一个商品：[██████████████████████████████] 100% (1/1s)

🔍 搜索：HR赫莲娜绿眼霜对装

===== 优先级 4，共 1 个商品 =====
--- 进入商品 1/1 ---
============================================================
搜索词 ：HR赫莲娜绿眼霜对装
商品名 ：【品牌好评93.9万+条】HR/赫莲娜绿宝瓶眼霜15ml眼部修复淡化黑眼圈【5天内发货】
品牌    ：赫莲娜 → 赫莲娜 | ✅
容量规格：set() → {'15'} | ✅
色号    ：{'绿色'} → {'绿色'}
浓度    ： →  | ✅
简装    ： →  | ✅
套装    ：不含 → 不含 | ✅
清洗后  ：绿眼霜对装 → 绿宝瓶眼霜眼部修复淡化黑眼圈
品名匹配：LCS子序列(60.0%) | ✅
结果    ：✅ PASS | 原因：所有检查通过
============================================================

================================================================================
货品名称：【品牌好评93.9万+条】HR/赫莲娜绿宝瓶眼霜15ml眼部修复淡化黑眼圈【5天内发货】
关键词：HR赫莲娜绿眼霜对装
原价：599.0 | 现价：599.0
百亿补贴：是 | 日期：2024-11-30
校验通过：✅ True
================================================================================
✅ 优先级 4 中已有商品通过校验，停止降级
📁 采集记录已保存，总行数：678
📋 校验记录已保存，总记录数：622
✅ 序号 284 已标记为已采集

⏸ 等待 1 秒后继续...
⏳ 等待下一个商品：[██████████████████████████████] 100% (1/1s)

🔍 搜索：古驰花悦绽放女士淡香型香水50ml

===== 优先级 4，共 2 个商品 =====
--- 进入商品 1/2 ---
============================================================
搜索词 ：古驰花悦绽放女士淡香型香水50ml
商品名 ：【GUCCI】古驰花悦绽放女士淡香水EDT50ml浪漫白花香调
品牌    ：古驰 → 古驰 | ✅
容量规格：{'50'} → {'50'} | ✅
色号    ：set() → set()
浓度    ：淡香 → 淡香 | ✅
简装    ： →  | ✅
套装    ：不含 → 不含 | ✅
清洗后  ：花悦绽放女士 → 花悦绽放女士水浪漫白
品名匹配：词袋(100.0%) | ✅
结果    ：✅ PASS | 原因：所有检查通过
============================================================

================================================================================
货品名称：【GUCCI】古驰花悦绽放女士淡香水EDT50ml浪漫白花香调
关键词：古驰花悦绽放女士淡香型香水50ml
原价：355.0 | 现价：245.0
百亿补贴：是 | 日期：2024-07-01
校验通过：✅ True
================================================================================
--- 进入商品 2/2 ---
============================================================
搜索词 ：古驰花悦绽放女士淡香型香水50ml
商品名 ：【全球购正品】古驰花悦绽放女士EDT淡香水50ml
品牌    ：古驰 → 古驰 | ✅
容量规格：{'50'} → {'50'} | ✅
色号    ：set() → set()
浓度    ：淡香 → 淡香 | ✅
简装    ： →  | ✅
套装    ：不含 → 不含 | ✅
清洗后  ：花悦绽放女士 → 花悦绽放女士水
品名匹配：词袋(100.0%) | ✅
结果    ：✅ PASS | 原因：所有检查通过
============================================================

================================================================================
货品名称：【全球购正品】古驰花悦绽放女士EDT淡香水50ml
关键词：古驰花悦绽放女士淡香型香水50ml
原价：339.0 | 现价：339.0
百亿补贴：是 | 日期：2025-02-26
校验通过：✅ True
================================================================================
✅ 优先级 4 中已有商品通过校验，停止降级
📁 采集记录已保存，总行数：681
📋 校验记录已保存，总记录数：624
✅ 序号 285 已标记为已采集

⏸ 等待 1 秒后继续...
⏳ 等待下一个商品：[██████████████████████████████] 100% (1/1s)

🔍 搜索：MAC无瑕粉底液N11 2.0
🔽 降级到全球购，返回顶部并重新识别（不自动下滑）

===== 优先级 1，共 3 个商品 =====
--- 进入商品 1/3 ---
============================================================
搜索词 ：MAC无瑕粉底液N11 2.0
商品名 ：MAC/魅可新版定制无暇粉底液2.0 持妆控油遮瑕N12 N11 N18 NW11
品牌    ：魅可 → 魅可 | ✅
容量规格：set() → set() | ✅
色号    ：{'11', 'n11'} → {'nw11', '18', 'n18', '11', 'n11', '12', 'n12'}
浓度    ： →  | ✅
简装    ： →  | ✅
套装    ：不含 → 不含 | ✅
清洗后  ：无瑕粉底液n20 → 新定制无暇粉底液20持妆nnw
品名匹配：词袋(50.0%) | ✅
结果    ：✅ PASS | 原因：所有检查通过
============================================================
🔧 标题包含多规格 (容量:set(), 色号:{'nw11', '18', 'n18', '11', 'n11', '12', 'n12'})，尝试进入规格面板匹配...

[DEBUG][get_sku_price_auto] 开始匹配，搜索词: 'MAC无瑕粉底液N11 2.0'
[DEBUG][get_sku_identifiers] 提取标识: ['11', 'n11']
[DEBUG][get_sku_price_auto] 当前已选规格匹配，价格: 283
✅ 规格匹配成功，且品名已匹配，校验通过

================================================================================
货品名称：MAC/魅可新版定制无暇粉底液2.0 持妆控油遮瑕N12 N11 N18 NW11
关键词：MAC无瑕粉底液N11 2.0
原价：283.0 | 现价：283
匹配规格：已选: 30mL NW11 适合白皙肤色 | 规格价格：283
百亿补贴：否 | 日期：
校验通过：✅ True
================================================================================
--- 进入商品 2/3 ---
============================================================
搜索词 ：MAC无瑕粉底液N11 2.0
商品名 ：【正品现货】MAC/魅可2.0按压款无瑕粉底液#NW11控油遮瑕持妆30ml
品牌    ：魅可 → 魅可 | ✅
容量规格：set() → {'30'} | ❌
色号    ：{'11', 'n11'} → {'nw11', '11'}
浓度    ： →  | ✅
简装    ： →  | ✅
套装    ：不含 → 不含 | ✅
清洗后  ：无瑕粉底液n20 → 20按压无瑕粉底液持妆
品名匹配：词袋(100.0%) | ✅
结果    ：❌ FAIL | 原因：规格不匹配
============================================================
🔧 标题包含多规格 (容量:{'30'}, 色号:{'nw11', '11'})，尝试进入规格面板匹配...

[DEBUG][get_sku_price_auto] 开始匹配，搜索词: 'MAC无瑕粉底液N11 2.0'
[DEBUG][get_sku_identifiers] 提取标识: ['11', 'n11']
[DEBUG][get_sku_price_auto] 当前已选规格匹配，价格: 166.99
✅ 规格匹配成功，且品名已匹配，校验通过

================================================================================
货品名称：【正品现货】MAC/魅可2.0按压款无瑕粉底液#NW11控油遮瑕持妆30ml
关键词：MAC无瑕粉底液N11 2.0
原价：268.0 | 现价：166.99
匹配规格：已选: 30mL 不支持试用 #NW11 白皙色 （23批次） | 规格价格：166.99
百亿补贴：否 | 日期：
校验通过：✅ True
================================================================================
--- 进入商品 3/3 ---
============================================================
搜索词 ：MAC无瑕粉底液N11 2.0
商品名 ：【原装正品】MAC魅可定制无瑕2.0控油遮瑕粉底液Nw11粉调一白30ml【5天内发货】
品牌    ：魅可 → 魅可 | ✅
容量规格：set() → {'30'} | ❌
色号    ：{'11', 'n11'} → {'nw11', '11'}
浓度    ： →  | ✅
简装    ： →  | ✅
套装    ：不含 → 不含 | ✅
清洗后  ：无瑕粉底液n20 → 定制无瑕20粉底液nw粉调一白
品名匹配：词袋(100.0%) | ✅
结果    ：❌ FAIL | 原因：规格不匹配
============================================================
🔧 标题包含多规格 (容量:{'30'}, 色号:{'nw11', '11'})，尝试进入规格面板匹配...

[DEBUG][get_sku_price_auto] 开始匹配，搜索词: 'MAC无瑕粉底液N11 2.0'
[DEBUG][get_sku_identifiers] 提取标识: ['11', 'n11']
[DEBUG][get_sku_price_auto] 当前已选规格匹配，价格: 194
✅ 规格匹配成功，且品名已匹配，校验通过

================================================================================
货品名称：【原装正品】MAC魅可定制无瑕2.0控油遮瑕粉底液Nw11粉调一白30ml【5天内发货】
关键词：MAC无瑕粉底液N11 2.0
原价：194.0 | 现价：194
匹配规格：已选: 30mL MAC定制无暇2.0粉底液 #NW11 | 规格价格：194
百亿补贴：否 | 日期：
校验通过：✅ True
================================================================================
✅ 优先级 1 中已有商品通过校验，停止降级
📁 采集记录已保存，总行数：686
📋 校验记录已保存，总记录数：627
✅ 序号 286 已标记为已采集

⏸ 等待 1 秒后继续...
⏳ 等待下一个商品：[██████████████████████████████] 100% (1/1s)

🔍 搜索：MAC无瑕粉底液N18 2.0

===== 优先级 4，共 1 个商品 =====
--- 进入商品 1/1 ---
============================================================
搜索词 ：MAC无瑕粉底液N18 2.0
商品名 ：匹克品牌官方正品，100%保障
品牌    ：魅可 → 未匹配 | ❌
容量规格：set() → set() | ❌
色号    ：{'18', 'n18'} → {'100'}
浓度    ： →  | ✅
简装    ： →  | ✅
套装    ：不含 → 不含 | ✅
清洗后  ：无瑕粉底液n20 → 匹克品牌官方保障
品名匹配：LCS子序列(0.0%) | ❌
结果    ：❌ FAIL | 原因：品牌不一致；规格不匹配；品名相似不足(ratio=0.0%)
============================================================
🔧 校验失败原因为规格不匹配，尝试进入规格面板匹配...

[DEBUG][get_sku_price_auto] 开始匹配，搜索词: 'MAC无瑕粉底液N18 2.0'
[DEBUG][get_sku_identifiers] 提取标识: ['18', 'n18']
[DEBUG][get_sku_price_auto] 当前已选规格不匹配，尝试点击规格...
[DEBUG][_click_sku_by_identifier] 尝试点击标识: 'n18'
[DEBUG][_click_sku_by_identifier] 尝试点击标识: '18'
[DEBUG][get_sku_price_auto] 所有标识尝试完毕，仍无价格
⚠️ 规格匹配未获取到有效价格，已记录为匹配失败，校验结果强制为不通过

================================================================================
货品名称：匹克品牌官方正品，100%保障
关键词：MAC无瑕粉底液N18 2.0
原价：39.9 | 现价：26.3
匹配规格：匹配失败 | 规格价格：
百亿补贴：是 | 日期：
校验通过：❌ False
================================================================================
⚠️ 优先级 4 全部未通过，尝试下一优先级
🔽 降级到全球购，返回顶部并重新识别（不自动下滑）

===== 优先级 1，共 3 个商品 =====
--- 进入商品 1/3 ---
============================================================
搜索词 ：MAC无瑕粉底液N18 2.0
商品名 ：【MAC】魅可定制无暇粉底液2.0二代N18#持妆油皮控油持久
品牌    ：魅可 → 魅可 | ✅
容量规格：set() → set() | ✅
色号    ：{'18', 'n18'} → {'18', 'n18'}
浓度    ： →  | ✅
简装    ： →  | ✅
套装    ：不含 → 不含 | ✅
清洗后  ：无瑕粉底液n20 → 定制无暇粉底液20二代持妆
品名匹配：词袋(50.0%) | ✅
结果    ：✅ PASS | 原因：所有检查通过
============================================================
🔧 标题包含多规格 (容量:set(), 色号:{'18', 'n18'})，尝试进入规格面板匹配...

[DEBUG][get_sku_price_auto] 开始匹配，搜索词: 'MAC无瑕粉底液N18 2.0'
[DEBUG][get_sku_identifiers] 提取标识: ['18', 'n18']
[DEBUG][get_sku_price_auto] 当前已选规格匹配，价格: 275
✅ 规格匹配成功，且品名已匹配，校验通过

================================================================================
货品名称：【MAC】魅可定制无暇粉底液2.0二代N18#持妆油皮控油持久
关键词：MAC无瑕粉底液N18 2.0
原价：275.0 | 现价：275
匹配规格：已选: N18 自然 不支持试用 | 规格价格：275
百亿补贴：否 | 日期：
校验通过：✅ True
================================================================================
--- 进入商品 2/3 ---
============================================================
搜索词 ：MAC无瑕粉底液N18 2.0
商品名 ：MAC/魅可定制无暇粉底液2.0二代#N18自然色30ml清透遮瑕服帖持妆【5天内发货】
品牌    ：魅可 → 魅可 | ✅
容量规格：set() → {'30'} | ✅
色号    ：{'18', 'n18'} → {'18', 'n18'}
浓度    ： →  | ✅
简装    ： →  | ✅
套装    ：不含 → 不含 | ✅
清洗后  ：无瑕粉底液n20 → 定制无暇粉底液20二代色持妆
品名匹配：词袋(50.0%) | ✅
结果    ：✅ PASS | 原因：所有检查通过
============================================================
🔧 标题包含多规格 (容量:{'30'}, 色号:{'18', 'n18'})，尝试进入规格面板匹配...

[DEBUG][get_sku_price_auto] 开始匹配，搜索词: 'MAC无瑕粉底液N18 2.0'
[DEBUG][get_sku_identifiers] 提取标识: ['18', 'n18']
[DEBUG][get_sku_price_auto] 当前已选规格匹配，价格: 199
✅ 规格匹配成功，且品名已匹配，校验通过

================================================================================
货品名称：MAC/魅可定制无暇粉底液2.0二代#N18自然色30ml清透遮瑕服帖持妆【5天内发货】
关键词：MAC无瑕粉底液N18 2.0
原价：199.0 | 现价：199
匹配规格：已选: 30mL 带盒-魅可定制无暇粉底液2.0二代#N18 适合自然肤色 | 规格价格：199
百亿补贴：否 | 日期：
校验通过：✅ True
================================================================================
--- 进入商品 3/3 ---
============================================================
搜索词 ：MAC无瑕粉底液N18 2.0
商品名 ：【MAC】魅可无瑕粉底液2.0版雾面哑光控油持妆遮瑕N18 NC12 NC15 N12【5天内发货】
品牌    ：魅可 → 魅可 | ✅
容量规格：set() → set() | ✅
色号    ：{'18', 'n18'} → {'18', 'n18', '15', 'nc12', '12', 'n12', 'nc15'}
浓度    ： →  | ✅
简装    ： →  | ✅
套装    ：不含 → 不含 | ✅
清洗后  ：无瑕粉底液n20 → 无瑕粉底液20雾面哑光持妆nncnc
品名匹配：词袋(100.0%) | ✅
结果    ：✅ PASS | 原因：所有检查通过
============================================================
🔧 标题包含多规格 (容量:set(), 色号:{'18', 'n18', '15', 'nc12', '12', 'n12', 'nc15'})，尝试进入规格面板匹配...

[DEBUG][get_sku_price_auto] 开始匹配，搜索词: 'MAC无瑕粉底液N18 2.0'
[DEBUG][get_sku_identifiers] 提取标识: ['18', 'n18']
[DEBUG][get_sku_price_auto] 当前已选规格匹配，价格: 192
✅ 规格匹配成功，且品名已匹配，校验通过

================================================================================
货品名称：【MAC】魅可无瑕粉底液2.0版雾面哑光控油持妆遮瑕N18 NC12 NC15 N12【5天内发货】
关键词：MAC无瑕粉底液N18 2.0
原价：182.0 | 现价：192
匹配规格：已选: 升级版带泵头 N18中性二白 | 规格价格：192
百亿补贴：否 | 日期：
校验通过：✅ True
================================================================================
✅ 优先级 1 中已有商品通过校验，停止降级
📁 采集记录已保存，总行数：693
📋 校验记录已保存，总记录数：631
✅ 序号 287 已标记为已采集

⏸ 等待 1 秒后继续...
⏳ 等待下一个商品：[██████████████████████████████] 100% (1/1s)

🔍 搜索：MAC无瑕粉底液NC11 2.0

===== 优先级 4，共 1 个商品 =====
--- 进入商品 1/1 ---
============================================================
搜索词 ：MAC无瑕粉底液NC11 2.0
商品名 ：
品牌    ：魅可 → 未匹配 | ❌
容量规格：set() → set() | ❌
色号    ：{'11', 'nc11'} → set()
浓度    ： →  | ✅
简装    ： →  | ✅
套装    ：不含 → 不含 | ✅
清洗后  ：无瑕粉底液nc20 → 
品名匹配：LCS子序列(0.0%) | ❌
结果    ：❌ FAIL | 原因：品牌不一致；规格不匹配；品名相似不足(ratio=0.0%)
============================================================
🔧 校验失败原因为规格不匹配，尝试进入规格面板匹配...

[DEBUG][get_sku_price_auto] 开始匹配，搜索词: 'MAC无瑕粉底液NC11 2.0'
[DEBUG][get_sku_identifiers] 提取标识: ['11', 'nc11', 'nc']
[DEBUG][get_sku_price_auto] 当前已选规格不匹配，尝试点击规格...
[DEBUG][_click_sku_by_identifier] 尝试点击标识: 'nc11'
[DEBUG][_click_sku_by_identifier] 尝试点击标识: 'nc'
[DEBUG][_click_sku_by_identifier] 尝试点击标识: '11'
[DEBUG][_click_sku_by_identifier] 点击有效规格(任意): 15:11
[DEBUG][get_sku_price_auto] 所有标识尝试完毕，仍无价格
⚠️ 规格匹配未获取到有效价格，已记录为匹配失败，校验结果强制为不通过

================================================================================
货品名称：
关键词：MAC无瑕粉底液NC11 2.0
原价：23.8 | 现价：23.8
匹配规格：匹配失败 | 规格价格：
百亿补贴：是 | 日期：
校验通过：❌ False
================================================================================
⚠️ 优先级 4 全部未通过，尝试下一优先级
🔽 降级到全球购，返回顶部并重新识别（不自动下滑）

===== 优先级 1，共 3 个商品 =====
--- 进入商品 1/3 ---
============================================================
搜索词 ：MAC无瑕粉底液NC11 2.0
商品名 ：【正品现货】MAC/魅可新版定制无暇粉底液2.0 NC11持妆控油遮瑕
品牌    ：魅可 → 魅可 | ✅
容量规格：set() → set() | ✅
色号    ：{'11', 'nc11'} → {'11', 'nc11'}
浓度    ： →  | ✅
简装    ： →  | ✅
套装    ：不含 → 不含 | ✅
清洗后  ：无瑕粉底液nc20 → 新定制无暇粉底液20nc持妆
品名匹配：词袋(50.0%) | ✅
结果    ：✅ PASS | 原因：所有检查通过
============================================================
🔧 标题包含多规格 (容量:set(), 色号:{'11', 'nc11'})，尝试进入规格面板匹配...

[DEBUG][get_sku_price_auto] 开始匹配，搜索词: 'MAC无瑕粉底液NC11 2.0'
[DEBUG][get_sku_identifiers] 提取标识: ['11', 'nc11', 'nc']
[DEBUG][get_sku_price_auto] 当前已选规格匹配，价格: 146
✅ 规格匹配成功，且品名已匹配，校验通过

================================================================================
货品名称：【正品现货】MAC/魅可新版定制无暇粉底液2.0 NC11持妆控油遮瑕
关键词：MAC无瑕粉底液NC11 2.0
原价：248.0 | 现价：146
匹配规格：已选: 30mL 不支持试用 #NC11 黄调一白 （23批次） | 规格价格：146
百亿补贴：否 | 日期：
校验通过：✅ True
================================================================================
--- 进入商品 2/3 ---
============================================================
搜索词 ：MAC无瑕粉底液NC11 2.0
商品名 ：【支持鉴定】MAC魅可 定制无暇粉底液2.0持妆奶油肌粉底液NC11
品牌    ：魅可 → 魅可 | ✅
容量规格：set() → set() | ✅
色号    ：{'11', 'nc11'} → {'11', 'nc11'}
浓度    ： →  | ✅
简装    ： →  | ✅
套装    ：不含 → 不含 | ✅
清洗后  ：无瑕粉底液nc20 → 定制无暇粉底液20持妆奶油肌粉底液nc
品名匹配：词袋(50.0%) | ✅
结果    ：✅ PASS | 原因：所有检查通过
============================================================
🔧 标题包含多规格 (容量:set(), 色号:{'11', 'nc11'})，尝试进入规格面板匹配...

[DEBUG][get_sku_price_auto] 开始匹配，搜索词: 'MAC无瑕粉底液NC11 2.0'
[DEBUG][get_sku_identifiers] 提取标识: ['11', 'nc11', 'nc']
[DEBUG][get_sku_price_auto] 当前已选规格匹配，价格: 146.01
✅ 规格匹配成功，且品名已匹配，校验通过

================================================================================
货品名称：【支持鉴定】MAC魅可 定制无暇粉底液2.0持妆奶油肌粉底液NC11
关键词：MAC无瑕粉底液NC11 2.0
原价：146.01 | 现价：146.01
匹配规格：已选: 按压款NC11# （不支持试用） | 规格价格：146.01
百亿补贴：否 | 日期：
校验通过：✅ True
================================================================================
--- 进入商品 3/3 ---
============================================================
搜索词 ：MAC无瑕粉底液NC11 2.0
商品名 ：MAC/魅可定制无暇粉底液2.0二代 #N18 #NW11 #NC11 30ml【5天内发货】
品牌    ：魅可 → 魅可 | ✅
容量规格：set() → {'30'} | ✅
色号    ：{'11', 'nc11'} → {'nw11', '18', 'n18', '11', 'nc11'}
浓度    ： →  | ✅
简装    ： →  | ✅
套装    ：不含 → 不含 | ✅
清洗后  ：无瑕粉底液nc20 → 定制无暇粉底液20二代
品名匹配：词袋(50.0%) | ✅
结果    ：✅ PASS | 原因：所有检查通过
============================================================
🔧 标题包含多规格 (容量:{'30'}, 色号:{'nw11', '18', 'n18', '11', 'nc11'})，尝试进入规格面板匹配...

[DEBUG][get_sku_price_auto] 开始匹配，搜索词: 'MAC无瑕粉底液NC11 2.0'
[DEBUG][get_sku_identifiers] 提取标识: ['11', 'nc11', 'nc']
[DEBUG][get_sku_price_auto] 当前已选规格匹配，价格: 114
✅ 规格匹配成功，且品名已匹配，校验通过

================================================================================
货品名称：MAC/魅可定制无暇粉底液2.0二代 #N18 #NW11 #NC11 30ml【5天内发货】
关键词：MAC无瑕粉底液NC11 2.0
原价：114.0 | 现价：114
匹配规格：已选: 30mL NC11# 暖白 | 规格价格：114
百亿补贴：否 | 日期：
校验通过：✅ True
================================================================================
✅ 优先级 1 中已有商品通过校验，停止降级
📁 采集记录已保存，总行数：701
📋 校验记录已保存，总记录数：635
✅ 序号 288 已标记为已采集

⏸ 等待 1 秒后继续...
⏳ 等待下一个商品：[██████████████████████████████] 100% (1/1s)

🔍 搜索：纪梵希四宫格散粉1号色（新版）

===== 优先级 2，共 2 个商品 =====
--- 进入商品 1/2 ---
============================================================
搜索词 ：纪梵希四宫格散粉1号色（新版）
商品名 ：【品牌好评44.2万+条】GIVENCHY纪梵希四色散粉#1号色新版12g定妆持久不脱妆
品牌    ：纪梵希 → 纪梵希 | ✅
容量规格：set() → {'12'} | ✅
色号    ：set() → {'1'}
浓度    ： →  | ✅
简装    ： →  | ✅
套装    ：不含 → 不含 | ✅
清洗后  ：四宫格散粉1号色 → 四色散粉号色新定妆不脱妆
品名匹配：词袋(50.0%) | ✅
结果    ：✅ PASS | 原因：所有检查通过
============================================================

================================================================================
货品名称：【品牌好评44.2万+条】GIVENCHY纪梵希四色散粉#1号色新版12g定妆持久不脱妆
关键词：纪梵希四宫格散粉1号色（新版）
原价：279.0 | 现价：279.0
百亿补贴：否 | 日期：2025-11-01
校验通过：✅ True
================================================================================
--- 进入商品 2/2 ---
============================================================
搜索词 ：纪梵希四宫格散粉1号色（新版）
商品名 ：【Givenchy纪梵希】四宫格散粉1号色12g哑光隐匿毛孔持妆匀亮
品牌    ：纪梵希 → 纪梵希 | ✅
容量规格：set() → {'12'} | ✅
色号    ：set() → set()
浓度    ： →  | ✅
简装    ： →  | ✅
套装    ：不含 → 不含 | ✅
清洗后  ：四宫格散粉1号色 → 四宫格散粉1号色哑光隐匿毛孔持妆匀亮
品名匹配：词袋(100.0%) | ✅
结果    ：✅ PASS | 原因：所有检查通过
============================================================

================================================================================
货品名称：【Givenchy纪梵希】四宫格散粉1号色12g哑光隐匿毛孔持妆匀亮
关键词：纪梵希四宫格散粉1号色（新版）
原价：195.0 | 现价：195.0
百亿补贴：否 | 日期：2024-08-01
校验通过：✅ True
================================================================================
✅ 优先级 2 中已有商品通过校验，停止降级
📁 采集记录已保存，总行数：707
📋 校验记录已保存，总记录数：638
✅ 序号 289 已标记为已采集

⏸ 等待 1 秒后继续...
⏳ 等待下一个商品：[██████████████████████████████] 100% (1/1s)

🔍 搜索：黛珂牛油果乳液300ml*2

===== 优先级 2，共 1 个商品 =====
--- 进入商品 1/1 ---
============================================================
搜索词 ：黛珂牛油果乳液300ml*2
商品名 ：【1.01万人评价品牌正品】DECORTE黛珂 牛油果植萃乳液300ML 保湿紧致弹润控油细腻滋润
品牌    ：黛珂 → 黛珂 | ✅
容量规格：{'300', '2'} → {'300'} | ❌
色号    ：set() → set()
浓度    ： →  | ✅
简装    ： →  | ✅
套装    ：不含 → 不含 | ✅
清洗后  ：牛油果乳液 → 牛油果植萃乳液紧致弹润细腻
品名匹配：词袋(66.7%) | ✅
结果    ：❌ FAIL | 原因：规格不匹配
============================================================
🔧 校验失败原因为规格不匹配，尝试进入规格面板匹配...

[DEBUG][get_sku_price_auto] 开始匹配，搜索词: '黛珂牛油果乳液300ml*2'
[DEBUG][get_sku_identifiers] 提取标识: ['300ml']
[DEBUG][get_sku_price_auto] 当前已选规格匹配，价格: 139.9
✅ 规格匹配成功，且品名已匹配，校验通过

================================================================================
货品名称：【1.01万人评价品牌正品】DECORTE黛珂 牛油果植萃乳液300ML 保湿紧致弹润控油细腻滋润
关键词：黛珂牛油果乳液300ml*2
原价：149.9 | 现价：139.9
匹配规格：已选: 牛油果植萃乳液300ML | 规格价格：139.9
百亿补贴：否 | 日期：
校验通过：✅ True
================================================================================
✅ 优先级 2 中已有商品通过校验，停止降级
📁 采集记录已保存，总行数：710
📋 校验记录已保存，总记录数：639
✅ 序号 290 已标记为已采集

⏸ 等待 1 秒后继续...
⏳ 等待下一个商品：[██████████████████████████████] 100% (1/1s)

🔍 搜索：CPB肌肤之钥清爽洁面125ML

===== 优先级 4，共 2 个商品 =====
--- 进入商品 1/2 ---
============================================================
搜索词 ：CPB肌肤之钥清爽洁面125ML
商品名 ：【正品行货】CPB肌肤之钥净采洁面膏湿润型/清爽型洗面奶 125ml*2
品牌    ：肌肤之钥 → 肌肤之钥 | ✅
容量规格：{'125'} → {'125', '2'} | ✅
色号    ：set() → set()
浓度    ： →  | ✅
简装    ： →  | ✅
套装    ：不含 → 不含 | ✅
清洗后  ：洁面 → 净采洁面膏湿润洗面奶
品名匹配：词袋(100.0%) | ✅
结果    ：✅ PASS | 原因：所有检查通过
============================================================
🔧 标题包含多规格 (容量:{'125', '2'}, 色号:set())，尝试进入规格面板匹配...

[DEBUG][get_sku_price_auto] 开始匹配，搜索词: 'CPB肌肤之钥清爽洁面125ML'
[DEBUG][get_sku_identifiers] 提取标识: ['125ml']
[DEBUG][get_sku_price_auto] 当前已选规格匹配，价格: 296
✅ 规格匹配成功，且品名已匹配，校验通过

================================================================================
货品名称：【正品行货】CPB肌肤之钥净采洁面膏湿润型/清爽型洗面奶 125ml*2
关键词：CPB肌肤之钥清爽洁面125ML
原价：296.0 | 现价：296
匹配规格：已选: CPB净采洁面膏（湿润型）125ml*2 | 规格价格：296
百亿补贴：是 | 日期：
校验通过：✅ True
================================================================================
--- 进入商品 2/2 ---
============================================================
搜索词 ：CPB肌肤之钥清爽洁面125ML
商品名 ：【361°】护腰靠背垫久坐护腰神器学生矫正坐姿坐垫人体工学颈椎牵引器
品牌    ：肌肤之钥 → 未匹配 | ❌
容量规格：{'125'} → set() | ❌
色号    ：set() → {'361'}
浓度    ： →  | ✅
简装    ： →  | ✅
套装    ：不含 → 不含 | ✅
清洗后  ：洁面 → 护腰靠背垫久坐护腰神器学生矫正坐姿坐垫人体工学颈椎牵引器
品名匹配：LCS子序列(0.0%) | ❌
结果    ：❌ FAIL | 原因：品牌不一致；规格不匹配；品名相似不足(ratio=0.0%)
============================================================
🔧 校验失败原因为规格不匹配，尝试进入规格面板匹配...

[DEBUG][get_sku_price_auto] 开始匹配，搜索词: 'CPB肌肤之钥清爽洁面125ML'
[DEBUG][get_sku_identifiers] 提取标识: ['125ml']
[DEBUG][get_sku_price_auto] 当前已选规格不匹配，尝试点击规格...
[DEBUG][get_sku_price_auto] 所有标识尝试完毕，仍无价格
⚠️ 规格匹配未获取到有效价格，已记录为匹配失败，校验结果强制为不通过

================================================================================
货品名称：【361°】护腰靠背垫久坐护腰神器学生矫正坐姿坐垫人体工学颈椎牵引器
关键词：CPB肌肤之钥清爽洁面125ML
原价：23.9 | 现价：22.7
匹配规格：匹配失败 | 规格价格：
百亿补贴：是 | 日期：
校验通过：❌ False
================================================================================
✅ 优先级 4 中已有商品通过校验，停止降级
📁 采集记录已保存，总行数：713
📋 校验记录已保存，总记录数：641
✅ 序号 291 已标记为已采集

⏸ 等待 1 秒后继续...
⏳ 等待下一个商品：[██████████████████████████████] 100% (1/1s)

🔍 搜索：GUCCI绮梦馥栀100ML

===== 优先级 4，共 1 个商品 =====
--- 进入商品 1/1 ---
============================================================
搜索词 ：GUCCI绮梦馥栀100ML
商品名 ：【品牌好评65.6万+条】Gucci/古驰 绮梦馥栀女士香水 EDP 100ml甜蜜花香
品牌    ：古驰 → 古驰 | ✅
容量规格：{'100'} → {'100'} | ✅
色号    ：set() → set()
浓度    ： → 浓香 | ✅
简装    ： →  | ✅
套装    ：不含 → 不含 | ✅
清洗后  ：馥 → 馥女士甜蜜花香
品名匹配：模糊包含(去虚词) | ✅
结果    ：✅ PASS | 原因：所有检查通过
============================================================

================================================================================
货品名称：【品牌好评65.6万+条】Gucci/古驰 绮梦馥栀女士香水 EDP 100ml甜蜜花香
关键词：GUCCI绮梦馥栀100ML
原价：569.0 | 现价：569.0
百亿补贴：是 | 日期：2026-03-01
校验通过：✅ True
================================================================================
✅ 优先级 4 中已有商品通过校验，停止降级
📁 采集记录已保存，总行数：716
📋 校验记录已保存，总记录数：642
✅ 序号 292 已标记为已采集

⏸ 等待 1 秒后继续...
⏳ 等待下一个商品：[██████████████████████████████] 100% (1/1s)

🔍 搜索：GUCCI花悦绽放100ML浓香

===== 优先级 4，共 3 个商品 =====
--- 进入商品 1/3 ---
============================================================
搜索词 ：GUCCI花悦绽放100ML浓香
商品名 ：【317.9万人收藏该品牌】海外直邮 Gucci 古驰 花悦绽放浓香水100ml(简装)【5天内发货】
品牌    ：古驰 → 古驰 | ✅
容量规格：{'100'} → {'100'} | ✅
色号    ：set() → {'317'}
浓度    ：浓香 → 浓香 | ✅
简装    ： → 简装 | ✅
套装    ：不含 → 不含 | ✅
清洗后  ：花悦绽放 → 海外花悦绽放水
品名匹配：词袋(100.0%) | ✅
结果    ：✅ PASS | 原因：所有检查通过
============================================================

================================================================================
货品名称：【317.9万人收藏该品牌】海外直邮 Gucci 古驰 花悦绽放浓香水100ml(简装)【5天内发货】
关键词：GUCCI花悦绽放100ML浓香
原价：353.0 | 现价：353.0
百亿补贴：是 | 日期：2025-12-01
校验通过：✅ True
================================================================================
--- 进入商品 2/3 ---
============================================================
搜索词 ：GUCCI花悦绽放100ML浓香
商品名 ：【GUCCI】古驰花悦绽放女士浓香水花香调持久留香送礼100ml
品牌    ：古驰 → 古驰 | ✅
容量规格：{'100'} → {'100'} | ✅
色号    ：set() → set()
浓度    ：浓香 → 浓香 | ✅
简装    ： →  | ✅
套装    ：不含 → 不含 | ✅
清洗后  ：花悦绽放 → 花悦绽放女士水送礼
品名匹配：词袋(100.0%) | ✅
结果    ：✅ PASS | 原因：所有检查通过
============================================================

================================================================================
货品名称：【GUCCI】古驰花悦绽放女士浓香水花香调持久留香送礼100ml
关键词：GUCCI花悦绽放100ML浓香
原价：447.0 | 现价：447.0
百亿补贴：是 | 日期：2024-09-01
校验通过：✅ True
================================================================================
--- 进入商品 3/3 ---
============================================================
搜索词 ：GUCCI花悦绽放100ML浓香
商品名 ：【品牌好评65.6万+条】GUCCI/古驰花悦绽放浓香水100ml正品节日礼物持久留香
品牌    ：古驰 → 古驰 | ✅
容量规格：{'100'} → {'100'} | ✅
色号    ：set() → set()
浓度    ：浓香 → 浓香 | ✅
简装    ： →  | ✅
套装    ：不含 → 不含 | ✅
清洗后  ：花悦绽放 → 花悦绽放水节日礼物
品名匹配：词袋(100.0%) | ✅
结果    ：✅ PASS | 原因：所有检查通过
============================================================

================================================================================
货品名称：【品牌好评65.6万+条】GUCCI/古驰花悦绽放浓香水100ml正品节日礼物持久留香
关键词：GUCCI花悦绽放100ML浓香
原价：380.07 | 现价：380.07
百亿补贴：是 | 日期：2024-01-01
校验通过：✅ True
================================================================================
✅ 优先级 4 中已有商品通过校验，停止降级
📁 采集记录已保存，总行数：720
📋 校验记录已保存，总记录数：645
✅ 序号 293 已标记为已采集

⏸ 等待 1 秒后继续...
⏳ 等待下一个商品：[██████████████████████████████] 100% (1/1s)

🔍 搜索：GUCCI绮梦木兰100ML浓香型

===== 优先级 4，共 1 个商品 =====
--- 进入商品 1/1 ---
============================================================
搜索词 ：GUCCI绮梦木兰100ML浓香型
商品名 ：【317.9万人收藏该品牌】海外直邮 Gucci 古驰 绮梦木兰浓香水100ml【5天内发货】
品牌    ：古驰 → 古驰 | ✅
容量规格：{'100'} → {'100'} | ✅
色号    ：set() → {'317'}
浓度    ：浓香 → 浓香 | ✅
简装    ： →  | ✅
套装    ：不含 → 不含 | ✅
清洗后  ：木兰 → 海外木兰水
品名匹配：词袋(100.0%) | ✅
结果    ：✅ PASS | 原因：所有检查通过
============================================================

================================================================================
货品名称：【317.9万人收藏该品牌】海外直邮 Gucci 古驰 绮梦木兰浓香水100ml【5天内发货】
关键词：GUCCI绮梦木兰100ML浓香型
原价：420.67 | 现价：420.67
百亿补贴：是 | 日期：2025-03-01
校验通过：✅ True
================================================================================
✅ 优先级 4 中已有商品通过校验，停止降级
📁 采集记录已保存，总行数：724
📋 校验记录已保存，总记录数：646
✅ 序号 294 已标记为已采集

⏸ 等待 1 秒后继续...
⏳ 等待下一个商品：[██████████████████████████████] 100% (1/1s)

🔍 搜索：GUCCI绮梦栀子花100ML浓香型

===== 优先级 4，共 2 个商品 =====
--- 进入商品 1/2 ---
============================================================
搜索词 ：GUCCI绮梦栀子花100ML浓香型
商品名 ：【全球购正品】古驰绮梦栀子女士浓香水EDP浓香100ml
品牌    ：古驰 → 古驰 | ✅
容量规格：{'100'} → {'100'} | ✅
色号    ：set() → set()
浓度    ：浓香 → 浓香 | ✅
简装    ： →  | ✅
套装    ：不含 → 不含 | ✅
清洗后  ：子花 → 子女士水
品名匹配：LCS子序列(50.0%) | ✅
结果    ：✅ PASS | 原因：所有检查通过
============================================================

================================================================================
货品名称：【全球购正品】古驰绮梦栀子女士浓香水EDP浓香100ml
关键词：GUCCI绮梦栀子花100ML浓香型
原价：499.0 | 现价：499.0
百亿补贴：是 | 日期：2025-02-17
校验通过：✅ True
================================================================================
--- 进入商品 2/2 ---
============================================================
搜索词 ：GUCCI绮梦栀子花100ML浓香型
商品名 ：【GUCCI】古驰绮梦栀子花女士浓香水EDP100ml 持久留香
品牌    ：古驰 → 古驰 | ✅
容量规格：{'100'} → {'100'} | ✅
色号    ：set() → set()
浓度    ：浓香 → 浓香 | ✅
简装    ： →  | ✅
套装    ：不含 → 不含 | ✅
清洗后  ：子花 → 子花女士水
品名匹配：词袋(100.0%) | ✅
结果    ：✅ PASS | 原因：所有检查通过
============================================================

================================================================================
货品名称：【GUCCI】古驰绮梦栀子花女士浓香水EDP100ml 持久留香
关键词：GUCCI绮梦栀子花100ML浓香型
原价：515.0 | 现价：515.0
百亿补贴：是 | 日期：2024-10-31
校验通过：✅ True
================================================================================
✅ 优先级 4 中已有商品通过校验，停止降级
📁 采集记录已保存，总行数：727
📋 校验记录已保存，总记录数：648
✅ 序号 295 已标记为已采集

⏸ 等待 1 秒后继续...
⏳ 等待下一个商品：[██████████████████████████████] 100% (1/1s)

🔍 搜索：GUCCI绮梦香草兰香100ml

===== 优先级 4，共 1 个商品 =====
--- 进入商品 1/1 ---
============================================================
搜索词 ：GUCCI绮梦香草兰香100ml
商品名 ：【1.56万人评价品牌正品】GUCCI/古驰绮梦香草兰女士浓香水100ml水生美食调简装礼物
品牌    ：古驰 → 古驰 | ✅
容量规格：{'100'} → {'100'} | ✅
色号    ：set() → set()
浓度    ： → 浓香 | ✅
简装    ： → 简装 | ✅
套装    ：不含 → 不含 | ✅
清洗后  ：香草兰香 → 香草兰女士水水生美食调简装礼物
品名匹配：词袋(50.0%) | ✅
结果    ：✅ PASS | 原因：所有检查通过
============================================================

================================================================================
货品名称：【1.56万人评价品牌正品】GUCCI/古驰绮梦香草兰女士浓香水100ml水生美食调简装礼物
关键词：GUCCI绮梦香草兰香100ml
原价：499.0 | 现价：499.0
百亿补贴：是 | 日期：2024-03-01
校验通过：✅ True
================================================================================
✅ 优先级 4 中已有商品通过校验，停止降级
📁 采集记录已保存，总行数：730
📋 校验记录已保存，总记录数：649
✅ 序号 296 已标记为已采集

⏸ 等待 1 秒后继续...
⏳ 等待下一个商品：[██████████████████████████████] 100% (1/1s)

🔍 搜索：GUCCI绮梦香草兰香50ml

===== 优先级 4，共 2 个商品 =====
--- 进入商品 1/2 ---
============================================================
搜索词 ：GUCCI绮梦香草兰香50ml
商品名 ：【317.9万人收藏该品牌】GUCCI/古驰绮梦香草兰女士浓香水100ml水生美食调简装礼物
品牌    ：古驰 → 古驰 | ✅
容量规格：{'50'} → {'100'} | ❌
色号    ：set() → {'317'}
浓度    ： → 浓香 | ✅
简装    ： → 简装 | ✅
套装    ：不含 → 不含 | ✅
清洗后  ：香草兰香 → 香草兰女士水水生美食调简装礼物
品名匹配：词袋(50.0%) | ✅
结果    ：❌ FAIL | 原因：规格不匹配
============================================================
🔧 校验失败原因为规格不匹配，尝试进入规格面板匹配...

[DEBUG][get_sku_price_auto] 开始匹配，搜索词: 'GUCCI绮梦香草兰香50ml'
[DEBUG][get_sku_identifiers] 提取标识: ['50ml']
[DEBUG][get_sku_price_auto] 当前已选规格不匹配，尝试点击规格...
[DEBUG][get_sku_price_auto] 所有标识尝试完毕，仍无价格
⚠️ 规格匹配未获取到有效价格，已记录为匹配失败，校验结果强制为不通过

================================================================================
货品名称：【317.9万人收藏该品牌】GUCCI/古驰绮梦香草兰女士浓香水100ml水生美食调简装礼物
关键词：GUCCI绮梦香草兰香50ml
原价：499.0 | 现价：499.0
匹配规格：匹配失败 | 规格价格：
百亿补贴：是 | 日期：2024-03-01
校验通过：❌ False
================================================================================
--- 进入商品 2/2 ---
============================================================
搜索词 ：GUCCI绮梦香草兰香50ml
商品名 ：【GUCCI】古驰 绮梦香草兰香型女士浓香水30ML 水生美食调
品牌    ：古驰 → 古驰 | ✅
容量规格：{'50'} → {'30'} | ❌
色号    ：set() → set()
浓度    ： → 浓香 | ✅
简装    ： →  | ✅
套装    ：不含 → 不含 | ✅
清洗后  ：香草兰香 → 香草兰香女士水水生美食调
品名匹配：词袋(100.0%) | ✅
结果    ：❌ FAIL | 原因：规格不匹配
============================================================
🔧 校验失败原因为规格不匹配，尝试进入规格面板匹配...

[DEBUG][get_sku_price_auto] 开始匹配，搜索词: 'GUCCI绮梦香草兰香50ml'
[DEBUG][get_sku_identifiers] 提取标识: ['50ml']
[DEBUG][get_sku_price_auto] 当前已选规格不匹配，尝试点击规格...
[DEBUG][get_sku_price_auto] 所有标识尝试完毕，仍无价格
⚠️ 规格匹配未获取到有效价格，已记录为匹配失败，校验结果强制为不通过

================================================================================
货品名称：【GUCCI】古驰 绮梦香草兰香型女士浓香水30ML 水生美食调
关键词：GUCCI绮梦香草兰香50ml
原价：199.0 | 现价：188.0
匹配规格：匹配失败 | 规格价格：
百亿补贴：是 | 日期：2025-11-13
校验通过：❌ False
================================================================================
⚠️ 优先级 4 全部未通过，尝试下一优先级
🔽 降级到全球购，返回顶部并重新识别（不自动下滑）

===== 优先级 1，共 3 个商品 =====
--- 进入商品 1/3 ---
============================================================
搜索词 ：GUCCI绮梦香草兰香50ml
商品名 ：Gucci古驰 绮梦香草兰女士浓香水EDP30-50-100-150ml【包税直发】【5天内发货】
品牌    ：古驰 → 古驰 | ✅
容量规格：{'50'} → {'30', '50', '150', '100'} | ✅
色号    ：set() → set()
浓度    ： → 浓香 | ✅
简装    ： →  | ✅
套装    ：不含 → 不含 | ✅
清洗后  ：香草兰香 → 香草兰女士水
品名匹配：词袋(50.0%) | ✅
结果    ：✅ PASS | 原因：所有检查通过
============================================================
🔧 标题包含多规格 (容量:{'30', '50', '150', '100'}, 色号:set())，尝试进入规格面板匹配...

[DEBUG][get_sku_price_auto] 开始匹配，搜索词: 'GUCCI绮梦香草兰香50ml'
[DEBUG][get_sku_identifiers] 提取标识: ['50ml']
[DEBUG][get_sku_price_auto] 当前已选规格不匹配，尝试点击规格...
[DEBUG] 容量 50ml 找到 3 个控件
[DEBUG] 多个容量无浓度要求，点击第一个: 50ml
[DEBUG] 容量 50ml 匹配成功，价格: 679
✅ 规格匹配成功，且品名已匹配，校验通过

================================================================================
货品名称：Gucci古驰 绮梦香草兰女士浓香水EDP30-50-100-150ml【包税直发】【5天内发货】
关键词：GUCCI绮梦香草兰香50ml
原价：493.0 | 现价：679
匹配规格：已选: 50ml | 规格价格：679
百亿补贴：否 | 日期：
校验通过：✅ True
================================================================================
--- 进入商品 2/3 ---
============================================================
搜索词 ：GUCCI绮梦香草兰香50ml
商品名 ：GUCCI/古驰香水新品绮梦栀子花香草兰浓香EDP
品牌    ：古驰 → 古驰 | ✅
容量规格：{'50'} → set() | ❌
色号    ：set() → set()
浓度    ： → 浓香 | ✅
简装    ： →  | ✅
套装    ：不含 → 不含 | ✅
清洗后  ：香草兰香 → 子花香草兰
品名匹配：词袋(50.0%) | ✅
结果    ：❌ FAIL | 原因：规格不匹配
============================================================
🔧 校验失败原因为规格不匹配，尝试进入规格面板匹配...

[DEBUG][get_sku_price_auto] 开始匹配，搜索词: 'GUCCI绮梦香草兰香50ml'
[DEBUG][get_sku_identifiers] 提取标识: ['50ml']
[DEBUG][get_sku_price_auto] 当前已选规格不匹配，尝试点击规格...
[DEBUG] 容量 50ml 找到 1 个控件
[DEBUG] 点击唯一容量控件: 50ml
[DEBUG] 容量 50ml 匹配成功，价格: 438
✅ 规格匹配成功，且品名已匹配，校验通过

================================================================================
货品名称：GUCCI/古驰香水新品绮梦栀子花香草兰浓香EDP
关键词：GUCCI绮梦香草兰香50ml
原价：280.0 | 现价：438
匹配规格：已选: 50mL 绮梦香草兰女士香水 1瓶 古驰绮梦香草兰 无礼盒 | 规格价格：438
百亿补贴：否 | 日期：
校验通过：✅ True
================================================================================
--- 进入商品 3/3 ---
============================================================
搜索词 ：GUCCI绮梦香草兰香50ml
商品名 ：Gucci古驰 绮梦香草兰女士浓香水EDP 30ml/150ml 【法国直发【5天内发货】
品牌    ：古驰 → 古驰 | ✅
容量规格：{'50'} → {'30', '150'} | ❌
色号    ：set() → set()
浓度    ： → 浓香 | ✅
简装    ： →  | ✅
套装    ：不含 → 不含 | ✅
清洗后  ：香草兰香 → 香草兰女士水
品名匹配：词袋(50.0%) | ✅
结果    ：❌ FAIL | 原因：规格不匹配
============================================================
🔧 标题包含多规格 (容量:{'30', '150'}, 色号:set())，尝试进入规格面板匹配...

[DEBUG][get_sku_price_auto] 开始匹配，搜索词: 'GUCCI绮梦香草兰香50ml'
[DEBUG][get_sku_identifiers] 提取标识: ['50ml']
[DEBUG][get_sku_price_auto] 当前已选规格不匹配，尝试点击规格...
[DEBUG] 容量 50ml 找到 3 个控件
[DEBUG] 多个容量无浓度要求，点击第一个: 50ml
[DEBUG] 容量 50ml 匹配成功，价格: 679
✅ 规格匹配成功，且品名已匹配，校验通过

================================================================================
货品名称：Gucci古驰 绮梦香草兰女士浓香水EDP 30ml/150ml 【法国直发【5天内发货】
关键词：GUCCI绮梦香草兰香50ml
原价：493.0 | 现价：679
匹配规格：已选: 50ML | 规格价格：679
百亿补贴：否 | 日期：
校验通过：✅ True
================================================================================
✅ 优先级 1 中已有商品通过校验，停止降级
📁 采集记录已保存，总行数：736
📋 校验记录已保存，总记录数：654
✅ 序号 297 已标记为已采集

⏸ 等待 1 秒后继续...
⏳ 等待下一个商品：[██████████████████████████████] 100% (1/1s)

🔍 搜索：Kerastase卡诗黑钻鱼子酱洗发水250ml

===== 优先级 2，共 1 个商品 =====
--- 进入商品 1/1 ---
============================================================
搜索词 ：Kerastase卡诗黑钻鱼子酱洗发水250ml
商品名 ：【KERASTASE】卡诗黑钻钥源鱼子酱洗发水250ml滋养修护
品牌    ：卡诗 → 卡诗 | ✅
容量规格：{'250'} → {'250'} | ✅
色号    ：set() → set()
浓度    ： →  | ✅
简装    ： →  | ✅
套装    ：不含 → 不含 | ✅
清洗后  ：黑钻鱼子酱洗发水 → 黑钻钥源鱼子酱洗发水滋养
品名匹配：词袋(85.7%) | ✅
结果    ：✅ PASS | 原因：所有检查通过
============================================================

================================================================================
货品名称：【KERASTASE】卡诗黑钻钥源鱼子酱洗发水250ml滋养修护
关键词：Kerastase卡诗黑钻鱼子酱洗发水250ml
原价：198.0 | 现价：198.0
百亿补贴：否 | 日期：2024-05-01
校验通过：✅ True
================================================================================
✅ 优先级 2 中已有商品通过校验，停止降级
📁 采集记录已保存，总行数：742
📋 校验记录已保存，总记录数：655
✅ 序号 298 已标记为已采集

⏸ 等待 1 秒后继续...
⏳ 等待下一个商品：[██████████████████████████████] 100% (1/1s)

🔍 搜索：赫莲娜 绿宝瓶新肌水400ml

===== 优先级 2，共 1 个商品 =====
--- 进入商品 1/1 ---
============================================================
搜索词 ：赫莲娜 绿宝瓶新肌水400ml
商品名 ：【HR】赫莲娜绿宝瓶新肌水400ml 抗老精华水
品牌    ：赫莲娜 → 赫莲娜 | ✅
容量规格：{'400'} → {'400'} | ✅
色号    ：{'绿色'} → {'绿色'}
浓度    ： →  | ✅
简装    ： →  | ✅
套装    ：不含 → 不含 | ✅
清洗后  ：绿宝瓶新肌水 → 绿宝瓶新肌水抗老水
品名匹配：词袋(100.0%) | ✅
结果    ：✅ PASS | 原因：所有检查通过
============================================================

================================================================================
货品名称：【HR】赫莲娜绿宝瓶新肌水400ml 抗老精华水
关键词：赫莲娜 绿宝瓶新肌水400ml
原价：959.0 | 现价：959.0
百亿补贴：否 | 日期：2025-01-01
校验通过：✅ True
================================================================================
✅ 优先级 2 中已有商品通过校验，停止降级
📁 采集记录已保存，总行数：744
📋 校验记录已保存，总记录数：656
✅ 序号 299 已标记为已采集

⏸ 等待 1 秒后继续...
⏳ 等待下一个商品：[██████████████████████████████] 100% (1/1s)

🔍 搜索：赫莲娜 绿宝瓶新肌水200ml

===== 优先级 4，共 1 个商品 =====
--- 进入商品 1/1 ---
============================================================
搜索词 ：赫莲娜 绿宝瓶新肌水200ml
商品名 ：【HR】赫莲娜绿宝瓶新肌水200ml保湿修护提亮补水精华水
品牌    ：赫莲娜 → 赫莲娜 | ✅
容量规格：{'200'} → {'200'} | ✅
色号    ：{'绿色'} → {'绿色'}
浓度    ： →  | ✅
简装    ： →  | ✅
套装    ：不含 → 不含 | ✅
清洗后  ：绿宝瓶新肌水 → 绿宝瓶新肌水提亮补水水
品名匹配：词袋(100.0%) | ✅
结果    ：✅ PASS | 原因：所有检查通过
============================================================

================================================================================
货品名称：【HR】赫莲娜绿宝瓶新肌水200ml保湿修护提亮补水精华水
关键词：赫莲娜 绿宝瓶新肌水200ml
原价：649.0 | 现价：649.0
百亿补贴：是 | 日期：2025-02-01
校验通过：✅ True
================================================================================
✅ 优先级 4 中已有商品通过校验，停止降级
📁 采集记录已保存，总行数：746
📋 校验记录已保存，总记录数：657
✅ 序号 300 已标记为已采集

⏸ 等待 1 秒后继续...
⏳ 等待下一个商品：[██████████████████████████████] 100% (1/1s)

🔍 搜索：SK-II光子小灯泡精华露50ml

===== 优先级 4，共 1 个商品 =====
--- 进入商品 1/1 ---
============================================================
搜索词 ：SK-II光子小灯泡精华露50ml
商品名 ：【SK-II】新版光子小灯泡精华50ml淡斑提亮滋润保湿礼物高端美白嫩肤
品牌    ：SK-II → SK-II | ✅
容量规格：{'50'} → {'50'} | ✅
色号    ：set() → set()
浓度    ： →  | ✅
简装    ： →  | ✅
套装    ：不含 → 不含 | ✅
清洗后  ：光子小灯泡露 → 新光子小灯泡淡斑提亮礼物高端美白嫩肤
品名匹配：词袋(80.0%) | ✅
结果    ：✅ PASS | 原因：所有检查通过
============================================================

================================================================================
货品名称：【SK-II】新版光子小灯泡精华50ml淡斑提亮滋润保湿礼物高端美白嫩肤
关键词：SK-II光子小灯泡精华露50ml
原价：999.0 | 现价：999.0
百亿补贴：是 | 日期：2026-02-01
校验通过：✅ True
================================================================================
✅ 优先级 4 中已有商品通过校验，停止降级
📁 采集记录已保存，总行数：748
📋 校验记录已保存，总记录数：658
✅ 序号 301 已标记为已采集

⏸ 等待 1 秒后继续...
⏳ 等待下一个商品：[██████████████████████████████] 100% (1/1s)

🔍 搜索：SK-II晶致美肤乳液100g
🔽 降级到全球购，返回顶部并重新识别（不自动下滑）

===== 优先级 1，共 3 个商品 =====
--- 进入商品 1/3 ---
============================================================
搜索词 ：SK-II晶致美肤乳液100g
商品名 ：SK2晶致美肤乳液100g 骨胶原修护紧致活肤 保湿不油腻【5天内发货】
品牌    ：SK-II → SK-II | ✅
容量规格：{'100'} → {'100'} | ✅
色号    ：set() → set()
浓度    ： →  | ✅
简装    ： →  | ✅
套装    ：不含 → 不含 | ✅
清洗后  ：晶致美肤乳液 → 晶致美肤乳液骨胶原紧致活肤不油腻
品名匹配：词袋(100.0%) | ✅
结果    ：✅ PASS | 原因：所有检查通过
============================================================

================================================================================
货品名称：SK2晶致美肤乳液100g 骨胶原修护紧致活肤 保湿不油腻【5天内发货】
关键词：SK-II晶致美肤乳液100g
原价：449.0 | 现价：449.0
百亿补贴：否 | 日期：
校验通过：✅ True
================================================================================
--- 进入商品 2/3 ---
============================================================
搜索词 ：SK-II晶致美肤乳液100g
商品名 ：【SK-II】晶致美肤乳液100g骨胶原修护抗皱乳液紧致提亮【5天内发货】
品牌    ：SK-II → SK-II | ✅
容量规格：{'100'} → {'100'} | ✅
色号    ：set() → set()
浓度    ： →  | ✅
简装    ： →  | ✅
套装    ：不含 → 不含 | ✅
清洗后  ：晶致美肤乳液 → 晶致美肤乳液骨胶原抗皱乳液紧致提亮
品名匹配：词袋(100.0%) | ✅
结果    ：✅ PASS | 原因：所有检查通过
============================================================

================================================================================
货品名称：【SK-II】晶致美肤乳液100g骨胶原修护抗皱乳液紧致提亮【5天内发货】
关键词：SK-II晶致美肤乳液100g
原价：599.0 | 现价：599.0
百亿补贴：否 | 日期：2024-12-31
校验通过：✅ True
================================================================================
--- 进入商品 3/3 ---
============================================================
搜索词 ：SK-II晶致美肤乳液100g
商品名 ：【SK-II】晶致美肤乳液100g骨胶原修护抗皱乳液 紧致【5天内发货】
品牌    ：SK-II → SK-II | ✅
容量规格：{'100'} → {'100'} | ✅
色号    ：set() → set()
浓度    ： →  | ✅
简装    ： →  | ✅
套装    ：不含 → 不含 | ✅
清洗后  ：晶致美肤乳液 → 晶致美肤乳液骨胶原抗皱乳液紧致
品名匹配：词袋(100.0%) | ✅
结果    ：✅ PASS | 原因：所有检查通过
============================================================

================================================================================
货品名称：【SK-II】晶致美肤乳液100g骨胶原修护抗皱乳液 紧致【5天内发货】
关键词：SK-II晶致美肤乳液100g
原价：420.0 | 现价：420.0
百亿补贴：否 | 日期：2024-04-01
校验通过：✅ True
================================================================================
✅ 优先级 1 中已有商品通过校验，停止降级
📁 采集记录已保存，总行数：752
📋 校验记录已保存，总记录数：661
✅ 序号 302 已标记为已采集

⏸ 等待 1 秒后继续...
⏳ 等待下一个商品：[██████████████████████████████] 100% (1/1s)

🔍 搜索：SKII女士洗面奶120g/支

===== 优先级 2，共 1 个商品 =====
--- 进入商品 1/1 ---
============================================================
搜索词 ：SKII女士洗面奶120g/支
商品名 ：【SK-II】 女士氨基酸清洁洁面乳120g/支
品牌    ：SK-II → SK-II | ✅
容量规格：{'120'} → {'120'} | ✅
色号    ：set() → set()
浓度    ： →  | ✅
简装    ： →  | ✅
套装    ：不含 → 不含 | ✅
清洗后  ：女士洗面奶 → 女士氨基酸清洁洁面乳
品名匹配：词袋(40.0%) | ✅
结果    ：✅ PASS | 原因：所有检查通过
============================================================
❌ 异常：Remote end closed connection without response
Traceback (most recent call last):
  File "/Users/vincentli/PycharmProjects/PythonProject/2026-4 群控/yolo/整合详情页采集/采集10.4 日志.py", line 834, in main
    select_and_collect_best_product(kw, idx)
  File "/Users/vincentli/PycharmProjects/PythonProject/2026-4 群控/yolo/整合详情页采集/采集10.4 日志.py", line 778, in select_and_collect_best_product
    res = collect_single_product(search_word, serial_num, p["tags"])
  File "/Users/vincentli/PycharmProjects/PythonProject/2026-4 群控/yolo/整合详情页采集/采集10.4 日志.py", line 609, in collect_single_product
    detail = find_and_click_detail()
  File "/Users/vincentli/PycharmProjects/PythonProject/2026-4 群控/yolo/整合详情页采集/采集10.4 日志.py", line 515, in find_and_click_detail
    img = d.screenshot(format="opencv")
  File "/opt/miniconda3/envs/py3.8/lib/python3.8/site-packages/uiautomator2/__init__.py", line 77, in screenshot
    base64_data = self.jsonrpc.takeScreenshot(1, 80)
  File "/opt/miniconda3/envs/py3.8/lib/python3.8/site-packages/uiautomator2/base.py", line 158, in __call__
    return self.server.jsonrpc_call(self.method, params, http_timeout)
  File "/opt/miniconda3/envs/py3.8/lib/python3.8/site-packages/uiautomator2/core.py", line 311, in jsonrpc_call
    return _jsonrpc_call(self._dev, self._device_server_port, method, params, timeout, self._debug)
  File "/opt/miniconda3/envs/py3.8/lib/python3.8/site-packages/uiautomator2/core.py", line 173, in _jsonrpc_call
    r = _http_request(dev, device_port, "POST", "/jsonrpc/0", payload, timeout=timeout, print_request=print_request)
  File "/opt/miniconda3/envs/py3.8/lib/python3.8/site-packages/uiautomator2/core.py", line 140, in _http_request
    _response = conn.getresponse()
  File "/opt/miniconda3/envs/py3.8/lib/python3.8/http/client.py", line 1348, in getresponse
    response.begin()
  File "/opt/miniconda3/envs/py3.8/lib/python3.8/http/client.py", line 316, in begin
    version, status, reason = self._read_status()
  File "/opt/miniconda3/envs/py3.8/lib/python3.8/http/client.py", line 285, in _read_status
    raise RemoteDisconnected("Remote end closed connection without"
http.client.RemoteDisconnected: Remote end closed connection without response

🔴 强制返回首页...

🔍 搜索：SKII女士洗面奶120g/支
❌ 异常：{'code': -32002, 'data': "Selector [className='android.widget.EditText']", 'method': 'wait'}
Traceback (most recent call last):
  File "/Users/vincentli/PycharmProjects/PythonProject/2026-4 群控/yolo/整合详情页采集/采集10.4 日志.py", line 833, in main
    search_product(kw)
  File "/Users/vincentli/PycharmProjects/PythonProject/2026-4 群控/yolo/整合详情页采集/采集10.4 日志.py", line 209, in search_product
    d(className="android.widget.EditText").clear_text()
  File "/opt/miniconda3/envs/py3.8/lib/python3.8/site-packages/uiautomator2/_selector.py", line 357, in clear_text
    self.must_wait(timeout=timeout)
  File "/opt/miniconda3/envs/py3.8/lib/python3.8/site-packages/uiautomator2/_selector.py", line 338, in must_wait
    raise UiObjectNotFoundError({'code': -32002, 'data': str(self.selector), 'method': 'wait'})
uiautomator2.exceptions.UiObjectNotFoundError: {'code': -32002, 'data': "Selector [className='android.widget.EditText']", 'method': 'wait'}

🔴 强制返回首页...
🟢 已回到首页

🔍 搜索：SKII女士洗面奶120g/支

===== 优先级 2，共 1 个商品 =====
--- 进入商品 1/1 ---
============================================================
搜索词 ：SKII女士洗面奶120g/支
商品名 ：【SK-II】 女士氨基酸清洁洁面乳120g/支
品牌    ：SK-II → SK-II | ✅
容量规格：{'120'} → {'120'} | ✅
色号    ：set() → set()
浓度    ： →  | ✅
简装    ： →  | ✅
套装    ：不含 → 不含 | ✅
清洗后  ：女士洗面奶 → 女士氨基酸清洁洁面乳
品名匹配：词袋(40.0%) | ✅
结果    ：✅ PASS | 原因：所有检查通过
============================================================

================================================================================
货品名称：【SK-II】 女士氨基酸清洁洁面乳120g/支
关键词：SKII女士洗面奶120g/支
原价：339.0 | 现价：339.0
百亿补贴：否 | 日期：2025-12-01
校验通过：✅ True
================================================================================
✅ 优先级 2 中已有商品通过校验，停止降级
📁 采集记录已保存，总行数：756
📋 校验记录已保存，总记录数：662
✅ 序号 303 已标记为已采集

⏸ 等待 1 秒后继续...
⏳ 等待下一个商品：[██████████████████████████████] 100% (1/1s)

🔍 搜索：SK-II前男友面膜10片装

===== 优先级 4，共 1 个商品 =====
--- 进入商品 1/1 ---
============================================================
搜索词 ：SK-II前男友面膜10片装
商品名 ：【SK-II】前男友面膜贴片面膜单片*10组合保湿补水修复抗衰老美白【5天内发货】
品牌    ：SK-II → SK-II | ✅
容量规格：{'10'} → {'10'} | ❌
色号    ：set() → set()
浓度    ： →  | ✅
简装    ： →  | ✅
套装    ：不含 → 不含 | ✅
清洗后  ：前男友面膜装 → 前男友面膜贴片面膜单片组合补水修复抗衰老美白
品名匹配：词袋(80.0%) | ✅
结果    ：❌ FAIL | 原因：规格不匹配
============================================================
🔧 校验失败原因为规格不匹配，尝试进入规格面板匹配...

[DEBUG][get_sku_price_auto] 开始匹配，搜索词: 'SK-II前男友面膜10片装'
[DEBUG][get_sku_identifiers] 提取标识: ['10片']
[DEBUG][get_sku_price_auto] 当前已选规格匹配，价格: 452
✅ 规格匹配成功，且品名已匹配，校验通过

================================================================================
货品名称：【SK-II】前男友面膜贴片面膜单片*10组合保湿补水修复抗衰老美白【5天内发货】
关键词：SK-II前男友面膜10片装
原价：599.0 | 现价：452
匹配规格：已选: 前男友面膜10片 | 规格价格：452
百亿补贴：是 | 日期：2024-12-31
校验通过：✅ True
================================================================================
✅ 优先级 4 中已有商品通过校验，停止降级
📁 采集记录已保存，总行数：758
📋 校验记录已保存，总记录数：663
✅ 序号 304 已标记为已采集

⏸ 等待 1 秒后继续...
⏳ 等待下一个商品：[██████████████████████████████] 100% (1/1s)

🔍 搜索：SK-II前男友面膜10片装

===== 优先级 4，共 1 个商品 =====
--- 进入商品 1/1 ---
============================================================
搜索词 ：SK-II前男友面膜10片装
商品名 ：【SK-II】前男友面膜贴片面膜单片*10组合保湿补水修复抗衰老美白【5天内发货】
品牌    ：SK-II → SK-II | ✅
容量规格：{'10'} → {'10'} | ❌
色号    ：set() → set()
浓度    ： →  | ✅
简装    ： →  | ✅
套装    ：不含 → 不含 | ✅
清洗后  ：前男友面膜装 → 前男友面膜贴片面膜单片组合补水修复抗衰老美白
品名匹配：词袋(80.0%) | ✅
结果    ：❌ FAIL | 原因：规格不匹配
============================================================
🔧 校验失败原因为规格不匹配，尝试进入规格面板匹配...

[DEBUG][get_sku_price_auto] 开始匹配，搜索词: 'SK-II前男友面膜10片装'
[DEBUG][get_sku_identifiers] 提取标识: ['10片']
[DEBUG][get_sku_price_auto] 当前已选规格匹配，价格: 448
✅ 规格匹配成功，且品名已匹配，校验通过

================================================================================
货品名称：【SK-II】前男友面膜贴片面膜单片*10组合保湿补水修复抗衰老美白【5天内发货】
关键词：SK-II前男友面膜10片装
原价：699.0 | 现价：448
匹配规格：已选: 前男友面膜10片 | 规格价格：448
百亿补贴：是 | 日期：2024-12-31
校验通过：✅ True
================================================================================
✅ 优先级 4 中已有商品通过校验，停止降级
📁 采集记录已保存，总行数：760
📋 校验记录已保存，总记录数：664
✅ 序号 305 已标记为已采集

⏸ 等待 1 秒后继续...
⏳ 等待下一个商品：[██████████████████████████████] 100% (1/1s)

🔍 搜索：SKII大红瓶面霜80g清爽

===== 优先级 4，共 1 个商品 =====
--- 进入商品 1/1 ---
============================================================
搜索词 ：SKII大红瓶面霜80g清爽
商品名 ：【SK-II】大红瓶面霜新版清爽 80g补水保湿
品牌    ：SK-II → SK-II | ✅
容量规格：{'80'} → {'80'} | ✅
色号    ：set() → set()
浓度    ： →  | ✅
简装    ： →  | ✅
套装    ：不含 → 不含 | ✅
清洗后  ：大红瓶面霜 → 大红瓶面霜新补水
品名匹配：词袋(100.0%) | ✅
结果    ：✅ PASS | 原因：所有检查通过
============================================================

================================================================================
货品名称：【SK-II】大红瓶面霜新版清爽 80g补水保湿
关键词：SKII大红瓶面霜80g清爽
原价：999.0 | 现价：999.0
百亿补贴：否 | 日期：2025-09-02
校验通过：✅ True
================================================================================
✅ 优先级 4 中已有商品通过校验，停止降级
📁 采集记录已保存，总行数：762
📋 校验记录已保存，总记录数：665
✅ 序号 306 已标记为已采集

⏸ 等待 1 秒后继续...
⏳ 等待下一个商品：[██████████████████████████████] 100% (1/1s)

🔍 搜索：NARS空气唇釉GIPSY吉普赛
🔽 降级到全球购，返回顶部并重新识别（不自动下滑）

===== 优先级 1，共 3 个商品 =====
--- 进入商品 1/3 ---
============================================================
搜索词 ：NARS空气唇釉GIPSY吉普赛
商品名 ：NARS/娜斯空气唇釉GIPSY吉普赛7.5ml显白提升气色柔雾妆面显色
品牌    ：纳斯 → 纳斯 | ✅
容量规格：set() → {'7.5'} | ✅
色号    ：set() → set()
浓度    ： →  | ✅
简装    ： →  | ✅
套装    ：不含 → 不含 | ✅
清洗后  ：空气唇釉gipsy吉普赛 → 空气唇釉gipsy吉普赛显白提升气色妆面显色
品名匹配：词袋(100.0%) | ✅
结果    ：✅ PASS | 原因：所有检查通过
============================================================

================================================================================
货品名称：NARS/娜斯空气唇釉GIPSY吉普赛7.5ml显白提升气色柔雾妆面显色
关键词：NARS空气唇釉GIPSY吉普赛
原价：99.0 | 现价：99.0
百亿补贴：否 | 日期：
校验通过：✅ True
================================================================================
--- 进入商品 2/3 ---
============================================================
搜索词 ：NARS空气唇釉GIPSY吉普赛
商品名 ：【NARS】 吉普赛 GIPSY 空气唇釉 7.5ml 顺滑好涂抹提升气色持妆唇彩
品牌    ：纳斯 → 纳斯 | ✅
容量规格：set() → {'7.5'} | ✅
色号    ：set() → set()
浓度    ： →  | ✅
简装    ： →  | ✅
套装    ：不含 → 不含 | ✅
清洗后  ：空气唇釉gipsy吉普赛 → 吉普赛gipsy空气唇釉顺滑好涂抹提升气色持妆唇彩
品名匹配：词袋(83.3%) | ✅
结果    ：✅ PASS | 原因：所有检查通过
============================================================

================================================================================
货品名称：【NARS】 吉普赛 GIPSY 空气唇釉 7.5ml 顺滑好涂抹提升气色持妆唇彩
关键词：NARS空气唇釉GIPSY吉普赛
原价：297.0 | 现价：297.0
百亿补贴：否 | 日期：
校验通过：✅ True
================================================================================
--- 进入商品 3/3 ---
============================================================
搜索词 ：NARS空气唇釉GIPSY吉普赛
商品名 ：NARS/娜斯空气唇釉GIPSY吉普赛7.5ml显色唇泥提升气色柔雾妆感
品牌    ：纳斯 → 纳斯 | ✅
容量规格：set() → {'7.5'} | ✅
色号    ：set() → set()
浓度    ： →  | ✅
简装    ： →  | ✅
套装    ：不含 → 不含 | ✅
清洗后  ：空气唇釉gipsy吉普赛 → 空气唇釉gipsy吉普赛显色唇泥提升气色妆感
品名匹配：词袋(100.0%) | ✅
结果    ：✅ PASS | 原因：所有检查通过
============================================================

================================================================================
货品名称：NARS/娜斯空气唇釉GIPSY吉普赛7.5ml显色唇泥提升气色柔雾妆感
关键词：NARS空气唇釉GIPSY吉普赛
原价：99.0 | 现价：99.0
百亿补贴：否 | 日期：
校验通过：✅ True
================================================================================
✅ 优先级 1 中已有商品通过校验，停止降级
📁 采集记录已保存，总行数：766
📋 校验记录已保存，总记录数：668
✅ 序号 307 已标记为已采集

⏸ 等待 1 秒后继续...
⏳ 等待下一个商品：[██████████████████████████████] 100% (1/1s)

🔍 搜索：后Whoo天气丹PRO乳110ML

===== 优先级 2，共 1 个商品 =====
--- 进入商品 1/1 ---
============================================================
搜索词 ：后Whoo天气丹PRO乳110ML
商品名 ：WHOO后天气丹pro光耀水乳组合【水150ml+乳110ml】
品牌    ：后 → 后 | ✅
容量规格：{'110'} → {'150', '110'} | ✅
色号    ：set() → set()
浓度    ： →  | ✅
简装    ： →  | ✅
套装    ：不含 → 不含 | ✅
清洗后  ：天气丹pro乳 → 天气丹pro光耀水乳组合
品名匹配：词袋(66.7%) | ✅
结果    ：✅ PASS | 原因：所有检查通过
============================================================
🔧 标题包含多规格 (容量:{'150', '110'}, 色号:set())，尝试进入规格面板匹配...

[DEBUG][get_sku_price_auto] 开始匹配，搜索词: '后Whoo天气丹PRO乳110ML'
[DEBUG][get_sku_identifiers] 提取标识: ['pro', '110ml']
[DEBUG][get_sku_price_auto] 当前已选规格匹配，价格: 489
✅ 规格匹配成功，且品名已匹配，校验通过

================================================================================
货品名称：WHOO后天气丹pro光耀水乳组合【水150ml+乳110ml】
关键词：后Whoo天气丹PRO乳110ML
原价：489.0 | 现价：489
匹配规格：已选: 后天气丹pro光耀水乳组合[水150ml+乳110ml] | 规格价格：489
百亿补贴：否 | 日期：2026-01-01
校验通过：✅ True
================================================================================
✅ 优先级 2 中已有商品通过校验，停止降级
📁 采集记录已保存，总行数：770
📋 校验记录已保存，总记录数：669
✅ 序号 308 已标记为已采集

⏸ 等待 1 秒后继续...
⏳ 等待下一个商品：[██████████████████████████████] 100% (1/1s)

🔍 搜索：后拱辰享美黄金气垫13G+替换装13G

===== 优先级 2，共 2 个商品 =====
--- 进入商品 1/2 ---
============================================================
搜索词 ：后拱辰享美黄金气垫13G+替换装13G
商品名 ：【4.79万人评价品牌正品】韩国原装thewhoo后黄金气垫粉底液21号#一正两替换自然遮瑕提亮
品牌    ：后 → 后 | ✅
容量规格：{'13'} → set() | ❌
色号    ：set() → {'21'}
浓度    ： →  | ✅
简装    ： →  | ✅
套装    ：不含 → 不含 | ✅
清洗后  ：拱辰享美黄金气垫替换装 → 韩国the黄金气垫粉底液号一正两替换提亮
品名匹配：词袋(40.0%) | ✅
结果    ：❌ FAIL | 原因：规格不匹配
============================================================
🔧 校验失败原因为规格不匹配，尝试进入规格面板匹配...

[DEBUG][get_sku_price_auto] 开始匹配，搜索词: '后拱辰享美黄金气垫13G+替换装13G'
[DEBUG][get_sku_identifiers] 提取标识: ['13g']
[DEBUG][get_sku_price_auto] 当前已选规格匹配，价格: 222
✅ 规格匹配成功，且品名已匹配，校验通过

================================================================================
货品名称：【4.79万人评价品牌正品】韩国原装thewhoo后黄金气垫粉底液21号#一正两替换自然遮瑕提亮
关键词：后拱辰享美黄金气垫13G+替换装13G
原价：222.0 | 现价：222
匹配规格：已选: 后黄金气垫13g*3[21号] | 规格价格：222
百亿补贴：否 | 日期：2026-04-13
校验通过：✅ True
================================================================================
--- 进入商品 2/2 ---
============================================================
搜索词 ：后拱辰享美黄金气垫13G+替换装13G
商品名 ：【跨境原装】韩国后拱辰享美奢华黄金气垫雪美白套装BB霜套盒正品
品牌    ：后 → 芭比布朗 | ❌
容量规格：{'13'} → set() | ❌
色号    ：set() → set()
浓度    ： →  | ✅
简装    ： →  | ✅
套装    ：不含 → 含 | ❌
清洗后  ：拱辰享美黄金气垫替换装 → 韩国后拱辰享美奢华黄金气垫雪美白套装霜套盒
品名匹配：词袋(60.0%) | ✅
结果    ：❌ FAIL | 原因：品牌不一致；规格不匹配；套装状态不一致
============================================================
🔧 校验失败原因为规格不匹配，尝试进入规格面板匹配...

[DEBUG][get_sku_price_auto] 开始匹配，搜索词: '后拱辰享美黄金气垫13G+替换装13G'
[DEBUG][get_sku_identifiers] 提取标识: ['13g']
[DEBUG][get_sku_price_auto] 当前已选规格不匹配，尝试点击规格...
[DEBUG][get_sku_price_auto] 所有标识尝试完毕，仍无价格
⚠️ 规格匹配未获取到有效价格，已记录为匹配失败，校验结果强制为不通过

================================================================================
货品名称：【跨境原装】韩国后拱辰享美奢华黄金气垫雪美白套装BB霜套盒正品
关键词：后拱辰享美黄金气垫13G+替换装13G
原价：115.0 | 现价：105.0
匹配规格：匹配失败 | 规格价格：
百亿补贴：否 | 日期：
校验通过：❌ False
================================================================================
✅ 优先级 2 中已有商品通过校验，停止降级
📁 采集记录已保存，总行数：773
📋 校验记录已保存，总记录数：671
✅ 序号 309 已标记为已采集

⏸ 等待 1 秒后继续...
⏳ 等待下一个商品：[██████████████████████████████] 100% (1/1s)

🔍 搜索：TOMFORD幻魅四色眼影盘 #35 玫瑰晶石

===== 优先级 2，共 1 个商品 =====
--- 进入商品 1/1 ---
============================================================
搜索词 ：TOMFORD幻魅四色眼影盘 #35 玫瑰晶石
商品名 ：【全球购正品】TOM FORD幻魅四色眼影 35/31/20 8g
品牌    ：汤姆福特 → 汤姆福特 | ✅
容量规格：set() → {'8'} | ❌
色号    ：{'35', '玫瑰'} → {'20', '31', '35'}
浓度    ： →  | ✅
简装    ： →  | ✅
套装    ：不含 → 不含 | ✅
清洗后  ：幻魅四色眼影盘晶石 → 幻魅四色眼影
品名匹配：词袋(62.5%) | ✅
结果    ：❌ FAIL | 原因：规格不匹配
============================================================
🔧 标题包含多规格 (容量:{'8'}, 色号:{'20', '31', '35'})，尝试进入规格面板匹配...

[DEBUG][get_sku_price_auto] 开始匹配，搜索词: 'TOMFORD幻魅四色眼影盘 #35 玫瑰晶石'
[DEBUG][get_sku_identifiers] 提取标识: ['35', '玫瑰']
[DEBUG][get_sku_price_auto] 当前已选规格匹配，价格: 435
✅ 规格匹配成功，且品名已匹配，校验通过

================================================================================
货品名称：【全球购正品】TOM FORD幻魅四色眼影 35/31/20 8g
关键词：TOMFORD幻魅四色眼影盘 #35 玫瑰晶石
原价：435.0 | 现价：435
匹配规格：已选: 35号 杏茶盘 8g | 规格价格：435
百亿补贴：否 | 日期：
校验通过：✅ True
================================================================================
✅ 优先级 2 中已有商品通过校验，停止降级
📁 采集记录已保存，总行数：776
📋 校验记录已保存，总记录数：672
✅ 序号 310 已标记为已采集

⏸ 等待 1 秒后继续...
⏳ 等待下一个商品：[██████████████████████████████] 100% (1/1s)

🔍 搜索：SK-II小灯泡新版50ml

===== 优先级 4，共 1 个商品 =====
--- 进入商品 1/1 ---
============================================================
搜索词 ：SK-II小灯泡新版50ml
商品名 ：【SK-II】新版光子小灯泡精华50ml淡斑提亮滋润保湿礼物高端美白嫩肤
品牌    ：SK-II → SK-II | ✅
容量规格：{'50'} → {'50'} | ✅
色号    ：set() → set()
浓度    ： →  | ✅
简装    ： →  | ✅
套装    ：不含 → 不含 | ✅
清洗后  ：小灯泡新 → 新光子小灯泡淡斑提亮礼物高端美白嫩肤
品名匹配：词袋(66.7%) | ✅
结果    ：✅ PASS | 原因：所有检查通过
============================================================

================================================================================
货品名称：【SK-II】新版光子小灯泡精华50ml淡斑提亮滋润保湿礼物高端美白嫩肤
关键词：SK-II小灯泡新版50ml
原价：999.0 | 现价：999.0
百亿补贴：是 | 日期：2026-02-01
校验通过：✅ True
================================================================================
✅ 优先级 4 中已有商品通过校验，停止降级
📁 采集记录已保存，总行数：778
📋 校验记录已保存，总记录数：673
✅ 序号 311 已标记为已采集

⏸ 等待 1 秒后继续...
⏳ 等待下一个商品：[██████████████████████████████] 100% (1/1s)

🔍 搜索：SKII光子小灯泡75ml

===== 优先级 2，共 2 个商品 =====
--- 进入商品 1/2 ---
============================================================
搜索词 ：SKII光子小灯泡75ml
商品名 ：【正品行货】SK-II光子小灯泡新款焕亮精华露75ml 美白淡斑紧致
品牌    ：SK-II → SK-II | ✅
容量规格：{'75'} → {'75'} | ✅
色号    ：set() → set()
浓度    ： →  | ✅
简装    ： →  | ✅
套装    ：不含 → 不含 | ✅
清洗后  ：光子小灯泡 → 光子小灯泡新露美白淡斑紧致
品名匹配：词袋(100.0%) | ✅
结果    ：✅ PASS | 原因：所有检查通过
============================================================

================================================================================
货品名称：【正品行货】SK-II光子小灯泡新款焕亮精华露75ml 美白淡斑紧致
关键词：SKII光子小灯泡75ml
原价：1559.0 | 现价：1559.0
百亿补贴：否 | 日期：2024-08-01
校验通过：✅ True
================================================================================
--- 进入商品 2/2 ---
============================================================
搜索词 ：SKII光子小灯泡75ml
商品名 ：【正品行货】SK-II光子小灯泡精华50ml神仙水75ml高阶护肤礼盒
品牌    ：SK-II → SK-II | ✅
容量规格：{'75'} → {'50', '75'} | ✅
色号    ：set() → set()
浓度    ： →  | ✅
简装    ： →  | ✅
套装    ：不含 → 不含 | ✅
清洗后  ：光子小灯泡 → 光子小灯泡神仙水高阶护肤礼盒
品名匹配：词袋(100.0%) | ✅
结果    ：✅ PASS | 原因：所有检查通过
============================================================
🔧 标题包含多规格 (容量:{'50', '75'}, 色号:set())，尝试进入规格面板匹配...

[DEBUG][get_sku_price_auto] 开始匹配，搜索词: 'SKII光子小灯泡75ml'
[DEBUG][get_sku_identifiers] 提取标识: ['75ml']
[DEBUG][get_sku_price_auto] 当前已选规格不匹配，尝试点击规格...
[DEBUG][get_sku_price_auto] 所有标识尝试完毕，仍无价格
⚠️ 规格匹配未获取到有效价格，已记录为匹配失败，校验结果强制为不通过

================================================================================
货品名称：【正品行货】SK-II光子小灯泡精华50ml神仙水75ml高阶护肤礼盒
关键词：SKII光子小灯泡75ml
原价：3440.0 | 现价：3440.0
匹配规格：匹配失败 | 规格价格：
百亿补贴：否 | 日期：2025-01-01
校验通过：❌ False
================================================================================
✅ 优先级 2 中已有商品通过校验，停止降级
📁 采集记录已保存，总行数：781
📋 校验记录已保存，总记录数：675
✅ 序号 312 已标记为已采集

⏸ 等待 1 秒后继续...
⏳ 等待下一个商品：[██████████████████████████████] 100% (1/1s)

🔍 搜索：SKII洁面油250ml

===== 优先级 4，共 1 个商品 =====
--- 进入商品 1/1 ---
============================================================
搜索词 ：SKII洁面油250ml
商品名 ：【233.6万人收藏该品牌】SK-II/SK2护肤洁面油清洁面部卸妆油250ml深层清洁净澈肌肤
品牌    ：SK-II → SK-II | ✅
容量规格：{'250'} → {'250'} | ✅
色号    ：set() → {'233'}
浓度    ： →  | ✅
简装    ： →  | ✅
套装    ：不含 → 不含 | ✅
清洗后  ：洁面油 → 护肤洁面油清洁面部卸妆油深层清洁净澈肌肤
品名匹配：词袋(100.0%) | ✅
结果    ：✅ PASS | 原因：所有检查通过
============================================================

================================================================================
货品名称：【233.6万人收藏该品牌】SK-II/SK2护肤洁面油清洁面部卸妆油250ml深层清洁净澈肌肤
关键词：SKII洁面油250ml
原价：299.0 | 现价：299.0
百亿补贴：是 | 日期：2025-10-01
校验通过：✅ True
================================================================================
✅ 优先级 4 中已有商品通过校验，停止降级
📁 采集记录已保存，总行数：784
📋 校验记录已保存，总记录数：676
✅ 序号 313 已标记为已采集

⏸ 等待 1 秒后继续...
⏳ 等待下一个商品：[██████████████████████████████] 100% (1/1s)

🔍 搜索：纪梵希粉丝绒N37

===== 优先级 2，共 2 个商品 =====
--- 进入商品 1/2 ---
============================================================
搜索词 ：纪梵希粉丝绒N37
商品名 ：
品牌    ：纪梵希 → 未匹配 | ❌
容量规格：set() → set() | ❌
色号    ：{'n37', '37'} → set()
浓度    ： →  | ✅
简装    ： →  | ✅
套装    ：不含 → 不含 | ✅
清洗后  ：粉丝绒n → 
品名匹配：LCS子序列(0.0%) | ❌
结果    ：❌ FAIL | 原因：品牌不一致；规格不匹配；品名相似不足(ratio=0.0%)
============================================================
🔧 校验失败原因为规格不匹配，尝试进入规格面板匹配...

[DEBUG][get_sku_price_auto] 开始匹配，搜索词: '纪梵希粉丝绒N37'
[DEBUG][get_sku_identifiers] 提取标识: ['n37', '37']
[DEBUG][get_sku_price_auto] 当前已选规格不匹配，尝试点击规格...
[DEBUG][_click_sku_by_identifier] 尝试点击标识: 'n37'
[DEBUG][_click_sku_by_identifier] 尝试点击标识: '37'
[DEBUG][get_sku_price_auto] 所有标识尝试完毕，仍无价格
⚠️ 规格匹配未获取到有效价格，已记录为匹配失败，校验结果强制为不通过

================================================================================
货品名称：
关键词：纪梵希粉丝绒N37
原价：None | 现价：None
匹配规格：匹配失败 | 规格价格：
百亿补贴：否 | 日期：2025-12-31
校验通过：❌ False
================================================================================
--- 进入商品 2/2 ---
============================================================
搜索词 ：纪梵希粉丝绒N37
商品名 ：
品牌    ：纪梵希 → 未匹配 | ❌
容量规格：set() → set() | ❌
色号    ：{'n37', '37'} → set()
浓度    ： →  | ✅
简装    ： →  | ✅
套装    ：不含 → 不含 | ✅
清洗后  ：粉丝绒n → 
品名匹配：LCS子序列(0.0%) | ❌
结果    ：❌ FAIL | 原因：品牌不一致；规格不匹配；品名相似不足(ratio=0.0%)
============================================================
🔧 校验失败原因为规格不匹配，尝试进入规格面板匹配...

[DEBUG][get_sku_price_auto] 开始匹配，搜索词: '纪梵希粉丝绒N37'
[DEBUG][get_sku_identifiers] 提取标识: ['n37', '37']
[DEBUG][get_sku_price_auto] 当前已选规格不匹配，尝试点击规格...
[DEBUG][_click_sku_by_identifier] 尝试点击标识: 'n37'
[DEBUG][_click_sku_by_identifier] 尝试点击标识: '37'
[DEBUG][get_sku_price_auto] 所有标识尝试完毕，仍无价格
⚠️ 规格匹配未获取到有效价格，已记录为匹配失败，校验结果强制为不通过

================================================================================
货品名称：
关键词：纪梵希粉丝绒N37
原价：None | 现价：None
匹配规格：匹配失败 | 规格价格：
百亿补贴：否 | 日期：2025-12-31
校验通过：❌ False
================================================================================
⚠️ 优先级 2 全部未通过，尝试下一优先级
🔽 降级到全球购，返回顶部并重新识别（不自动下滑）

===== 优先级 1，共 3 个商品 =====
--- 进入商品 1/3 ---
============================================================
搜索词 ：纪梵希粉丝绒N37
商品名 ：【纪梵希】高定粉丝绒唇膏N37 3.4g
品牌    ：纪梵希 → 纪梵希 | ✅
容量规格：set() → {'3.4'} | ✅
色号    ：{'n37', '37'} → {'n37', '37'}
浓度    ： →  | ✅
简装    ： →  | ✅
套装    ：不含 → 不含 | ✅
清洗后  ：粉丝绒n → 高定粉丝绒唇膏n
品名匹配：词袋(100.0%) | ✅
结果    ：✅ PASS | 原因：所有检查通过
============================================================
🔧 标题包含多规格 (容量:{'3.4'}, 色号:{'n37', '37'})，尝试进入规格面板匹配...

[DEBUG][get_sku_price_auto] 开始匹配，搜索词: '纪梵希粉丝绒N37'
[DEBUG][get_sku_identifiers] 提取标识: ['n37', '37']
[DEBUG][get_sku_price_auto] 当前已选规格不匹配，尝试点击规格...
[DEBUG][_click_sku_by_identifier] 尝试点击标识: 'n37'
[DEBUG][_click_sku_by_identifier] 尝试点击标识: '37'
[DEBUG][get_sku_price_auto] 所有标识尝试完毕，仍无价格
⚠️ 规格匹配未获取到有效价格，已记录为匹配失败，校验结果强制为不通过

================================================================================
货品名称：【纪梵希】高定粉丝绒唇膏N37 3.4g
关键词：纪梵希粉丝绒N37
原价：170.0 | 现价：170.0
匹配规格：匹配失败 | 规格价格：
百亿补贴：否 | 日期：
校验通过：❌ False
================================================================================
--- 进入商品 2/3 ---
============================================================
搜索词 ：纪梵希粉丝绒N37
商品名 ：【Givenchy】 纪梵希 粉丝绒 N37 口红唇膏 1.5g 柔雾丝绒 持久显色
品牌    ：纪梵希 → 纪梵希 | ✅
容量规格：set() → {'1.5'} | ✅
色号    ：{'n37', '37'} → {'n37', '37'}
浓度    ： →  | ✅
简装    ： →  | ✅
套装    ：不含 → 不含 | ✅
清洗后  ：粉丝绒n → 粉丝绒口红唇膏丝绒显色
品名匹配：词袋(100.0%) | ✅
结果    ：✅ PASS | 原因：所有检查通过
============================================================
🔧 标题包含多规格 (容量:{'1.5'}, 色号:{'n37', '37'})，尝试进入规格面板匹配...

[DEBUG][get_sku_price_auto] 开始匹配，搜索词: '纪梵希粉丝绒N37'
[DEBUG][get_sku_identifiers] 提取标识: ['n37', '37']
[DEBUG][get_sku_price_auto] 当前已选规格匹配，价格: 69
✅ 规格匹配成功，且品名已匹配，校验通过

================================================================================
货品名称：【Givenchy】 纪梵希 粉丝绒 N37 口红唇膏 1.5g 柔雾丝绒 持久显色
关键词：纪梵希粉丝绒N37
原价：69.0 | 现价：69
匹配规格：已选: 1.5g 24批次 粉色的丝绒N37  小样 | 规格价格：69
百亿补贴：否 | 日期：
校验通过：✅ True
================================================================================
--- 进入商品 3/3 ---
============================================================
搜索词 ：纪梵希粉丝绒N37
商品名 ：国内专柜 Givenchy纪梵希小羊皮粉丝绒N37# 滋润1.5g持久提升气色
品牌    ：纪梵希 → 纪梵希 | ✅
容量规格：set() → {'1.5'} | ✅
色号    ：{'n37', '37'} → {'n37', '37'}
浓度    ： →  | ✅
简装    ： →  | ✅
套装    ：不含 → 不含 | ✅
清洗后  ：粉丝绒n → 国内小羊皮粉丝绒提升气色
品名匹配：词袋(100.0%) | ✅
结果    ：✅ PASS | 原因：所有检查通过
============================================================
🔧 标题包含多规格 (容量:{'1.5'}, 色号:{'n37', '37'})，尝试进入规格面板匹配...

[DEBUG][get_sku_price_auto] 开始匹配，搜索词: '纪梵希粉丝绒N37'
[DEBUG][get_sku_identifiers] 提取标识: ['n37', '37']
[DEBUG][get_sku_price_auto] 当前已选规格匹配，价格: 35
✅ 规格匹配成功，且品名已匹配，校验通过

================================================================================
货品名称：国内专柜 Givenchy纪梵希小羊皮粉丝绒N37# 滋润1.5g持久提升气色
关键词：纪梵希粉丝绒N37
原价：35.0 | 现价：35
匹配规格：已选: 1.5g 小样 N37 | 规格价格：35
百亿补贴：否 | 日期：
校验通过：✅ True
================================================================================
✅ 优先级 1 中已有商品通过校验，停止降级
📁 采集记录已保存，总行数：789
📋 校验记录已保存，总记录数：681
✅ 序号 314 已标记为已采集

⏸ 等待 1 秒后继续...
⏳ 等待下一个商品：[██████████████████████████████] 100% (1/1s)

🔍 搜索：圣罗兰爱心黑管唇釉440

===== 优先级 4，共 1 个商品 =====
--- 进入商品 1/1 ---
============================================================
搜索词 ：圣罗兰爱心黑管唇釉440
商品名 ：【正品行货】YSL圣罗兰全新爱心唇釉440浮雕黑管5.5ml
品牌    ：圣罗兰 → 圣罗兰 | ✅
容量规格：set() → {'5.5'} | ✅
色号    ：{'440'} → {'440'}
浓度    ： →  | ✅
简装    ： →  | ✅
套装    ：不含 → 不含 | ✅
清洗后  ：爱心黑管唇釉 → 全新爱心唇釉浮雕黑管
品名匹配：词袋(60.0%) | ✅
结果    ：✅ PASS | 原因：所有检查通过
============================================================

================================================================================
货品名称：【正品行货】YSL圣罗兰全新爱心唇釉440浮雕黑管5.5ml
关键词：圣罗兰爱心黑管唇釉440
原价：238.0 | 现价：238.0
百亿补贴：是 | 日期：2024-12-01
校验通过：✅ True
================================================================================
✅ 优先级 4 中已有商品通过校验，停止降级
📁 采集记录已保存，总行数：794
📋 校验记录已保存，总记录数：684
✅ 序号 315 已标记为已采集

⏸ 等待 1 秒后继续...
⏳ 等待下一个商品：[██████████████████████████████] 100% (1/1s)

🔍 搜索：雅诗兰黛红石榴洁面125ml两支装

===== 优先级 4，共 2 个商品 =====
--- 进入商品 1/2 ---
============================================================
搜索词 ：雅诗兰黛红石榴洁面125ml两支装
商品名 ：【10.0万人评价品牌正品】两支 单品 雅诗兰黛新款红石榴洗面奶125ml
品牌    ：雅诗兰黛 → 雅诗兰黛 | ✅
容量规格：{'125', '2'} → {'125', '2'} | ✅
色号    ：set() → {'10'}
浓度    ： →  | ✅
简装    ： →  | ✅
套装    ：不含 → 不含 | ✅
清洗后  ：红石榴洁面 → 新红石榴洗面奶
品名匹配：词袋(75.0%) | ✅
结果    ：✅ PASS | 原因：所有检查通过
============================================================
🔧 标题包含多规格 (容量:{'125', '2'}, 色号:{'10'})，尝试进入规格面板匹配...

[DEBUG][get_sku_price_auto] 开始匹配，搜索词: '雅诗兰黛红石榴洁面125ml两支装'
[DEBUG][get_sku_identifiers] 提取标识: ['125ml']
[DEBUG][get_sku_price_auto] 当前已选规格匹配，价格: 203.9
✅ 规格匹配成功，且品名已匹配，校验通过

================================================================================
货品名称：【10.0万人评价品牌正品】两支 单品 雅诗兰黛新款红石榴洗面奶125ml
关键词：雅诗兰黛红石榴洁面125ml两支装
原价：299.0 | 现价：203.9
匹配规格：已选: 125mL 2支 | 规格价格：203.9
百亿补贴：是 | 日期：2025-03-01
校验通过：✅ True
================================================================================
--- 进入商品 2/2 ---
============================================================
搜索词 ：雅诗兰黛红石榴洁面125ml两支装
商品名 ：【累计热销587.2万+件】双支 单品 雅诗兰黛新款红石榴洗面奶125ml
品牌    ：雅诗兰黛 → 雅诗兰黛 | ✅
容量规格：{'125', '2'} → {'125'} | ❌
色号    ：set() → set()
浓度    ： →  | ✅
简装    ： →  | ✅
套装    ：不含 → 不含 | ✅
清洗后  ：红石榴洁面 → 新红石榴洗面奶
品名匹配：词袋(75.0%) | ✅
结果    ：❌ FAIL | 原因：规格不匹配
============================================================
🔧 校验失败原因为规格不匹配，尝试进入规格面板匹配...

[DEBUG][get_sku_price_auto] 开始匹配，搜索词: '雅诗兰黛红石榴洁面125ml两支装'
[DEBUG][get_sku_identifiers] 提取标识: ['125ml']
[DEBUG][get_sku_price_auto] 当前已选规格匹配，价格: 198
✅ 规格匹配成功，且品名已匹配，校验通过

================================================================================
货品名称：【累计热销587.2万+件】双支 单品 雅诗兰黛新款红石榴洗面奶125ml
关键词：雅诗兰黛红石榴洁面125ml两支装
原价：198.0 | 现价：198
匹配规格：已选: 125mL 2支 | 规格价格：198
百亿补贴：是 | 日期：2025-03-01
校验通过：✅ True
================================================================================
✅ 优先级 4 中已有商品通过校验，停止降级
📁 采集记录已保存，总行数：797
📋 校验记录已保存，总记录数：686
✅ 序号 316 已标记为已采集

⏸ 等待 1 秒后继续...
⏳ 等待下一个商品：[██████████████████████████████] 100% (1/1s)

🔍 搜索：雅诗兰黛红石榴水200ml两支装

===== 优先级 4，共 2 个商品 =====
--- 进入商品 1/2 ---
============================================================
搜索词 ：雅诗兰黛红石榴水200ml两支装
商品名 ：【百补品牌热销460.9万件】ESTEELAUDER雅诗兰黛新版红石榴水200ml
品牌    ：雅诗兰黛 → 雅诗兰黛 | ✅
容量规格：{'200', '2'} → {'200'} | ❌
色号    ：set() → set()
浓度    ： →  | ✅
简装    ： →  | ✅
套装    ：不含 → 不含 | ✅
清洗后  ：红石榴水 → 新红石榴水
品名匹配：词袋(100.0%) | ✅
结果    ：❌ FAIL | 原因：规格不匹配
============================================================
🔧 校验失败原因为规格不匹配，尝试进入规格面板匹配...

[DEBUG][get_sku_price_auto] 开始匹配，搜索词: '雅诗兰黛红石榴水200ml两支装'
[DEBUG][get_sku_identifiers] 提取标识: ['200ml']
[DEBUG][get_sku_price_auto] 当前已选规格匹配，价格: 132
✅ 规格匹配成功，且品名已匹配，校验通过

================================================================================
货品名称：【百补品牌热销460.9万件】ESTEELAUDER雅诗兰黛新版红石榴水200ml
关键词：雅诗兰黛红石榴水200ml两支装
原价：199.0 | 现价：132
匹配规格：已选: 200mL 1瓶 | 规格价格：132
百亿补贴：是 | 日期：2025-04-01
校验通过：✅ True
================================================================================
--- 进入商品 2/2 ---
============================================================
搜索词 ：雅诗兰黛红石榴水200ml两支装
商品名 ：【雅诗兰黛】红石榴爽肤水补水保湿滋润紧致200ml护肤礼物
品牌    ：雅诗兰黛 → 雅诗兰黛 | ✅
容量规格：{'200', '2'} → {'200'} | ❌
色号    ：set() → set()
浓度    ： →  | ✅
简装    ： →  | ✅
套装    ：不含 → 不含 | ✅
清洗后  ：红石榴水 → 红石榴爽肤水补水紧致护肤礼物
品名匹配：词袋(66.7%) | ✅
结果    ：❌ FAIL | 原因：规格不匹配
============================================================
🔧 校验失败原因为规格不匹配，尝试进入规格面板匹配...

[DEBUG][get_sku_price_auto] 开始匹配，搜索词: '雅诗兰黛红石榴水200ml两支装'
[DEBUG][get_sku_identifiers] 提取标识: ['200ml']
[DEBUG][get_sku_price_auto] 当前已选规格匹配，价格: 117.8
✅ 规格匹配成功，且品名已匹配，校验通过

================================================================================
货品名称：【雅诗兰黛】红石榴爽肤水补水保湿滋润紧致200ml护肤礼物
关键词：雅诗兰黛红石榴水200ml两支装
原价：117.0 | 现价：117.8
匹配规格：已选: 红石榴水200ml | 规格价格：117.8
百亿补贴：是 | 日期：2024-12-01
校验通过：✅ True
================================================================================
✅ 优先级 4 中已有商品通过校验，停止降级
📁 采集记录已保存，总行数：801
📋 校验记录已保存，总记录数：688
✅ 序号 317 已标记为已采集

⏸ 等待 1 秒后继续...
⏳ 等待下一个商品：[██████████████████████████████] 100% (1/1s)

🔍 搜索：SK2小银瓶50ml两瓶装

===== 优先级 4，共 1 个商品 =====
--- 进入商品 1/1 ---
============================================================
搜索词 ：SK2小银瓶50ml两瓶装
商品名 ：【SK-II】小银瓶精华液50ml美白淡斑精华露护肤品送女友生日礼物【5天内发货】
品牌    ：SK-II → SK-II | ✅
容量规格：{'50', '2'} → {'50'} | ❌
色号    ：set() → set()
浓度    ： →  | ✅
简装    ： →  | ✅
套装    ：不含 → 不含 | ✅
清洗后  ：小银瓶 → 小银瓶液美白淡斑露护肤品送女友生日礼物
品名匹配：词袋(100.0%) | ✅
结果    ：❌ FAIL | 原因：规格不匹配
============================================================
🔧 校验失败原因为规格不匹配，尝试进入规格面板匹配...

[DEBUG][get_sku_price_auto] 开始匹配，搜索词: 'SK2小银瓶50ml两瓶装'
[DEBUG][get_sku_identifiers] 提取标识: ['50ml']
[DEBUG][get_sku_price_auto] 当前已选规格匹配，价格: 745
✅ 规格匹配成功，且品名已匹配，校验通过

================================================================================
货品名称：【SK-II】小银瓶精华液50ml美白淡斑精华露护肤品送女友生日礼物【5天内发货】
关键词：SK2小银瓶50ml两瓶装
原价：1007.0 | 现价：745
匹配规格：已选: 50mL 淡斑小银瓶 | 规格价格：745
百亿补贴：是 | 日期：2025-01-20
校验通过：✅ True
================================================================================
✅ 优先级 4 中已有商品通过校验，停止降级
📁 采集记录已保存，总行数：804
📋 校验记录已保存，总记录数：689
✅ 序号 318 已标记为已采集

⏸ 等待 1 秒后继续...
⏳ 等待下一个商品：[██████████████████████████████] 100% (1/1s)

🔍 搜索：SK2大红瓶滋润面霜50g

===== 优先级 2，共 1 个商品 =====
--- 进入商品 1/1 ---
============================================================
搜索词 ：SK2大红瓶滋润面霜50g
商品名 ：【正品行货】SK-II全新大红瓶精华霜50g 滋润面霜保湿补水skllsk2
品牌    ：SK-II → SK-II | ✅
容量规格：{'50'} → {'50'} | ✅
色号    ：set() → set()
浓度    ： →  | ✅
简装    ： →  | ✅
套装    ：不含 → 不含 | ✅
清洗后  ：大红瓶面霜 → 全新大红瓶霜面霜补水skll
品名匹配：词袋(75.0%) | ✅
结果    ：✅ PASS | 原因：所有检查通过
============================================================

================================================================================
货品名称：【正品行货】SK-II全新大红瓶精华霜50g 滋润面霜保湿补水skllsk2
关键词：SK2大红瓶滋润面霜50g
原价：633.0 | 现价：633.0
百亿补贴：否 | 日期：
校验通过：✅ True
================================================================================
✅ 优先级 2 中已有商品通过校验，停止降级
📁 采集记录已保存，总行数：806
📋 校验记录已保存，总记录数：690
✅ 序号 319 已标记为已采集

⏸ 等待 1 秒后继续...
⏳ 等待下一个商品：[██████████████████████████████] 100% (1/1s)

🔍 搜索：馥蕾诗西柚香皂

===== 优先级 2，共 1 个商品 =====
--- 进入商品 1/1 ---
============================================================
搜索词 ：馥蕾诗西柚香皂
商品名 ：【Fresh】馥蕾诗西柚香皂250g深层清洁保湿清爽温和留香
品牌    ：馥蕾诗 → 馥蕾诗 | ✅
容量规格：set() → {'250'} | ✅
色号    ：set() → set()
浓度    ： →  | ✅
简装    ： →  | ✅
套装    ：不含 → 不含 | ✅
清洗后  ：香皂 → 香皂深层清洁
品名匹配：词袋(100.0%) | ✅
结果    ：✅ PASS | 原因：所有检查通过
============================================================

================================================================================
货品名称：【Fresh】馥蕾诗西柚香皂250g深层清洁保湿清爽温和留香
关键词：馥蕾诗西柚香皂
原价：95.0 | 现价：95.0
百亿补贴：否 | 日期：2025-04-01
校验通过：✅ True
================================================================================
✅ 优先级 2 中已有商品通过校验，停止降级
📁 采集记录已保存，总行数：808
📋 校验记录已保存，总记录数：691
✅ 序号 320 已标记为已采集

⏸ 等待 1 秒后继续...
⏳ 等待下一个商品：[██████████████████████████████] 100% (1/1s)

🔍 搜索：馥蕾诗玫瑰花瓣水400ml

===== 优先级 2，共 2 个商品 =====
--- 进入商品 1/2 ---
============================================================
搜索词 ：馥蕾诗玫瑰花瓣水400ml
商品名 ：【3.6万人回购该品牌】大马士革玫瑰润泽密集保湿花瓣爽肤水400ml
品牌    ：馥蕾诗 → 未匹配 | ❌
容量规格：{'400'} → {'400'} | ✅
色号    ：{'玫瑰'} → {'玫瑰'}
浓度    ： →  | ✅
简装    ： →  | ✅
套装    ：不含 → 不含 | ✅
清洗后  ：花瓣水 → 大马士革润泽密集花瓣爽肤水
品名匹配：词袋(50.0%) | ✅
结果    ：❌ FAIL | 原因：品牌不一致
============================================================
Traceback (most recent call last):
  File "/Users/vincentli/PycharmProjects/PythonProject/2026-4 群控/yolo/整合详情页采集/采集10.4 日志.py", line 849, in <module>
    main()
  File "/Users/vincentli/PycharmProjects/PythonProject/2026-4 群控/yolo/整合详情页采集/采集10.4 日志.py", line 834, in main
    select_and_collect_best_product(kw, idx)
  File "/Users/vincentli/PycharmProjects/PythonProject/2026-4 群控/yolo/整合详情页采集/采集10.4 日志.py", line 778, in select_and_collect_best_product
    res = collect_single_product(search_word, serial_num, p["tags"])
  File "/Users/vincentli/PycharmProjects/PythonProject/2026-4 群控/yolo/整合详情页采集/采集10.4 日志.py", line 609, in collect_single_product
    detail = find_and_click_detail()
  File "/Users/vincentli/PycharmProjects/PythonProject/2026-4 群控/yolo/整合详情页采集/采集10.4 日志.py", line 558, in find_and_click_detail
    time.sleep(0.8)
KeyboardInterrupt
