📋 日志已保存至：logs/console_20260909_161643.log
🚀 启动采集 + 品牌规格品名四重校验
✅ 总商品数：643 | 待采集：189

🔍 搜索：Clinique 倩碧 黄油无油乳液 125ml

===== 优先级 4，共 3 个商品 =====
--- 进入商品 1/3 ---
============================================================
搜索词 ：Clinique 倩碧 黄油无油乳液 125ml
商品名 ：【正品行货】Clinique/倩碧黄油无油有油乳液保湿滋润滋养200ml
品牌    ：倩碧 → 倩碧 | ✅
容量规格：{'125'} → {'200'} | ❌
色号    ：set() → set()
浓度    ： →  | ✅
简装    ： →  | ✅
套装    ：不含 → 不含 | ✅
清洗后  ：黄油无油乳液 → 黄油无油有油乳液滋养
品名匹配：词袋(100.0%) | ✅
结果    ：❌ FAIL | 原因：规格不匹配
============================================================
🔧 校验失败原因为规格不匹配，尝试进入规格面板匹配...

[DEBUG][get_sku_price_auto] 开始匹配，搜索词: 'Clinique 倩碧 黄油无油乳液 125ml'
[DEBUG][get_sku_identifiers] 提取标识: ['125ml']
[DEBUG][get_sku_price_auto] 当前已选规格不匹配，尝试点击规格...
[DEBUG][get_sku_price_auto] 所有标识尝试完毕，仍无价格
⚠️ 规格匹配未获取到有效价格，已记录为匹配失败，校验结果强制为不通过

================================================================================
货品名称：【正品行货】Clinique/倩碧黄油无油有油乳液保湿滋润滋养200ml
关键词：Clinique 倩碧 黄油无油乳液 125ml
原价：133.6 | 现价：133.6
匹配规格：匹配失败 | 规格价格：
百亿补贴：是 | 日期：2025-01-01
校验通过：❌ False
================================================================================
--- 进入商品 2/3 ---
============================================================
搜索词 ：Clinique 倩碧 黄油无油乳液 125ml
商品名 ：两瓶 单品 Clinique倩碧黄油乳液无油款125ml
品牌    ：倩碧 → 倩碧 | ✅
容量规格：{'125'} → {'2', '125'} | ✅
色号    ：set() → set()
浓度    ： →  | ✅
简装    ： →  | ✅
套装    ：不含 → 不含 | ✅
清洗后  ：黄油无油乳液 → 黄油乳液无油
品名匹配：词袋(75.0%) | ✅
结果    ：✅ PASS | 原因：所有检查通过
============================================================
🔧 标题包含多规格 (容量:{'2', '125'}, 色号:set())，尝试进入规格面板匹配...

[DEBUG][get_sku_price_auto] 开始匹配，搜索词: 'Clinique 倩碧 黄油无油乳液 125ml'
[DEBUG][get_sku_identifiers] 提取标识: ['125ml']
[DEBUG][get_sku_price_auto] 当前已选规格匹配，价格: 146
✅ 规格匹配成功，且品名已匹配，校验通过

================================================================================
货品名称：两瓶 单品 Clinique倩碧黄油乳液无油款125ml
关键词：Clinique 倩碧 黄油无油乳液 125ml
原价：146.0 | 现价：146
匹配规格：已选择： 125mL 2瓶 无油版 | 规格价格：146
百亿补贴：是 | 日期：2025-03-01
校验通过：✅ True
================================================================================
--- 进入商品 3/3 ---
============================================================
搜索词 ：Clinique 倩碧 黄油无油乳液 125ml
商品名 ：【Clinique】倩碧黄油润肤乳无油款125ml
品牌    ：倩碧 → 倩碧 | ✅
容量规格：{'125'} → {'125'} | ✅
色号    ：set() → set()
浓度    ： →  | ✅
简装    ： →  | ✅
套装    ：不含 → 不含 | ✅
清洗后  ：黄油无油乳液 → 黄油润肤乳无油
品名匹配：词袋(50.0%) | ✅
结果    ：✅ PASS | 原因：所有检查通过
============================================================

================================================================================
货品名称：【Clinique】倩碧黄油润肤乳无油款125ml
关键词：Clinique 倩碧 黄油无油乳液 125ml
原价：67.0 | 现价：67.0
百亿补贴：是 | 日期：2025-03-01
校验通过：✅ True
================================================================================
✅ 优先级 4 中已有商品通过校验，停止降级
📁 采集记录已保存，总行数：24
📋 校验记录已保存，总记录数：25
✅ 序号 447 已标记为已采集

⏸ 等待 1 秒后继续...
⏳ 等待下一个商品：[██████████████████████████████] 100% (1/1s)

🔍 搜索：Clinique 倩碧 黄油有油乳液 125ml

===== 优先级 4，共 4 个商品 =====
--- 进入商品 1/4 ---
============================================================
搜索词 ：Clinique 倩碧 黄油有油乳液 125ml
商品名 ：【Clinique】倩碧黄油滋润(有油)125ml
品牌    ：倩碧 → 倩碧 | ✅
容量规格：{'125'} → {'125'} | ✅
色号    ：set() → set()
浓度    ： →  | ✅
简装    ： →  | ✅
套装    ：不含 → 不含 | ✅
清洗后  ：黄油有油乳液 → 黄油
品名匹配：LCS子序列(33.3%) | ✅
结果    ：✅ PASS | 原因：所有检查通过
============================================================

================================================================================
货品名称：【Clinique】倩碧黄油滋润(有油)125ml
关键词：Clinique 倩碧 黄油有油乳液 125ml
原价：64.8 | 现价：64.8
百亿补贴：是 | 日期：2025-03-01
校验通过：✅ True
================================================================================
--- 进入商品 2/4 ---
============================================================
搜索词 ：Clinique 倩碧 黄油有油乳液 125ml
商品名 ：【正品行货】Clinique/倩碧黄油无油有油乳液保湿滋润滋养
品牌    ：倩碧 → 倩碧 | ✅
容量规格：{'125'} → set() | ❌
色号    ：set() → set()
浓度    ： →  | ✅
简装    ： →  | ✅
套装    ：不含 → 不含 | ✅
清洗后  ：黄油有油乳液 → 黄油无油有油乳液滋养
品名匹配：词袋(100.0%) | ✅
结果    ：❌ FAIL | 原因：规格不匹配
============================================================
🔧 校验失败原因为规格不匹配，尝试进入规格面板匹配...

[DEBUG][get_sku_price_auto] 开始匹配，搜索词: 'Clinique 倩碧 黄油有油乳液 125ml'
[DEBUG][get_sku_identifiers] 提取标识: ['125ml']
[DEBUG][get_sku_price_auto] 当前已选规格匹配，价格: 85.8
✅ 规格匹配成功，且品名已匹配，校验通过

================================================================================
货品名称：【正品行货】Clinique/倩碧黄油无油有油乳液保湿滋润滋养
关键词：Clinique 倩碧 黄油有油乳液 125ml
原价：135.0 | 现价：85.8
匹配规格：已选择： 倩碧黄油125ml有油 | 规格价格：85.8
百亿补贴：是 | 日期：2024-12-01
校验通过：✅ True
================================================================================
--- 进入商品 3/4 ---
============================================================
搜索词 ：Clinique 倩碧 黄油有油乳液 125ml
商品名 ：【正品行货】Clinique/倩碧黄油无油有油乳液保湿滋润滋养200ml
品牌    ：倩碧 → 倩碧 | ✅
容量规格：{'125'} → {'200'} | ❌
色号    ：set() → set()
浓度    ： →  | ✅
简装    ： →  | ✅
套装    ：不含 → 不含 | ✅
清洗后  ：黄油有油乳液 → 黄油无油有油乳液滋养
品名匹配：词袋(100.0%) | ✅
结果    ：❌ FAIL | 原因：规格不匹配
============================================================
🔧 校验失败原因为规格不匹配，尝试进入规格面板匹配...

[DEBUG][get_sku_price_auto] 开始匹配，搜索词: 'Clinique 倩碧 黄油有油乳液 125ml'
[DEBUG][get_sku_identifiers] 提取标识: ['125ml']
[DEBUG][get_sku_price_auto] 当前已选规格不匹配，尝试点击规格...
[DEBUG][get_sku_price_auto] 所有标识尝试完毕，仍无价格
⚠️ 规格匹配未获取到有效价格，已记录为匹配失败，校验结果强制为不通过

================================================================================
货品名称：【正品行货】Clinique/倩碧黄油无油有油乳液保湿滋润滋养200ml
关键词：Clinique 倩碧 黄油有油乳液 125ml
原价：133.6 | 现价：133.6
匹配规格：匹配失败 | 规格价格：
百亿补贴：是 | 日期：2025-01-01
校验通过：❌ False
================================================================================
--- 进入商品 4/4 ---
============================================================
搜索词 ：Clinique 倩碧 黄油有油乳液 125ml
商品名 ：两瓶 单品 Clinique倩碧黄油乳液滋润(有油)125ml
品牌    ：倩碧 → 倩碧 | ✅
容量规格：{'125'} → {'2', '125'} | ✅
色号    ：set() → set()
浓度    ： →  | ✅
简装    ： →  | ✅
套装    ：不含 → 不含 | ✅
清洗后  ：黄油有油乳液 → 黄油乳液
品名匹配：词袋(50.0%) | ✅
结果    ：✅ PASS | 原因：所有检查通过
============================================================
🔧 标题包含多规格 (容量:{'2', '125'}, 色号:set())，尝试进入规格面板匹配...

[DEBUG][get_sku_price_auto] 开始匹配，搜索词: 'Clinique 倩碧 黄油有油乳液 125ml'
[DEBUG][get_sku_identifiers] 提取标识: ['125ml']
[DEBUG][get_sku_price_auto] 当前已选规格匹配，价格: 135.2
✅ 规格匹配成功，且品名已匹配，校验通过

================================================================================
货品名称：两瓶 单品 Clinique倩碧黄油乳液滋润(有油)125ml
关键词：Clinique 倩碧 黄油有油乳液 125ml
原价：135.0 | 现价：135.2
匹配规格：已选择： 125mL 2瓶 有油版 | 规格价格：135.2
百亿补贴：是 | 日期：2025-03-01
校验通过：✅ True
================================================================================
✅ 优先级 4 中已有商品通过校验，停止降级
📁 采集记录已保存，总行数：31
📋 校验记录已保存，总记录数：29
✅ 序号 448 已标记为已采集

⏸ 等待 1 秒后继续...
⏳ 等待下一个商品：[██████████████████████████████] 100% (1/1s)

🔍 搜索：Clinique 倩碧 紫胖子卸妆膏125ml

===== 优先级 4，共 3 个商品 =====
--- 进入商品 1/3 ---
============================================================
搜索词 ：Clinique 倩碧 紫胖子卸妆膏125ml
商品名 ：双支 Clinique/倩碧紫胖子卸妆膏125ml温和清洁
品牌    ：倩碧 → 倩碧 | ✅
容量规格：{'125'} → {'125'} | ✅
色号    ：set() → set()
浓度    ： →  | ✅
简装    ： →  | ✅
套装    ：不含 → 不含 | ✅
清洗后  ：紫胖子卸妆膏 → 紫胖子卸妆膏清洁
品名匹配：词袋(100.0%) | ✅
结果    ：✅ PASS | 原因：所有检查通过
============================================================

================================================================================
货品名称：双支 Clinique/倩碧紫胖子卸妆膏125ml温和清洁
关键词：Clinique 倩碧 紫胖子卸妆膏125ml
原价：210.0 | 现价：180.0
百亿补贴：是 | 日期：2025-06-01
校验通过：✅ True
================================================================================
--- 进入商品 2/3 ---
============================================================
搜索词 ：Clinique 倩碧 紫胖子卸妆膏125ml
商品名 ：【正品行货】倩碧面部眼部卸妆霜125ML深层清洁520情人节
品牌    ：倩碧 → 倩碧 | ✅
容量规格：{'125'} → {'125'} | ✅
色号    ：set() → {'520'}
浓度    ： →  | ✅
简装    ： →  | ✅
套装    ：不含 → 不含 | ✅
清洗后  ：紫胖子卸妆膏 → 面部眼部卸妆霜深层清洁情人节
品名匹配：LCS子序列(33.3%) | ✅
结果    ：✅ PASS | 原因：所有检查通过
============================================================

================================================================================
货品名称：【正品行货】倩碧面部眼部卸妆霜125ML深层清洁520情人节
关键词：Clinique 倩碧 紫胖子卸妆膏125ml
原价：106.9 | 现价：106.9
百亿补贴：是 | 日期：2024-10-01
校验通过：✅ True
================================================================================
--- 进入商品 3/3 ---
============================================================
搜索词 ：Clinique 倩碧 紫胖子卸妆膏125ml
商品名 ：【倩碧】紫胖子卸妆膏125ml 深层清洁温和乳化快不残留
品牌    ：倩碧 → 倩碧 | ✅
容量规格：{'125'} → {'125'} | ✅
色号    ：set() → set()
浓度    ： →  | ✅
简装    ： →  | ✅
套装    ：不含 → 不含 | ✅
清洗后  ：紫胖子卸妆膏 → 紫胖子卸妆膏深层清洁乳化快不残留
品名匹配：词袋(100.0%) | ✅
结果    ：✅ PASS | 原因：所有检查通过
============================================================

================================================================================
货品名称：【倩碧】紫胖子卸妆膏125ml 深层清洁温和乳化快不残留
关键词：Clinique 倩碧 紫胖子卸妆膏125ml
原价：129.0 | 现价：91.8
百亿补贴：是 | 日期：2025-04-01
校验通过：✅ True
================================================================================
✅ 优先级 4 中已有商品通过校验，停止降级
📁 采集记录已保存，总行数：38
📋 校验记录已保存，总记录数：32
✅ 序号 449 已标记为已采集

⏸ 等待 1 秒后继续...
⏳ 等待下一个商品：[██████████████████████████████] 100% (1/1s)

🔍 搜索：Cosme Decorte 黛珂 UV COMFORT水润防晒乳50ml SPF50+

===== 优先级 4，共 2 个商品 =====
--- 进入商品 1/2 ---
============================================================
搜索词 ：Cosme Decorte 黛珂 UV COMFORT水润防晒乳50ml SPF50+
商品名 ：【Cosme Decorte】黛珂UV COMFORT耐水型防晒乳50ml SPF50
品牌    ：黛珂 → 黛珂 | ✅
容量规格：{'50'} → {'50'} | ✅
色号    ：set() → set()
浓度    ： →  | ✅
简装    ： →  | ✅
套装    ：不含 → 不含 | ✅
清洗后  ：cosmeuvcomfort水润防晒乳spf → uvcomfort耐水防晒乳spf
品名匹配：词袋(60.0%) | ✅
结果    ：✅ PASS | 原因：所有检查通过
============================================================

================================================================================
货品名称：【Cosme Decorte】黛珂UV COMFORT耐水型防晒乳50ml SPF50
关键词：Cosme Decorte 黛珂 UV COMFORT水润防晒乳50ml SPF50+
原价：151.0 | 现价：151.0
百亿补贴：是 | 日期：2025-11-18
校验通过：✅ True
================================================================================
--- 进入商品 2/2 ---
============================================================
搜索词 ：Cosme Decorte 黛珂 UV COMFORT水润防晒乳50ml SPF50+
商品名 ：【Cosme Decorte】 黛珂 UV COMFORT水润防晒乳50ml SPF50+
品牌    ：黛珂 → 黛珂 | ✅
容量规格：{'50'} → {'50'} | ✅
色号    ：set() → set()
浓度    ： →  | ✅
简装    ： →  | ✅
套装    ：不含 → 不含 | ✅
清洗后  ：cosmeuvcomfort水润防晒乳spf → uvcomfort水润防晒乳spf
品名匹配：词袋(100.0%) | ✅
结果    ：✅ PASS | 原因：所有检查通过
============================================================

================================================================================
货品名称：【Cosme Decorte】 黛珂 UV COMFORT水润防晒乳50ml SPF50+
关键词：Cosme Decorte 黛珂 UV COMFORT水润防晒乳50ml SPF50+
原价：151.0 | 现价：151.0
百亿补贴：是 | 日期：2025-12-04
校验通过：✅ True
================================================================================
✅ 优先级 4 中已有商品通过校验，停止降级
📁 采集记录已保存，总行数：43
📋 校验记录已保存，总记录数：34
✅ 序号 450 已标记为已采集

⏸ 等待 1 秒后继续...
⏳ 等待下一个商品：[██████████████████████████████] 100% (1/1s)

🔍 搜索：Cosme Decorte 黛珂 多重防晒56ml*2 SPF50

===== 优先级 4，共 3 个商品 =====
--- 进入商品 1/3 ---
============================================================
搜索词 ：Cosme Decorte 黛珂 多重防晒56ml*2 SPF50
商品名 ：Cosme Decorte/黛珂多重防晒舒润型60g清新保湿
品牌    ：黛珂 → 黛珂 | ✅
容量规格：{'56', '2'} → {'60'} | ❌
色号    ：{'50'} → set()
浓度    ： →  | ✅
简装    ： →  | ✅
套装    ：不含 → 不含 | ✅
清洗后  ：cosme多重防晒spf → cosme多重防晒舒润
品名匹配：词袋(100.0%) | ✅
结果    ：❌ FAIL | 原因：规格不匹配
============================================================
🔧 校验失败原因为规格不匹配，尝试进入规格面板匹配...

[DEBUG][get_sku_price_auto] 开始匹配，搜索词: 'Cosme Decorte 黛珂 多重防晒56ml*2 SPF50'
[DEBUG][get_sku_identifiers] 提取标识: ['spf50', '50', 'cosme spf', 'cosme', 'spf', '56ml']
[DEBUG][get_sku_price_auto] 当前已选规格不匹配，尝试点击规格...
[DEBUG][_click_sku_by_identifier] 尝试点击标识: 'spf50'
[DEBUG][_click_sku_by_identifier] 尝试点击标识: 'cosme spf'
[DEBUG][_click_sku_by_identifier] 尝试点击标识: 'cosme'
[DEBUG][_click_sku_by_identifier] 尝试点击标识: 'spf'
[DEBUG][_click_sku_by_identifier] 尝试点击标识: '50'
[DEBUG][get_sku_price_auto] 所有标识尝试完毕，仍无价格
⚠️ 规格匹配未获取到有效价格，已记录为匹配失败，校验结果强制为不通过

================================================================================
货品名称：Cosme Decorte/黛珂多重防晒舒润型60g清新保湿
关键词：Cosme Decorte 黛珂 多重防晒56ml*2 SPF50
原价：91.2 | 现价：91.2
匹配规格：匹配失败 | 规格价格：
百亿补贴：是 | 日期：2025-05-01
校验通过：❌ False
================================================================================
--- 进入商品 2/3 ---
============================================================
搜索词 ：Cosme Decorte 黛珂 多重防晒56ml*2 SPF50
商品名 ：【Cosme Decorte】黛珂UV COMFORT耐水型防晒乳50ml SPF50
品牌    ：黛珂 → 黛珂 | ✅
容量规格：{'56', '2'} → {'50'} | ❌
色号    ：{'50'} → set()
浓度    ： →  | ✅
简装    ： →  | ✅
套装    ：不含 → 不含 | ✅
清洗后  ：cosme多重防晒spf → uvcomfort耐水防晒乳spf
品名匹配：词袋(33.3%) | ✅
结果    ：❌ FAIL | 原因：规格不匹配
============================================================
🔧 校验失败原因为规格不匹配，尝试进入规格面板匹配...

[DEBUG][get_sku_price_auto] 开始匹配，搜索词: 'Cosme Decorte 黛珂 多重防晒56ml*2 SPF50'
[DEBUG][get_sku_identifiers] 提取标识: ['spf50', '50', 'cosme spf', 'cosme', 'spf', '56ml']
[DEBUG][get_sku_price_auto] 当前已选规格匹配，价格: 151
✅ 规格匹配成功，且品名已匹配，校验通过

================================================================================
货品名称：【Cosme Decorte】黛珂UV COMFORT耐水型防晒乳50ml SPF50
关键词：Cosme Decorte 黛珂 多重防晒56ml*2 SPF50
原价：151.0 | 现价：151
匹配规格：已选择： 50mL 耐水型防晒乳50ml | 规格价格：151
百亿补贴：是 | 日期：2025-11-18
校验通过：✅ True
================================================================================
--- 进入商品 3/3 ---
============================================================
搜索词 ：Cosme Decorte 黛珂 多重防晒56ml*2 SPF50
商品名 ：【Cosme Decorte】 黛珂 UV COMFORT水润防晒乳50ml SPF50+
品牌    ：黛珂 → 黛珂 | ✅
容量规格：{'56', '2'} → {'50'} | ❌
色号    ：{'50'} → set()
浓度    ： →  | ✅
简装    ： →  | ✅
套装    ：不含 → 不含 | ✅
清洗后  ：cosme多重防晒spf → uvcomfort水润防晒乳spf
品名匹配：词袋(33.3%) | ✅
结果    ：❌ FAIL | 原因：规格不匹配
============================================================
🔧 校验失败原因为规格不匹配，尝试进入规格面板匹配...

[DEBUG][get_sku_price_auto] 开始匹配，搜索词: 'Cosme Decorte 黛珂 多重防晒56ml*2 SPF50'
[DEBUG][get_sku_identifiers] 提取标识: ['spf50', '50', 'cosme spf', 'cosme', 'spf', '56ml']
[DEBUG][get_sku_price_auto] 当前已选规格匹配，价格: 151
✅ 规格匹配成功，且品名已匹配，校验通过

================================================================================
货品名称：【Cosme Decorte】 黛珂 UV COMFORT水润防晒乳50ml SPF50+
关键词：Cosme Decorte 黛珂 多重防晒56ml*2 SPF50
原价：151.0 | 现价：151
匹配规格：已选择： 50mL 水润防晒乳 | 规格价格：151
百亿补贴：是 | 日期：2025-12-04
校验通过：✅ True
================================================================================
✅ 优先级 4 中已有商品通过校验，停止降级
📁 采集记录已保存，总行数：48
📋 校验记录已保存，总记录数：37
✅ 序号 451 已标记为已采集

⏸ 等待 1 秒后继续...
⏳ 等待下一个商品：[██████████████████████████████] 100% (1/1s)

🔍 搜索：Cosme Decorte 黛珂 防晒隔离CC霜30ml#01 light beige

===== 优先级 4，共 1 个商品 =====
--- 进入商品 1/1 ---
============================================================
搜索词 ：Cosme Decorte 黛珂 防晒隔离CC霜30ml#01 light beige
商品名 ：【Cosme Decorte】 黛珂 防晒隔离CC霜30ml
品牌    ：黛珂 → 黛珂 | ✅
容量规格：{'30', '1'} → {'30'} | ❌
色号    ：{'01'} → set()
浓度    ： →  | ✅
简装    ： →  | ✅
套装    ：不含 → 不含 | ✅
清洗后  ：cosme防晒隔离cc霜beige → 防晒隔离cc霜
品名匹配：词袋(100.0%) | ✅
结果    ：❌ FAIL | 原因：规格不匹配
============================================================
🔧 校验失败原因为规格不匹配，尝试进入规格面板匹配...

[DEBUG][get_sku_price_auto] 开始匹配，搜索词: 'Cosme Decorte 黛珂 防晒隔离CC霜30ml#01 light beige'
[DEBUG][get_sku_identifiers] 提取标识: ['01', 'cosme cc light beige', 'cosme', 'light', 'beige', '30ml']
[DEBUG][get_sku_price_auto] 当前已选规格匹配，价格: 111.36
✅ 规格匹配成功，且品名已匹配，校验通过

================================================================================
货品名称：【Cosme Decorte】 黛珂 防晒隔离CC霜30ml
关键词：Cosme Decorte 黛珂 防晒隔离CC霜30ml#01 light beige
原价：111.36 | 现价：111.36
匹配规格：已选择： #01 light beige 30mL | 规格价格：111.36
百亿补贴：是 | 日期：2025-11-01
校验通过：✅ True
================================================================================
✅ 优先级 4 中已有商品通过校验，停止降级
📁 采集记录已保存，总行数：52
📋 校验记录已保存，总记录数：38
✅ 序号 452 已标记为已采集

⏸ 等待 1 秒后继续...
⏳ 等待下一个商品：[██████████████████████████████] 100% (1/1s)

🔍 搜索：Cosme Decorte 黛珂 防晒隔离CC霜30ml#10

===== 优先级 4，共 1 个商品 =====
--- 进入商品 1/1 ---
============================================================
搜索词 ：Cosme Decorte 黛珂 防晒隔离CC霜30ml#10
商品名 ：【Cosme Decorte】 黛珂 防晒隔离CC霜30ml
品牌    ：黛珂 → 黛珂 | ✅
容量规格：{'30'} → {'30'} | ❌
色号    ：{'10'} → set()
浓度    ： →  | ✅
简装    ： →  | ✅
套装    ：不含 → 不含 | ✅
清洗后  ：cosme防晒隔离cc霜 → 防晒隔离cc霜
品名匹配：词袋(100.0%) | ✅
结果    ：❌ FAIL | 原因：规格不匹配
============================================================
🔧 校验失败原因为规格不匹配，尝试进入规格面板匹配...

[DEBUG][get_sku_price_auto] 开始匹配，搜索词: 'Cosme Decorte 黛珂 防晒隔离CC霜30ml#10'
[DEBUG][get_sku_identifiers] 提取标识: ['10', 'cosme cc', 'cosme', '30ml']
[DEBUG][get_sku_price_auto] 当前已选规格匹配，价格: 111.36
✅ 规格匹配成功，且品名已匹配，校验通过

================================================================================
货品名称：【Cosme Decorte】 黛珂 防晒隔离CC霜30ml
关键词：Cosme Decorte 黛珂 防晒隔离CC霜30ml#10
原价：111.36 | 现价：111.36
匹配规格：已选择： #01 light beige 30mL | 规格价格：111.36
百亿补贴：是 | 日期：2025-11-01
校验通过：✅ True
================================================================================
✅ 优先级 4 中已有商品通过校验，停止降级
📁 采集记录已保存，总行数：54
📋 校验记录已保存，总记录数：39
✅ 序号 453 已标记为已采集

⏸ 等待 1 秒后继续...
⏳ 等待下一个商品：[██████████████████████████████] 100% (1/1s)

🔍 搜索：CPB 肌肤之钥 御龄防晒50ml

===== 优先级 4，共 3 个商品 =====
--- 进入商品 1/3 ---
============================================================
搜索词 ：CPB 肌肤之钥 御龄防晒50ml
商品名 ：【正品行货】CPB肌肤之钥御龄防晒霜50ml*2 防晒乳
品牌    ：肌肤之钥 → 肌肤之钥 | ✅
容量规格：{'50'} → {'50', '2'} | ✅
色号    ：set() → set()
浓度    ： →  | ✅
简装    ： →  | ✅
套装    ：不含 → 不含 | ✅
清洗后  ：御龄防晒 → 御龄防晒霜防晒乳
品名匹配：词袋(100.0%) | ✅
结果    ：✅ PASS | 原因：所有检查通过
============================================================
🔧 标题包含多规格 (容量:{'50', '2'}, 色号:set())，尝试进入规格面板匹配...

[DEBUG][get_sku_price_auto] 开始匹配，搜索词: 'CPB 肌肤之钥 御龄防晒50ml'
[DEBUG][get_sku_identifiers] 提取标识: ['50ml']
[DEBUG][get_sku_price_auto] 当前已选规格匹配，价格: 570
✅ 规格匹配成功，且品名已匹配，校验通过

================================================================================
货品名称：【正品行货】CPB肌肤之钥御龄防晒霜50ml*2 防晒乳
关键词：CPB 肌肤之钥 御龄防晒50ml
原价：800.0 | 现价：570
匹配规格：已选择： 50mL 御龄防晒*2 | 规格价格：570
百亿补贴：是 | 日期：2025-08-01
校验通过：✅ True
================================================================================
--- 进入商品 2/3 ---
============================================================
搜索词 ：CPB 肌肤之钥 御龄防晒50ml
商品名 ：【CPB】肌肤之钥御龄防晒50ml
品牌    ：肌肤之钥 → 肌肤之钥 | ✅
容量规格：{'50'} → {'50'} | ✅
色号    ：set() → set()
浓度    ： →  | ✅
简装    ： →  | ✅
套装    ：不含 → 不含 | ✅
清洗后  ：御龄防晒 → 御龄防晒
品名匹配：词袋(100.0%) | ✅
结果    ：✅ PASS | 原因：所有检查通过
============================================================

================================================================================
货品名称：【CPB】肌肤之钥御龄防晒50ml
关键词：CPB 肌肤之钥 御龄防晒50ml
原价：320.0 | 现价：285.0
百亿补贴：是 | 日期：2025-04-01
校验通过：✅ True
================================================================================
--- 进入商品 3/3 ---
============================================================
搜索词 ：CPB 肌肤之钥 御龄防晒50ml
商品名 ：【正品行货】CPB肌肤之钥御龄防晒霜50ml 防晒乳
品牌    ：肌肤之钥 → 肌肤之钥 | ✅
容量规格：{'50'} → {'50'} | ✅
色号    ：set() → set()
浓度    ： →  | ✅
简装    ： →  | ✅
套装    ：不含 → 不含 | ✅
清洗后  ：御龄防晒 → 御龄防晒霜防晒乳
品名匹配：词袋(100.0%) | ✅
结果    ：✅ PASS | 原因：所有检查通过
============================================================

================================================================================
货品名称：【正品行货】CPB肌肤之钥御龄防晒霜50ml 防晒乳
关键词：CPB 肌肤之钥 御龄防晒50ml
原价：400.0 | 现价：290.0
百亿补贴：是 | 日期：2025-08-01
校验通过：✅ True
================================================================================
✅ 优先级 4 中已有商品通过校验，停止降级
📁 采集记录已保存，总行数：58
📋 校验记录已保存，总记录数：42
✅ 序号 456 已标记为已采集

⏸ 等待 1 秒后继续...
⏳ 等待下一个商品：[██████████████████████████████] 100% (1/1s)

🔍 搜索：CPB唇膏N1

===== 优先级 4，共 2 个商品 =====
--- 进入商品 1/2 ---
============================================================
搜索词 ：CPB唇膏N1
商品名 ：【CPB】肌肤之钥润唇膏樱花N1N2N32.8滋润显色
品牌    ：肌肤之钥 → 肌肤之钥 | ✅
容量规格：set() → set() | ✅
色号    ：{'n1'} → {'32'}
浓度    ： →  | ✅
简装    ： →  | ✅
套装    ：不含 → 不含 | ✅
清洗后  ：唇膏n1 → 润唇膏樱花n1n2n8显色
品名匹配：词袋(100.0%) | ✅
结果    ：✅ PASS | 原因：所有检查通过
============================================================

================================================================================
货品名称：【CPB】肌肤之钥润唇膏樱花N1N2N32.8滋润显色
关键词：CPB唇膏N1
原价：199.0 | 现价：145.97
百亿补贴：是 | 日期：2025-01-10
校验通过：✅ True
================================================================================
--- 进入商品 2/2 ---
============================================================
搜索词 ：CPB唇膏N1
商品名 ：【肌肤之钥】莹采丰润唇膏N1/N2/N3 2.8g小粉管打底唇膏
品牌    ：肌肤之钥 → 肌肤之钥 | ✅
容量规格：set() → {'2.8'} | ✅
色号    ：{'n1'} → {'n3', 'n2', 'n1'}
浓度    ： →  | ✅
简装    ： →  | ✅
套装    ：不含 → 不含 | ✅
清洗后  ：唇膏n1 → 莹采丰润唇膏n1n小粉管打底唇膏
品名匹配：词袋(100.0%) | ✅
结果    ：✅ PASS | 原因：所有检查通过
============================================================
🔧 标题包含多规格 (容量:{'2.8'}, 色号:{'n3', 'n2', 'n1'})，尝试进入规格面板匹配...

[DEBUG][get_sku_price_auto] 开始匹配，搜索词: 'CPB唇膏N1'
[DEBUG][get_sku_identifiers] 提取标识: ['n1']
[DEBUG][get_sku_price_auto] 当前已选规格匹配，价格: 148.8
✅ 规格匹配成功，且品名已匹配，校验通过

================================================================================
货品名称：【肌肤之钥】莹采丰润唇膏N1/N2/N3 2.8g小粉管打底唇膏
关键词：CPB唇膏N1
原价：199.0 | 现价：148.8
匹配规格：已选择： N1 | 规格价格：148.8
百亿补贴：是 | 日期：2024-09-30
校验通过：✅ True
================================================================================
✅ 优先级 4 中已有商品通过校验，停止降级
📁 采集记录已保存，总行数：63
📋 校验记录已保存，总记录数：44
✅ 序号 457 已标记为已采集

⏸ 等待 1 秒后继续...
⏳ 等待下一个商品：[██████████████████████████████] 100% (1/1s)

🔍 搜索：CPB唇膏N2

===== 优先级 4，共 2 个商品 =====
--- 进入商品 1/2 ---
============================================================
搜索词 ：CPB唇膏N2
商品名 ：【CPB】肌肤之钥润唇膏樱花N1N2N32.8滋润显色
品牌    ：肌肤之钥 → 肌肤之钥 | ✅
容量规格：set() → set() | ✅
色号    ：{'n2'} → {'32'}
浓度    ： →  | ✅
简装    ： →  | ✅
套装    ：不含 → 不含 | ✅
清洗后  ：唇膏n2 → 润唇膏樱花n1n2n8显色
品名匹配：词袋(100.0%) | ✅
结果    ：✅ PASS | 原因：所有检查通过
============================================================

================================================================================
货品名称：【CPB】肌肤之钥润唇膏樱花N1N2N32.8滋润显色
关键词：CPB唇膏N2
原价：199.0 | 现价：145.97
百亿补贴：是 | 日期：2025-01-10
校验通过：✅ True
================================================================================
--- 进入商品 2/2 ---
============================================================
搜索词 ：CPB唇膏N2
商品名 ：【肌肤之钥】莹采丰润唇膏N1/N2/N3 2.8g小粉管打底唇膏
品牌    ：肌肤之钥 → 肌肤之钥 | ✅
容量规格：set() → {'2.8'} | ✅
色号    ：{'n2'} → {'n3', 'n2', 'n1'}
浓度    ： →  | ✅
简装    ： →  | ✅
套装    ：不含 → 不含 | ✅
清洗后  ：唇膏n2 → 莹采丰润唇膏n1n小粉管打底唇膏
品名匹配：词袋(100.0%) | ✅
结果    ：✅ PASS | 原因：所有检查通过
============================================================
🔧 标题包含多规格 (容量:{'2.8'}, 色号:{'n3', 'n2', 'n1'})，尝试进入规格面板匹配...

[DEBUG][get_sku_price_auto] 开始匹配，搜索词: 'CPB唇膏N2'
[DEBUG][get_sku_identifiers] 提取标识: ['n2']
[DEBUG][get_sku_price_auto] 当前已选规格不匹配，尝试点击规格...
[DEBUG][_click_sku_by_identifier] 尝试点击标识: 'n2'
[DEBUG] 色号 n2 匹配成功，价格: 148.8
✅ 规格匹配成功，且品名已匹配，校验通过

================================================================================
货品名称：【肌肤之钥】莹采丰润唇膏N1/N2/N3 2.8g小粉管打底唇膏
关键词：CPB唇膏N2
原价：199.0 | 现价：148.8
匹配规格：已选择： N2 | 规格价格：148.8
百亿补贴：是 | 日期：2024-09-30
校验通过：✅ True
================================================================================
✅ 优先级 4 中已有商品通过校验，停止降级
📁 采集记录已保存，总行数：67
📋 校验记录已保存，总记录数：46
✅ 序号 458 已标记为已采集

⏸ 等待 1 秒后继续...
⏳ 等待下一个商品：[██████████████████████████████] 100% (1/1s)

🔍 搜索：CPB唇膏N3

===== 优先级 4，共 2 个商品 =====
--- 进入商品 1/2 ---
============================================================
搜索词 ：CPB唇膏N3
商品名 ：【CPB】肌肤之钥润唇膏樱花N1N2N32.8滋润显色
品牌    ：肌肤之钥 → 肌肤之钥 | ✅
容量规格：set() → set() | ✅
色号    ：{'n3'} → {'32'}
浓度    ： →  | ✅
简装    ： →  | ✅
套装    ：不含 → 不含 | ✅
清洗后  ：唇膏n3 → 润唇膏樱花n1n2n8显色
品名匹配：词袋(100.0%) | ✅
结果    ：✅ PASS | 原因：所有检查通过
============================================================

================================================================================
货品名称：【CPB】肌肤之钥润唇膏樱花N1N2N32.8滋润显色
关键词：CPB唇膏N3
原价：199.0 | 现价：145.97
百亿补贴：是 | 日期：2025-01-10
校验通过：✅ True
================================================================================
--- 进入商品 2/2 ---
============================================================
搜索词 ：CPB唇膏N3
商品名 ：【肌肤之钥】莹采丰润唇膏N1/N2/N3 2.8g小粉管打底唇膏
品牌    ：肌肤之钥 → 肌肤之钥 | ✅
容量规格：set() → {'2.8'} | ✅
色号    ：{'n3'} → {'n3', 'n2', 'n1'}
浓度    ： →  | ✅
简装    ： →  | ✅
套装    ：不含 → 不含 | ✅
清洗后  ：唇膏n3 → 莹采丰润唇膏n1n小粉管打底唇膏
品名匹配：词袋(100.0%) | ✅
结果    ：✅ PASS | 原因：所有检查通过
============================================================
🔧 标题包含多规格 (容量:{'2.8'}, 色号:{'n3', 'n2', 'n1'})，尝试进入规格面板匹配...

[DEBUG][get_sku_price_auto] 开始匹配，搜索词: 'CPB唇膏N3'
[DEBUG][get_sku_identifiers] 提取标识: ['n3']
[DEBUG][get_sku_price_auto] 当前已选规格不匹配，尝试点击规格...
[DEBUG][_click_sku_by_identifier] 尝试点击标识: 'n3'
[DEBUG] 色号 n3 匹配成功，价格: 148.8
✅ 规格匹配成功，且品名已匹配，校验通过

================================================================================
货品名称：【肌肤之钥】莹采丰润唇膏N1/N2/N3 2.8g小粉管打底唇膏
关键词：CPB唇膏N3
原价：199.0 | 现价：148.8
匹配规格：已选择： N3 | 规格价格：148.8
百亿补贴：是 | 日期：2024-09-30
校验通过：✅ True
================================================================================
✅ 优先级 4 中已有商品通过校验，停止降级
📁 采集记录已保存，总行数：71
📋 校验记录已保存，总记录数：48
✅ 序号 459 已标记为已采集

⏸ 等待 1 秒后继续...
⏳ 等待下一个商品：[██████████████████████████████] 100% (1/1s)

🔍 搜索：ELIZABETH ARDEN 伊丽莎白雅顿 绿茶身体乳500ml（圆罐装）
⚠️ 检测到‘进店’，下滑40%屏刷新商品列表

===== 优先级 4，共 3 个商品 =====
--- 进入商品 1/3 ---
============================================================
搜索词 ：ELIZABETH ARDEN 伊丽莎白雅顿 绿茶身体乳500ml（圆罐装）
商品名 ：【伊丽莎白雅顿】绿茶蜜糖舒体霜瓶裝500ml持久保湿留香
品牌    ：伊丽莎白雅顿 → 伊丽莎白雅顿 | ✅
容量规格：{'500'} → {'500'} | ✅
色号    ：set() → set()
浓度    ： →  | ✅
简装    ： →  | ✅
套装    ：不含 → 不含 | ✅
清洗后  ：绿茶身体乳圆罐装 → 绿茶蜜糖舒体霜瓶裝
品名匹配：LCS子序列(37.5%) | ✅
结果    ：✅ PASS | 原因：所有检查通过
============================================================

================================================================================
货品名称：【伊丽莎白雅顿】绿茶蜜糖舒体霜瓶裝500ml持久保湿留香
关键词：ELIZABETH ARDEN 伊丽莎白雅顿 绿茶身体乳500ml（圆罐装）
原价：98.0 | 现价：68.5
百亿补贴：是 | 日期：2025-02-06
校验通过：✅ True
================================================================================
--- 进入商品 2/3 ---
============================================================
搜索词 ：ELIZABETH ARDEN 伊丽莎白雅顿 绿茶身体乳500ml（圆罐装）
商品名 ：【Elizabeth Arden】 伊丽莎白雅顿绿茶蜜滴身体霜500ml 长效保湿
品牌    ：伊丽莎白雅顿 → 伊丽莎白雅顿 | ✅
容量规格：{'500'} → {'500'} | ✅
色号    ：set() → set()
浓度    ： →  | ✅
简装    ： →  | ✅
套装    ：不含 → 不含 | ✅
清洗后  ：绿茶身体乳圆罐装 → 绿茶蜜滴身体霜长效
品名匹配：LCS子序列(50.0%) | ✅
结果    ：✅ PASS | 原因：所有检查通过
============================================================

================================================================================
货品名称：【Elizabeth Arden】 伊丽莎白雅顿绿茶蜜滴身体霜500ml 长效保湿
关键词：ELIZABETH ARDEN 伊丽莎白雅顿 绿茶身体乳500ml（圆罐装）
原价：58.39 | 现价：58.39
百亿补贴：是 | 日期：2026-02-17
校验通过：✅ True
================================================================================
--- 进入商品 3/3 ---
============================================================
搜索词 ：ELIZABETH ARDEN 伊丽莎白雅顿 绿茶身体乳500ml（圆罐装）
商品名 ：雅顿蜜滴身体乳持久保湿滋润留香不油腻润肤乳绿茶味身体霜礼物
品牌    ：伊丽莎白雅顿 → 伊丽莎白雅顿 | ✅
容量规格：{'500'} → set() | ❌
色号    ：set() → set()
浓度    ： →  | ✅
简装    ： →  | ✅
套装    ：不含 → 不含 | ✅
清洗后  ：绿茶身体乳圆罐装 → 蜜滴身体乳不油腻润肤乳绿茶味身体霜礼物
品名匹配：词袋(42.9%) | ✅
结果    ：❌ FAIL | 原因：规格不匹配
============================================================
🔧 校验失败原因为规格不匹配，尝试进入规格面板匹配...

[DEBUG][get_sku_price_auto] 开始匹配，搜索词: 'ELIZABETH ARDEN 伊丽莎白雅顿 绿茶身体乳500ml（圆罐装）'
[DEBUG][get_sku_identifiers] 提取标识: ['500ml']
[DEBUG][get_sku_price_auto] 当前已选规格不匹配，尝试点击规格...
[DEBUG][get_sku_price_auto] 所有标识尝试完毕，仍无价格
⚠️ 规格匹配未获取到有效价格，已记录为匹配失败，校验结果强制为不通过

================================================================================
货品名称：雅顿蜜滴身体乳持久保湿滋润留香不油腻润肤乳绿茶味身体霜礼物
关键词：ELIZABETH ARDEN 伊丽莎白雅顿 绿茶身体乳500ml（圆罐装）
原价：99.0 | 现价：80.7
匹配规格：匹配失败 | 规格价格：
百亿补贴：是 | 日期：
校验通过：❌ False
================================================================================
✅ 优先级 4 中已有商品通过校验，停止降级
📁 采集记录已保存，总行数：76
📋 校验记录已保存，总记录数：51
✅ 序号 461 已标记为已采集

⏸ 等待 1 秒后继续...
⏳ 等待下一个商品：[██████████████████████████████] 100% (1/1s)

🔍 搜索：Estee Lauder 雅诗兰黛 白金粉底液 2C0 30ml*2

===== 优先级 4，共 2 个商品 =====
--- 进入商品 1/2 ---
============================================================
搜索词 ：Estee Lauder 雅诗兰黛 白金粉底液 2C0 30ml*2
商品名 ：Estee Lauder 雅诗兰黛 第二代DoubleWear持妆粉底液
品牌    ：雅诗兰黛 → 雅诗兰黛 | ✅
容量规格：{'2', '30'} → set() | ❌
色号    ：{'2c0'} → set()
浓度    ： →  | ✅
简装    ： →  | ✅
套装    ：不含 → 不含 | ✅
清洗后  ：白金粉底液 → 第二代doublewear持妆粉底液
品名匹配：词袋(50.0%) | ✅
结果    ：❌ FAIL | 原因：规格不匹配
============================================================
🔧 校验失败原因为规格不匹配，尝试进入规格面板匹配...

[DEBUG][get_sku_price_auto] 开始匹配，搜索词: 'Estee Lauder 雅诗兰黛 白金粉底液 2C0 30ml*2'
[DEBUG][get_sku_identifiers] 提取标识: ['2c0', '30ml']
[DEBUG][get_sku_price_auto] 当前已选规格匹配，价格: 198.2
✅ 规格匹配成功，且品名已匹配，校验通过

================================================================================
货品名称：Estee Lauder 雅诗兰黛 第二代DoubleWear持妆粉底液
关键词：Estee Lauder 雅诗兰黛 白金粉底液 2C0 30ml*2
原价：315.0 | 现价：198.2
匹配规格：已选择： 30mL 2W0 柔沙色 | 规格价格：198.2
百亿补贴：是 | 日期：2025-01-01
校验通过：✅ True
================================================================================
--- 进入商品 2/2 ---
============================================================
搜索词 ：Estee Lauder 雅诗兰黛 白金粉底液 2C0 30ml*2
商品名 ：ESTEELAUDER雅诗兰黛白金粉底液30ml#1C0/2C0
品牌    ：雅诗兰黛 → 雅诗兰黛 | ✅
容量规格：{'2', '30'} → {'30'} | ✅
色号    ：{'2c0'} → {'1c0', '2c0'}
浓度    ： →  | ✅
简装    ： →  | ✅
套装    ：不含 → 不含 | ✅
清洗后  ：白金粉底液 → 白金粉底液
品名匹配：词袋(100.0%) | ✅
结果    ：✅ PASS | 原因：所有检查通过
============================================================
🔧 标题包含多规格 (容量:{'30'}, 色号:{'1c0', '2c0'})，尝试进入规格面板匹配...

[DEBUG][get_sku_price_auto] 开始匹配，搜索词: 'Estee Lauder 雅诗兰黛 白金粉底液 2C0 30ml*2'
[DEBUG][get_sku_identifiers] 提取标识: ['2c0', '30ml']
[DEBUG][get_sku_price_auto] 当前已选规格匹配，价格: 392
✅ 规格匹配成功，且品名已匹配，校验通过

================================================================================
货品名称：ESTEELAUDER雅诗兰黛白金粉底液30ml#1C0/2C0
关键词：Estee Lauder 雅诗兰黛 白金粉底液 2C0 30ml*2
原价：499.0 | 现价：392
匹配规格：已选择： 2C0 自然肤色 30mL | 规格价格：392
百亿补贴：是 | 日期：2024-12-01
校验通过：✅ True
================================================================================
✅ 优先级 4 中已有商品通过校验，停止降级
📁 采集记录已保存，总行数：81
📋 校验记录已保存，总记录数：53
✅ 序号 462 已标记为已采集

⏸ 等待 1 秒后继续...
⏳ 等待下一个商品：[██████████████████████████████] 100% (1/1s)

🔍 搜索：Estee Lauder 雅诗兰黛 沁水粉底液 1C0 30ml*2

===== 优先级 4，共 3 个商品 =====
--- 进入商品 1/3 ---
============================================================
搜索词 ：Estee Lauder 雅诗兰黛 沁水粉底液 1C0 30ml*2
商品名 ：Estee Lauder 雅诗兰黛 第二代DoubleWear持妆粉底液  2w2
品牌    ：雅诗兰黛 → 雅诗兰黛 | ✅
容量规格：{'2', '30'} → set() | ❌
色号    ：{'1c0'} → {'2w2'}
浓度    ： →  | ✅
简装    ： →  | ✅
套装    ：不含 → 不含 | ✅
清洗后  ：沁水粉底液 → 第二代doublewear持妆粉底液
品名匹配：词袋(50.0%) | ✅
结果    ：❌ FAIL | 原因：规格不匹配
============================================================
🔧 校验失败原因为规格不匹配，尝试进入规格面板匹配...

[DEBUG][get_sku_price_auto] 开始匹配，搜索词: 'Estee Lauder 雅诗兰黛 沁水粉底液 1C0 30ml*2'
[DEBUG][get_sku_identifiers] 提取标识: ['1c0', '30ml']
[DEBUG][get_sku_price_auto] 当前已选规格匹配，价格: 213.6
✅ 规格匹配成功，且品名已匹配，校验通过

================================================================================
货品名称：Estee Lauder 雅诗兰黛 第二代DoubleWear持妆粉底液  2w2
关键词：Estee Lauder 雅诗兰黛 沁水粉底液 1C0 30ml*2
原价：288.0 | 现价：213.6
匹配规格：已选择： 30mL 2W2 | 规格价格：213.6
百亿补贴：是 | 日期：2025-01-01
校验通过：✅ True
================================================================================
--- 进入商品 2/3 ---
============================================================
搜索词 ：Estee Lauder 雅诗兰黛 沁水粉底液 1C0 30ml*2
商品名 ：双支 单品 雅诗兰黛粉底液沁水1CO#30ml
品牌    ：雅诗兰黛 → 雅诗兰黛 | ✅
容量规格：{'2', '30'} → {'30'} | ❌
色号    ：{'1c0'} → {'1co'}
浓度    ： →  | ✅
简装    ： →  | ✅
套装    ：不含 → 不含 | ✅
清洗后  ：沁水粉底液 → 粉底液沁水
品名匹配：词袋(75.0%) | ✅
结果    ：❌ FAIL | 原因：规格不匹配
============================================================
🔧 校验失败原因为规格不匹配，尝试进入规格面板匹配...

[DEBUG][get_sku_price_auto] 开始匹配，搜索词: 'Estee Lauder 雅诗兰黛 沁水粉底液 1C0 30ml*2'
[DEBUG][get_sku_identifiers] 提取标识: ['1c0', '30ml']
[DEBUG][get_sku_price_auto] 当前已选规格匹配，价格: 366
✅ 规格匹配成功，且品名已匹配，校验通过

================================================================================
货品名称：双支 单品 雅诗兰黛粉底液沁水1CO#30ml
关键词：Estee Lauder 雅诗兰黛 沁水粉底液 1C0 30ml*2
原价：550.0 | 现价：366
匹配规格：已选择： 30mL 1C0 白皙肤色 两瓶 | 规格价格：366
百亿补贴：是 | 日期：2025-03-01
校验通过：✅ True
================================================================================
--- 进入商品 3/3 ---
============================================================
搜索词 ：Estee Lauder 雅诗兰黛 沁水粉底液 1C0 30ml*2
商品名 ：ESTEE LAUDER/雅诗兰黛沁水养肤粉底液30ml1C0锁水干皮救星保湿
品牌    ：雅诗兰黛 → 雅诗兰黛 | ✅
容量规格：{'2', '30'} → {'30'} | ❌
色号    ：{'1c0'} → set()
浓度    ： →  | ✅
简装    ： →  | ✅
套装    ：不含 → 不含 | ✅
清洗后  ：沁水粉底液 → 沁水养肤粉底液1c0锁水救星
品名匹配：词袋(75.0%) | ✅
结果    ：❌ FAIL | 原因：规格不匹配
============================================================
🔧 校验失败原因为规格不匹配，尝试进入规格面板匹配...

[DEBUG][get_sku_price_auto] 开始匹配，搜索词: 'Estee Lauder 雅诗兰黛 沁水粉底液 1C0 30ml*2'
[DEBUG][get_sku_identifiers] 提取标识: ['1c0', '30ml']
[DEBUG][get_sku_price_auto] 当前已选规格匹配，价格: 181
✅ 规格匹配成功，且品名已匹配，校验通过

================================================================================
货品名称：ESTEE LAUDER/雅诗兰黛沁水养肤粉底液30ml1C0锁水干皮救星保湿
关键词：Estee Lauder 雅诗兰黛 沁水粉底液 1C0 30ml*2
原价：230.0 | 现价：181
匹配规格：已选择： 1C0 白皙肤色 30ml | 规格价格：181
百亿补贴：是 | 日期：
校验通过：✅ True
================================================================================
✅ 优先级 4 中已有商品通过校验，停止降级
📁 采集记录已保存，总行数：86
📋 校验记录已保存，总记录数：56
✅ 序号 463 已标记为已采集

⏸ 等待 1 秒后继续...
⏳ 等待下一个商品：[██████████████████████████████] 100% (1/1s)

🔍 搜索：Estee Lauder 雅诗兰黛 智妍面霜75ml（滋润）

===== 优先级 4，共 4 个商品 =====
--- 进入商品 1/4 ---
============================================================
搜索词 ：Estee Lauder 雅诗兰黛 智妍面霜75ml（滋润）
商品名 ：【正品行货】Estee Lauder雅诗兰黛智妍紧塑面霜75ml滋润版 保湿
品牌    ：雅诗兰黛 → 雅诗兰黛 | ✅
容量规格：{'75'} → {'75'} | ✅
色号    ：set() → set()
浓度    ： →  | ✅
简装    ： →  | ✅
套装    ：不含 → 不含 | ✅
清洗后  ：智妍面霜 → 智妍紧塑面霜
品名匹配：词袋(66.7%) | ✅
结果    ：✅ PASS | 原因：所有检查通过
============================================================

================================================================================
货品名称：【正品行货】Estee Lauder雅诗兰黛智妍紧塑面霜75ml滋润版 保湿
关键词：Estee Lauder 雅诗兰黛 智妍面霜75ml（滋润）
原价：574.0 | 现价：379.8
百亿补贴：是 | 日期：2025-07-01
校验通过：✅ True
================================================================================
--- 进入商品 2/4 ---
============================================================
搜索词 ：Estee Lauder 雅诗兰黛 智妍面霜75ml（滋润）
商品名 ：Estee Lauder雅诗兰黛智妍滋润面霜 50ml补水保湿【9月16日发完】
品牌    ：雅诗兰黛 → 雅诗兰黛 | ✅
容量规格：{'75'} → {'50'} | ❌
色号    ：set() → set()
浓度    ： →  | ✅
简装    ： →  | ✅
套装    ：不含 → 不含 | ✅
清洗后  ：智妍面霜 → 智妍面霜补水
品名匹配：词袋(100.0%) | ✅
结果    ：❌ FAIL | 原因：规格不匹配
============================================================
🔧 校验失败原因为规格不匹配，尝试进入规格面板匹配...

[DEBUG][get_sku_price_auto] 开始匹配，搜索词: 'Estee Lauder 雅诗兰黛 智妍面霜75ml（滋润）'
[DEBUG][get_sku_identifiers] 提取标识: ['75ml']
[DEBUG][get_sku_price_auto] 当前已选规格不匹配，尝试点击规格...
[DEBUG][get_sku_price_auto] 所有标识尝试完毕，仍无价格
⚠️ 规格匹配未获取到有效价格，已记录为匹配失败，校验结果强制为不通过

================================================================================
货品名称：Estee Lauder雅诗兰黛智妍滋润面霜 50ml补水保湿【9月16日发完】
关键词：Estee Lauder 雅诗兰黛 智妍面霜75ml（滋润）
原价：459.0 | 现价：357.0
匹配规格：匹配失败 | 规格价格：
百亿补贴：是 | 日期：2025-03-02
校验通过：❌ False
================================================================================
--- 进入商品 3/4 ---
============================================================
搜索词 ：Estee Lauder 雅诗兰黛 智妍面霜75ml（滋润）
商品名 ：Estee Lauder/雅诗兰黛智妍乳霜50ml清爽淡纹紧致【9月16日发完】
品牌    ：雅诗兰黛 → 雅诗兰黛 | ✅
容量规格：{'75'} → {'50'} | ❌
色号    ：set() → set()
浓度    ： →  | ✅
简装    ： →  | ✅
套装    ：不含 → 不含 | ✅
清洗后  ：智妍面霜 → 智妍乳霜淡纹紧致
品名匹配：词袋(33.3%) | ✅
结果    ：❌ FAIL | 原因：规格不匹配
============================================================
🔧 校验失败原因为规格不匹配，尝试进入规格面板匹配...

[DEBUG][get_sku_price_auto] 开始匹配，搜索词: 'Estee Lauder 雅诗兰黛 智妍面霜75ml（滋润）'
[DEBUG][get_sku_identifiers] 提取标识: ['75ml']
[DEBUG][get_sku_price_auto] 当前已选规格不匹配，尝试点击规格...
[DEBUG][get_sku_price_auto] 所有标识尝试完毕，仍无价格
⚠️ 规格匹配未获取到有效价格，已记录为匹配失败，校验结果强制为不通过

================================================================================
货品名称：Estee Lauder/雅诗兰黛智妍乳霜50ml清爽淡纹紧致【9月16日发完】
关键词：Estee Lauder 雅诗兰黛 智妍面霜75ml（滋润）
原价：559.0 | 现价：357.0
匹配规格：匹配失败 | 规格价格：
百亿补贴：是 | 日期：2025-05-01
校验通过：❌ False
================================================================================
--- 进入商品 4/4 ---
============================================================
搜索词 ：Estee Lauder 雅诗兰黛 智妍面霜75ml（滋润）
商品名 ：【正品行货】雅诗兰黛 智妍胶原晚霜75ml 礼盒套装 夜间 滋润保湿
品牌    ：雅诗兰黛 → 雅诗兰黛 | ✅
容量规格：{'75'} → {'75'} | ✅
色号    ：set() → set()
浓度    ： →  | ✅
简装    ： →  | ✅
套装    ：不含 → 含 | ❌
清洗后  ：智妍面霜 → 智妍胶原晚霜礼盒套装夜间
品名匹配：词袋(33.3%) | ✅
结果    ：❌ FAIL | 原因：套装状态不一致
============================================================

================================================================================
货品名称：【正品行货】雅诗兰黛 智妍胶原晚霜75ml 礼盒套装 夜间 滋润保湿
关键词：Estee Lauder 雅诗兰黛 智妍面霜75ml（滋润）
原价：823.0 | 现价：823.0
百亿补贴：是 | 日期：2025-03-01
校验通过：❌ False
================================================================================
✅ 优先级 4 中已有商品通过校验，停止降级
📁 采集记录已保存，总行数：93
📋 校验记录已保存，总记录数：60
✅ 序号 464 已标记为已采集

⏸ 等待 1 秒后继续...
⏳ 等待下一个商品：[██████████████████████████████] 100% (1/1s)

🔍 搜索：ESTEE LAUDER雅诗兰黛智妍胶原水200ml

===== 优先级 4，共 2 个商品 =====
--- 进入商品 1/2 ---
============================================================
搜索词 ：ESTEE LAUDER雅诗兰黛智妍胶原水200ml
商品名 ：【正品行货】Estee Lauder雅诗兰黛智妍柔润精华水200ml保湿清爽
品牌    ：雅诗兰黛 → 雅诗兰黛 | ✅
容量规格：{'200'} → {'200'} | ✅
色号    ：set() → set()
浓度    ： →  | ✅
简装    ： →  | ✅
套装    ：不含 → 不含 | ✅
清洗后  ：智妍胶原水 → 智妍柔润水
品名匹配：LCS子序列(60.0%) | ✅
结果    ：✅ PASS | 原因：所有检查通过
============================================================

================================================================================
货品名称：【正品行货】Estee Lauder雅诗兰黛智妍柔润精华水200ml保湿清爽
关键词：ESTEE LAUDER雅诗兰黛智妍胶原水200ml
原价：293.0 | 现价：293.0
百亿补贴：是 | 日期：2025-05-01
校验通过：✅ True
================================================================================
--- 进入商品 2/2 ---
============================================================
搜索词 ：ESTEE LAUDER雅诗兰黛智妍胶原水200ml
商品名 ：【雅诗兰黛】智妍水胶原水补水保湿200ml节日礼物
品牌    ：雅诗兰黛 → 雅诗兰黛 | ✅
容量规格：{'200'} → {'200'} | ✅
色号    ：set() → set()
浓度    ： →  | ✅
简装    ： →  | ✅
套装    ：不含 → 不含 | ✅
清洗后  ：智妍胶原水 → 智妍水胶原水补水节日礼物
品名匹配：词袋(75.0%) | ✅
结果    ：✅ PASS | 原因：所有检查通过
============================================================

================================================================================
货品名称：【雅诗兰黛】智妍水胶原水补水保湿200ml节日礼物
关键词：ESTEE LAUDER雅诗兰黛智妍胶原水200ml
原价：221.0 | 现价：215.0
百亿补贴：是 | 日期：2025-05-01
校验通过：✅ True
================================================================================
✅ 优先级 4 中已有商品通过校验，停止降级
📁 采集记录已保存，总行数：99
📋 校验记录已保存，总记录数：62
✅ 序号 465 已标记为已采集

⏸ 等待 1 秒后继续...
⏳ 等待下一个商品：[██████████████████████████████] 100% (1/1s)

🔍 搜索：GIORGIO ARMANI 阿玛尼 红色挚爱 100ml

===== 优先级 4，共 3 个商品 =====
--- 进入商品 1/3 ---
============================================================
搜索词 ：GIORGIO ARMANI 阿玛尼 红色挚爱 100ml
商品名 ：GIORGIO ARMANI/ 阿玛尼 红色挚爱香水EDP100ml持久留香【9月14日发完】
品牌    ：阿玛尼 → 阿玛尼 | ✅
容量规格：{'100'} → {'100'} | ✅
色号    ：set() → set()
浓度    ： → 浓香 | ✅
简装    ： →  | ✅
套装    ：不含 → 不含 | ✅
清洗后  ：giorgio红色挚爱 → giorgio红色挚爱
品名匹配：词袋(100.0%) | ✅
结果    ：✅ PASS | 原因：所有检查通过
============================================================

================================================================================
货品名称：GIORGIO ARMANI/ 阿玛尼 红色挚爱香水EDP100ml持久留香【9月14日发完】
关键词：GIORGIO ARMANI 阿玛尼 红色挚爱 100ml
原价：599.0 | 现价：474.8
百亿补贴：是 | 日期：2025-11-01
校验通过：✅ True
================================================================================
--- 进入商品 2/3 ---
============================================================
搜索词 ：GIORGIO ARMANI 阿玛尼 红色挚爱 100ml
商品名 ：【正品行货】Armani/阿玛尼Si迷情挚爱女士香水花果香调大牌100ml
品牌    ：阿玛尼 → 阿玛尼 | ✅
容量规格：{'100'} → {'100'} | ✅
色号    ：set() → set()
浓度    ： →  | ✅
简装    ： →  | ✅
套装    ：不含 → 不含 | ✅
清洗后  ：giorgio红色挚爱 → si迷情挚爱女士花大牌
品名匹配：词袋(33.3%) | ✅
结果    ：✅ PASS | 原因：所有检查通过
============================================================

================================================================================
货品名称：【正品行货】Armani/阿玛尼Si迷情挚爱女士香水花果香调大牌100ml
关键词：GIORGIO ARMANI 阿玛尼 红色挚爱 100ml
原价：536.9 | 现价：536.9
百亿补贴：是 | 日期：2025-02-21
校验通过：✅ True
================================================================================
--- 进入商品 3/3 ---
============================================================
搜索词 ：GIORGIO ARMANI 阿玛尼 红色挚爱 100ml
商品名 ：【阿玛尼】红色迷情挚爱女士浓香水荣耀版100ml玫瑰果香EDP持久留香
品牌    ：阿玛尼 → 阿玛尼 | ✅
容量规格：{'100'} → {'100'} | ✅
色号    ：set() → set()
浓度    ： → 浓香 | ✅
简装    ： →  | ✅
套装    ：不含 → 不含 | ✅
清洗后  ：giorgio红色挚爱 → 红色迷情挚爱女士水荣耀果香
品名匹配：词袋(66.7%) | ✅
结果    ：✅ PASS | 原因：所有检查通过
============================================================

================================================================================
货品名称：【阿玛尼】红色迷情挚爱女士浓香水荣耀版100ml玫瑰果香EDP持久留香
关键词：GIORGIO ARMANI 阿玛尼 红色挚爱 100ml
原价：669.0 | 现价：473.9
百亿补贴：是 | 日期：2024-01-01
校验通过：✅ True
================================================================================
✅ 优先级 4 中已有商品通过校验，停止降级
📁 采集记录已保存，总行数：104
📋 校验记录已保存，总记录数：65
✅ 序号 466 已标记为已采集

⏸ 等待 1 秒后继续...
⏳ 等待下一个商品：[██████████████████████████████] 100% (1/1s)

🔍 搜索：GIORGIO ARMANI 阿玛尼 红色挚爱 100ml 简装

===== 优先级 4，共 2 个商品 =====
--- 进入商品 1/2 ---
============================================================
搜索词 ：GIORGIO ARMANI 阿玛尼 红色挚爱 100ml 简装
商品名 ：【正品行货】Armani/阿玛尼Si迷情挚爱女士香水花果香调大牌100ml
品牌    ：阿玛尼 → 阿玛尼 | ✅
容量规格：{'100'} → {'100'} | ✅
色号    ：set() → set()
浓度    ： →  | ✅
简装    ：简装 →  | ✅
套装    ：不含 → 不含 | ✅
清洗后  ：giorgio红色挚爱简装 → si迷情挚爱女士花大牌
品名匹配：LCS子序列(23.1%) | ❌
结果    ：❌ FAIL | 原因：品名相似不足(ratio=23.1%)
============================================================

================================================================================
货品名称：【正品行货】Armani/阿玛尼Si迷情挚爱女士香水花果香调大牌100ml
关键词：GIORGIO ARMANI 阿玛尼 红色挚爱 100ml 简装
原价：536.9 | 现价：536.9
百亿补贴：是 | 日期：2025-02-21
校验通过：❌ False
================================================================================
--- 进入商品 2/2 ---
============================================================
搜索词 ：GIORGIO ARMANI 阿玛尼 红色挚爱 100ml 简装
商品名 ：【阿玛尼】红色迷情挚爱女士浓香水荣耀版100ml玫瑰果香EDP持久留香
品牌    ：阿玛尼 → 阿玛尼 | ✅
容量规格：{'100'} → {'100'} | ✅
色号    ：set() → set()
浓度    ： → 浓香 | ✅
简装    ：简装 →  | ✅
套装    ：不含 → 不含 | ✅
清洗后  ：giorgio红色挚爱简装 → 红色迷情挚爱女士水荣耀果香
品名匹配：词袋(40.0%) | ✅
结果    ：✅ PASS | 原因：所有检查通过
============================================================

================================================================================
货品名称：【阿玛尼】红色迷情挚爱女士浓香水荣耀版100ml玫瑰果香EDP持久留香
关键词：GIORGIO ARMANI 阿玛尼 红色挚爱 100ml 简装
原价：669.0 | 现价：473.9
百亿补贴：是 | 日期：2024-01-01
校验通过：✅ True
================================================================================
✅ 优先级 4 中已有商品通过校验，停止降级
📁 采集记录已保存，总行数：109
📋 校验记录已保存，总记录数：67
✅ 序号 467 已标记为已采集

⏸ 等待 1 秒后继续...
⏳ 等待下一个商品：[██████████████████████████████] 100% (1/1s)

🔍 搜索：GUCCI 香水 花悦100ML淡香

===== 优先级 4，共 3 个商品 =====
--- 进入商品 1/3 ---
============================================================
搜索词 ：GUCCI 香水 花悦100ML淡香
商品名 ：【全球购正品】古驰花悦女士浓香水EDP50ml
品牌    ：古驰 → 古驰 | ✅
容量规格：{'100'} → {'50'} | ❌
色号    ：set() → set()
浓度    ：淡香 → 浓香 | ❌
简装    ： →  | ✅
套装    ：不含 → 不含 | ✅
清洗后  ：花悦 → 花悦女士水
品名匹配：词袋(100.0%) | ✅
结果    ：❌ FAIL | 原因：规格不匹配；浓度不匹配
============================================================
🔧 校验失败原因为规格不匹配，尝试进入规格面板匹配...

[DEBUG][get_sku_price_auto] 开始匹配，搜索词: 'GUCCI 香水 花悦100ML淡香'
[DEBUG][get_sku_identifiers] 提取标识: ['100ml']
[DEBUG][get_sku_price_auto] 当前已选规格不匹配，尝试点击规格...
[DEBUG][get_sku_price_auto] 所有标识尝试完毕，仍无价格
⚠️ 规格匹配未获取到有效价格，已记录为匹配失败，校验结果强制为不通过

================================================================================
货品名称：【全球购正品】古驰花悦女士浓香水EDP50ml
关键词：GUCCI 香水 花悦100ML淡香
原价：329.0 | 现价：256.0
匹配规格：匹配失败 | 规格价格：
百亿补贴：是 | 日期：2024-07-01
校验通过：❌ False
================================================================================
--- 进入商品 2/3 ---
============================================================
搜索词 ：GUCCI 香水 花悦100ML淡香
商品名 ：GUCCI/古驰花悦绽放女士淡香水EDT100ml花香调持久留香送女生礼物
品牌    ：古驰 → 古驰 | ✅
容量规格：{'100'} → {'100'} | ✅
色号    ：set() → set()
浓度    ：淡香 → 淡香 | ✅
简装    ： →  | ✅
套装    ：不含 → 不含 | ✅
清洗后  ：花悦 → 花悦绽放女士水送女生礼物
品名匹配：词袋(100.0%) | ✅
结果    ：✅ PASS | 原因：所有检查通过
============================================================

================================================================================
货品名称：GUCCI/古驰花悦绽放女士淡香水EDT100ml花香调持久留香送女生礼物
关键词：GUCCI 香水 花悦100ML淡香
原价：420.0 | 现价：318.0
百亿补贴：是 | 日期：2024-08-01
校验通过：✅ True
================================================================================
--- 进入商品 3/3 ---
============================================================
搜索词 ：GUCCI 香水 花悦100ML淡香
商品名 ：【全球购正品】古驰花悦绽放女士EDT淡香水50ml
品牌    ：古驰 → 古驰 | ✅
容量规格：{'100'} → {'50'} | ❌
色号    ：set() → set()
浓度    ：淡香 → 淡香 | ✅
简装    ： →  | ✅
套装    ：不含 → 不含 | ✅
清洗后  ：花悦 → 花悦绽放女士水
品名匹配：词袋(100.0%) | ✅
结果    ：❌ FAIL | 原因：规格不匹配
============================================================
🔧 校验失败原因为规格不匹配，尝试进入规格面板匹配...

[DEBUG][get_sku_price_auto] 开始匹配，搜索词: 'GUCCI 香水 花悦100ML淡香'
[DEBUG][get_sku_identifiers] 提取标识: ['100ml']
[DEBUG][get_sku_price_auto] 当前已选规格不匹配，尝试点击规格...
[DEBUG][get_sku_price_auto] 所有标识尝试完毕，仍无价格
⚠️ 规格匹配未获取到有效价格，已记录为匹配失败，校验结果强制为不通过

================================================================================
货品名称：【全球购正品】古驰花悦绽放女士EDT淡香水50ml
关键词：GUCCI 香水 花悦100ML淡香
原价：339.0 | 现价：229.0
匹配规格：匹配失败 | 规格价格：
百亿补贴：是 | 日期：2025-02-26
校验通过：❌ False
================================================================================
✅ 优先级 4 中已有商品通过校验，停止降级
📁 采集记录已保存，总行数：114
📋 校验记录已保存，总记录数：70
✅ 序号 469 已标记为已采集

⏸ 等待 1 秒后继续...
⏳ 等待下一个商品：[██████████████████████████████] 100% (1/1s)

🔍 搜索：GUCCI 香水 花悦100ML浓香

===== 优先级 4，共 4 个商品 =====
--- 进入商品 1/4 ---
============================================================
搜索词 ：GUCCI 香水 花悦100ML浓香
商品名 ：GUCCI/古驰花悦绽放女士EDP浓香水花香调持久礼物30ml
品牌    ：古驰 → 古驰 | ✅
容量规格：{'100'} → {'30'} | ❌
色号    ：set() → set()
浓度    ：浓香 → 浓香 | ✅
简装    ： →  | ✅
套装    ：不含 → 不含 | ✅
清洗后  ：花悦 → 花悦绽放女士水礼物
品名匹配：词袋(100.0%) | ✅
结果    ：❌ FAIL | 原因：规格不匹配
============================================================
🔧 校验失败原因为规格不匹配，尝试进入规格面板匹配...

[DEBUG][get_sku_price_auto] 开始匹配，搜索词: 'GUCCI 香水 花悦100ML浓香'
[DEBUG][get_sku_identifiers] 提取标识: ['100ml']
[DEBUG][get_sku_price_auto] 当前已选规格不匹配，尝试点击规格...
[DEBUG][get_sku_price_auto] 所有标识尝试完毕，仍无价格
⚠️ 规格匹配未获取到有效价格，已记录为匹配失败，校验结果强制为不通过

================================================================================
货品名称：GUCCI/古驰花悦绽放女士EDP浓香水花香调持久礼物30ml
关键词：GUCCI 香水 花悦100ML浓香
原价：214.0 | 现价：214.0
匹配规格：匹配失败 | 规格价格：
百亿补贴：是 | 日期：2025-05-01
校验通过：❌ False
================================================================================
--- 进入商品 2/4 ---
============================================================
搜索词 ：GUCCI 香水 花悦100ML浓香
商品名 ：【全球购正品】古驰花悦女士浓香水EDP50ml
品牌    ：古驰 → 古驰 | ✅
容量规格：{'100'} → {'50'} | ❌
色号    ：set() → set()
浓度    ：浓香 → 浓香 | ✅
简装    ： →  | ✅
套装    ：不含 → 不含 | ✅
清洗后  ：花悦 → 花悦女士水
品名匹配：词袋(100.0%) | ✅
结果    ：❌ FAIL | 原因：规格不匹配
============================================================
🔧 校验失败原因为规格不匹配，尝试进入规格面板匹配...

[DEBUG][get_sku_price_auto] 开始匹配，搜索词: 'GUCCI 香水 花悦100ML浓香'
[DEBUG][get_sku_identifiers] 提取标识: ['100ml']
[DEBUG][get_sku_price_auto] 当前已选规格不匹配，尝试点击规格...
[DEBUG][get_sku_price_auto] 所有标识尝试完毕，仍无价格
⚠️ 规格匹配未获取到有效价格，已记录为匹配失败，校验结果强制为不通过

================================================================================
货品名称：【全球购正品】古驰花悦女士浓香水EDP50ml
关键词：GUCCI 香水 花悦100ML浓香
原价：329.0 | 现价：256.0
匹配规格：匹配失败 | 规格价格：
百亿补贴：是 | 日期：2024-07-01
校验通过：❌ False
================================================================================
--- 进入商品 3/4 ---
============================================================
搜索词 ：GUCCI 香水 花悦100ML浓香
商品名 ：GUCCI/古驰花悦绽放浓香水100ml正品节日礼物持久留香
品牌    ：古驰 → 古驰 | ✅
容量规格：{'100'} → {'100'} | ✅
色号    ：set() → set()
浓度    ：浓香 → 浓香 | ✅
简装    ： →  | ✅
套装    ：不含 → 不含 | ✅
清洗后  ：花悦 → 花悦绽放水节日礼物
品名匹配：词袋(100.0%) | ✅
结果    ：✅ PASS | 原因：所有检查通过
============================================================

================================================================================
货品名称：GUCCI/古驰花悦绽放浓香水100ml正品节日礼物持久留香
关键词：GUCCI 香水 花悦100ML浓香
原价：380.07 | 现价：380.07
百亿补贴：是 | 日期：2024-01-01
校验通过：✅ True
================================================================================
--- 进入商品 4/4 ---
============================================================
搜索词 ：GUCCI 香水 花悦100ML浓香
商品名 ：海外直邮 Gucci 古驰 花悦绽放浓香水100ml(简装)【5天内发货】
品牌    ：古驰 → 古驰 | ✅
容量规格：{'100'} → {'100'} | ✅
色号    ：set() → set()
浓度    ：浓香 → 浓香 | ✅
简装    ： → 简装 | ✅
套装    ：不含 → 不含 | ✅
清洗后  ：花悦 → 海外花悦绽放水
品名匹配：词袋(100.0%) | ✅
结果    ：✅ PASS | 原因：所有检查通过
============================================================

================================================================================
货品名称：海外直邮 Gucci 古驰 花悦绽放浓香水100ml(简装)【5天内发货】
关键词：GUCCI 香水 花悦100ML浓香
原价：353.0 | 现价：353.0
百亿补贴：是 | 日期：2025-12-01
校验通过：✅ True
================================================================================
✅ 优先级 4 中已有商品通过校验，停止降级
📁 采集记录已保存，总行数：121
📋 校验记录已保存，总记录数：74
✅ 序号 470 已标记为已采集

⏸ 等待 1 秒后继续...
⏳ 等待下一个商品：[██████████████████████████████] 100% (1/1s)

🔍 搜索：Hermes 尼罗河花园香水 100ml

===== 优先级 4，共 3 个商品 =====
--- 进入商品 1/3 ---
============================================================
搜索词 ：Hermes 尼罗河花园香水 100ml
商品名 ：【正品行货】Hermes/爱马仕 尼罗河花园 花果调女士淡香水EDT50ml
品牌    ：爱马仕 → 爱马仕 | ✅
容量规格：{'100'} → {'50'} | ❌
色号    ：set() → set()
浓度    ： → 淡香 | ✅
简装    ： →  | ✅
套装    ：不含 → 不含 | ✅
清洗后  ：尼罗河花园 → 尼罗河花园花果调女士水
品名匹配：词袋(100.0%) | ✅
结果    ：❌ FAIL | 原因：规格不匹配
============================================================
🔧 校验失败原因为规格不匹配，尝试进入规格面板匹配...

[DEBUG][get_sku_price_auto] 开始匹配，搜索词: 'Hermes 尼罗河花园香水 100ml'
[DEBUG][get_sku_identifiers] 提取标识: ['100ml']
[DEBUG][get_sku_price_auto] 当前已选规格不匹配，尝试点击规格...
[DEBUG][get_sku_price_auto] 所有标识尝试完毕，仍无价格
⚠️ 规格匹配未获取到有效价格，已记录为匹配失败，校验结果强制为不通过

================================================================================
货品名称：【正品行货】Hermes/爱马仕 尼罗河花园 花果调女士淡香水EDT50ml
关键词：Hermes 尼罗河花园香水 100ml
原价：263.0 | 现价：263.0
匹配规格：匹配失败 | 规格价格：
百亿补贴：是 | 日期：2025-07-07
校验通过：❌ False
================================================================================
--- 进入商品 2/3 ---
============================================================
搜索词 ：Hermes 尼罗河花园香水 100ml
商品名 ：HERMES爱马仕尼罗河花园淡香水100ml
品牌    ：爱马仕 → 爱马仕 | ✅
容量规格：{'100'} → {'100'} | ✅
色号    ：set() → set()
浓度    ： → 淡香 | ✅
简装    ： →  | ✅
套装    ：不含 → 不含 | ✅
清洗后  ：尼罗河花园 → 尼罗河花园水
品名匹配：词袋(100.0%) | ✅
结果    ：✅ PASS | 原因：所有检查通过
============================================================

================================================================================
货品名称：HERMES爱马仕尼罗河花园淡香水100ml
关键词：Hermes 尼罗河花园香水 100ml
原价：33.0 | 现价：363.0
百亿补贴：是 | 日期：2026-02-01
校验通过：✅ True
================================================================================
--- 进入商品 3/3 ---
============================================================
搜索词 ：Hermes 尼罗河花园香水 100ml
商品名 ：Hermes/爱马仕 尼罗河花园 花果调女士淡香水EDT50ml配礼盒礼袋
品牌    ：爱马仕 → 爱马仕 | ✅
容量规格：{'100'} → {'50'} | ❌
色号    ：set() → set()
浓度    ： → 淡香 | ✅
简装    ： →  | ✅
套装    ：不含 → 不含 | ✅
清洗后  ：尼罗河花园 → 尼罗河花园花果调女士水配礼盒礼袋
品名匹配：词袋(100.0%) | ✅
结果    ：❌ FAIL | 原因：规格不匹配
============================================================
🔧 校验失败原因为规格不匹配，尝试进入规格面板匹配...

[DEBUG][get_sku_price_auto] 开始匹配，搜索词: 'Hermes 尼罗河花园香水 100ml'
[DEBUG][get_sku_identifiers] 提取标识: ['100ml']
[DEBUG][get_sku_price_auto] 当前已选规格不匹配，尝试点击规格...
[DEBUG][get_sku_price_auto] 所有标识尝试完毕，仍无价格
⚠️ 规格匹配未获取到有效价格，已记录为匹配失败，校验结果强制为不通过

================================================================================
货品名称：Hermes/爱马仕 尼罗河花园 花果调女士淡香水EDT50ml配礼盒礼袋
关键词：Hermes 尼罗河花园香水 100ml
原价：None | 现价：None
匹配规格：匹配失败 | 规格价格：
百亿补贴：是 | 日期：2025-07-07
校验通过：❌ False
================================================================================
✅ 优先级 4 中已有商品通过校验，停止降级
📁 采集记录已保存，总行数：128
📋 校验记录已保存，总记录数：77
✅ 序号 473 已标记为已采集

⏸ 等待 1 秒后继续...
⏳ 等待下一个商品：[██████████████████████████████] 100% (1/1s)

🔍 搜索：Jo Malone 祖马龙 维E护手霜100ml

===== 优先级 2，共 3 个商品 =====
--- 进入商品 1/3 ---
============================================================
搜索词 ：Jo Malone 祖马龙 维E护手霜100ml
商品名 ：Jo Malone 祖玛珑维E护手霜100ml
品牌    ：祖玛珑 → 祖玛珑 | ✅
容量规格：{'100'} → {'100'} | ✅
色号    ：set() → set()
浓度    ： →  | ✅
简装    ： →  | ✅
套装    ：不含 → 不含 | ✅
清洗后  ：维e护手霜 → 维e护手霜
品名匹配：词袋(100.0%) | ✅
结果    ：✅ PASS | 原因：所有检查通过
============================================================

================================================================================
货品名称：Jo Malone 祖玛珑维E护手霜100ml
关键词：Jo Malone 祖马龙 维E护手霜100ml
原价：418.0 | 现价：418.0
百亿补贴：否 | 日期：2025-04-01
校验通过：✅ True
================================================================================
--- 进入商品 2/3 ---
============================================================
搜索词 ：Jo Malone 祖马龙 维E护手霜100ml
商品名 ：Jo Malone London祖玛珑维他命E滋润护手霜100ML/支
品牌    ：祖玛珑 → 祖玛珑 | ✅
容量规格：{'100'} → {'100'} | ✅
色号    ：set() → set()
浓度    ： →  | ✅
简装    ： →  | ✅
套装    ：不含 → 不含 | ✅
清洗后  ：维e护手霜 → london维他命e护手霜
品名匹配：词袋(66.7%) | ✅
结果    ：✅ PASS | 原因：所有检查通过
============================================================

================================================================================
货品名称：Jo Malone London祖玛珑维他命E滋润护手霜100ML/支
关键词：Jo Malone 祖马龙 维E护手霜100ml
原价：299.0 | 现价：299.0
百亿补贴：否 | 日期：2025-06-01
校验通过：✅ True
================================================================================
--- 进入商品 3/3 ---
============================================================
搜索词 ：Jo Malone 祖马龙 维E护手霜100ml
商品名 ：Jo Malone祖玛珑维他命E滋润护手霜100ML/支
品牌    ：祖玛珑 → 祖玛珑 | ✅
容量规格：{'100'} → {'100'} | ✅
色号    ：set() → set()
浓度    ： →  | ✅
简装    ： →  | ✅
套装    ：不含 → 不含 | ✅
清洗后  ：维e护手霜 → 维他命e护手霜
品名匹配：词袋(66.7%) | ✅
结果    ：✅ PASS | 原因：所有检查通过
============================================================

================================================================================
货品名称：Jo Malone祖玛珑维他命E滋润护手霜100ML/支
关键词：Jo Malone 祖马龙 维E护手霜100ml
原价：299.0 | 现价：299.0
百亿补贴：否 | 日期：2025-06-01
校验通过：✅ True
================================================================================
✅ 优先级 2 中已有商品通过校验，停止降级
📁 采集记录已保存，总行数：133
📋 校验记录已保存，总记录数：80
✅ 序号 474 已标记为已采集

⏸ 等待 1 秒后继续...
⏳ 等待下一个商品：[██████████████████████████████] 100% (1/1s)

🔍 搜索：Kiehls 科颜氏 亚马逊白泥面膜 2代125ml（25年新版）

===== 优先级 4，共 4 个商品 =====
--- 进入商品 1/4 ---
============================================================
搜索词 ：Kiehls 科颜氏 亚马逊白泥面膜 2代125ml（25年新版）
商品名 ：【正品行货】科颜氏全新第二代亚马逊白泥清洁面膜50ml*3控油清洁
品牌    ：科颜氏 → 科颜氏 | ✅
容量规格：{'125'} → {'50', '3'} | ❌
色号    ：set() → set()
浓度    ： →  | ✅
简装    ： →  | ✅
套装    ：不含 → 不含 | ✅
清洗后  ：亚马逊白泥面膜2代新 → 全新第二代亚马逊白泥清洁面膜清洁
品名匹配：词袋(62.5%) | ✅
结果    ：❌ FAIL | 原因：规格不匹配
============================================================
🔧 标题包含多规格 (容量:{'50', '3'}, 色号:set())，尝试进入规格面板匹配...

[DEBUG][get_sku_price_auto] 开始匹配，搜索词: 'Kiehls 科颜氏 亚马逊白泥面膜 2代125ml（25年新版）'
[DEBUG][get_sku_identifiers] 提取标识: ['125ml']
[DEBUG][get_sku_price_auto] 当前已选规格不匹配，尝试点击规格...
[DEBUG][get_sku_price_auto] 所有标识尝试完毕，仍无价格
⚠️ 规格匹配未获取到有效价格，已记录为匹配失败，校验结果强制为不通过

================================================================================
货品名称：【正品行货】科颜氏全新第二代亚马逊白泥清洁面膜50ml*3控油清洁
关键词：Kiehls 科颜氏 亚马逊白泥面膜 2代125ml（25年新版）
原价：104.6 | 现价：104.6
匹配规格：匹配失败 | 规格价格：
百亿补贴：是 | 日期：2026-01-02
校验通过：❌ False
================================================================================
--- 进入商品 2/4 ---
============================================================
搜索词 ：Kiehls 科颜氏 亚马逊白泥面膜 2代125ml（25年新版）
商品名 ：两罐 单品 KIEHL'S科颜氏第二代白泥清洁面膜125ml
品牌    ：科颜氏 → 科颜氏 | ✅
容量规格：{'125'} → {'125'} | ✅
色号    ：set() → set()
浓度    ： →  | ✅
简装    ： →  | ✅
套装    ：不含 → 不含 | ✅
清洗后  ：亚马逊白泥面膜2代新 → 两罐第二代白泥清洁面膜
品名匹配：LCS子序列(40.0%) | ✅
结果    ：✅ PASS | 原因：所有检查通过
============================================================

================================================================================
货品名称：两罐 单品 KIEHL'S科颜氏第二代白泥清洁面膜125ml
关键词：Kiehls 科颜氏 亚马逊白泥面膜 2代125ml（25年新版）
原价：216.0 | 现价：216.0
百亿补贴：是 | 日期：2025-02-01
校验通过：✅ True
================================================================================
--- 进入商品 3/4 ---
============================================================
搜索词 ：Kiehls 科颜氏 亚马逊白泥面膜 2代125ml（25年新版）
商品名 ：KIEHL'S科颜氏第二代白泥清洁面膜125ml
品牌    ：科颜氏 → 科颜氏 | ✅
容量规格：{'125'} → {'125'} | ✅
色号    ：set() → set()
浓度    ： →  | ✅
简装    ： →  | ✅
套装    ：不含 → 不含 | ✅
清洗后  ：亚马逊白泥面膜2代新 → 第二代白泥清洁面膜
品名匹配：LCS子序列(40.0%) | ✅
结果    ：✅ PASS | 原因：所有检查通过
============================================================

================================================================================
货品名称：KIEHL'S科颜氏第二代白泥清洁面膜125ml
关键词：Kiehls 科颜氏 亚马逊白泥面膜 2代125ml（25年新版）
原价：None | 现价：None
百亿补贴：是 | 日期：2025-02-01
校验通过：✅ True
================================================================================
--- 进入商品 4/4 ---
============================================================
搜索词 ：Kiehls 科颜氏 亚马逊白泥面膜 2代125ml（25年新版）
商品名 ：【国柜正品】二代科颜氏白泥面膜125ml清洁泥膜亚马逊控油毛孔涂
品牌    ：科颜氏 → 科颜氏 | ✅
容量规格：{'125'} → {'125'} | ✅
色号    ：set() → set()
浓度    ： →  | ✅
简装    ： →  | ✅
套装    ：不含 → 不含 | ✅
清洗后  ：亚马逊白泥面膜2代新 → 二代白泥面膜清洁泥膜亚马逊毛孔涂
品名匹配：词袋(62.5%) | ✅
结果    ：✅ PASS | 原因：所有检查通过
============================================================

================================================================================
货品名称：【国柜正品】二代科颜氏白泥面膜125ml清洁泥膜亚马逊控油毛孔涂
关键词：Kiehls 科颜氏 亚马逊白泥面膜 2代125ml（25年新版）
原价：None | 现价：None
百亿补贴：是 | 日期：2025-02-01
校验通过：✅ True
================================================================================
✅ 优先级 4 中已有商品通过校验，停止降级
📁 采集记录已保存，总行数：140
📋 校验记录已保存，总记录数：84
✅ 序号 475 已标记为已采集

⏸ 等待 1 秒后继续...
⏳ 等待下一个商品：[██████████████████████████████] 100% (1/1s)

🔍 搜索：LANCÔME 兰蔻 菁纯滋润颜面霜 60ml

===== 优先级 4，共 2 个商品 =====
--- 进入商品 1/2 ---
============================================================
搜索词 ：LANCÔME 兰蔻 菁纯滋润颜面霜 60ml
商品名 ：【正品行货】兰蔻菁纯奢护霜60ml兰蔻全新菁纯臻颜奢护霜滋润
品牌    ：兰蔻 → 兰蔻 | ✅
容量规格：{'60'} → {'60'} | ✅
色号    ：set() → set()
浓度    ： →  | ✅
简装    ： →  | ✅
套装    ：不含 → 不含 | ✅
清洗后  ：菁纯颜面霜 → 菁纯奢护霜全新菁纯臻颜奢护霜
品名匹配：LCS子序列(80.0%) | ✅
结果    ：✅ PASS | 原因：所有检查通过
============================================================

================================================================================
货品名称：【正品行货】兰蔻菁纯奢护霜60ml兰蔻全新菁纯臻颜奢护霜滋润
关键词：LANCÔME 兰蔻 菁纯滋润颜面霜 60ml
原价：1459.0 | 现价：1140.0
百亿补贴：是 | 日期：2025-09-01
校验通过：✅ True
================================================================================
--- 进入商品 2/2 ---
============================================================
搜索词 ：LANCÔME 兰蔻 菁纯滋润颜面霜 60ml
商品名 ：【兰蔻】菁纯面霜滋润版60ml保湿滋润修护抗皱
品牌    ：兰蔻 → 兰蔻 | ✅
容量规格：{'60'} → {'60'} | ✅
色号    ：set() → set()
浓度    ： →  | ✅
简装    ： →  | ✅
套装    ：不含 → 不含 | ✅
清洗后  ：菁纯颜面霜 → 菁纯面霜抗皱
品名匹配：词袋(50.0%) | ✅
结果    ：✅ PASS | 原因：所有检查通过
============================================================

================================================================================
货品名称：【兰蔻】菁纯面霜滋润版60ml保湿滋润修护抗皱
关键词：LANCÔME 兰蔻 菁纯滋润颜面霜 60ml
原价：1899.0 | 现价：1260.0
百亿补贴：是 | 日期：2025-07-01
校验通过：✅ True
================================================================================
⚠️ 检测到优惠券弹窗，再次返回
✅ 优先级 4 中已有商品通过校验，停止降级
📁 采集记录已保存，总行数：144
📋 校验记录已保存，总记录数：86
✅ 序号 477 已标记为已采集

⏸ 等待 1 秒后继续...
⏳ 等待下一个商品：[██████████████████████████████] 100% (1/1s)

🔍 搜索：Loccitane欧舒丹 玫瑰护手霜30ml新版

===== 优先级 4，共 1 个商品 =====
--- 进入商品 1/1 ---
============================================================
搜索词 ：Loccitane欧舒丹 玫瑰护手霜30ml新版
商品名 ：【正品行货】欧舒丹瑰香之心香氛护手霜75ml
品牌    ：欧舒丹 → 欧舒丹 | ✅
容量规格：{'30'} → {'75'} | ❌
色号    ：set() → set()
浓度    ： →  | ✅
简装    ： →  | ✅
套装    ：不含 → 不含 | ✅
清洗后  ：护手霜新 → 瑰香之心护手霜
品名匹配：词袋(66.7%) | ✅
结果    ：❌ FAIL | 原因：规格不匹配
============================================================
🔧 校验失败原因为规格不匹配，尝试进入规格面板匹配...

[DEBUG][get_sku_price_auto] 开始匹配，搜索词: 'Loccitane欧舒丹 玫瑰护手霜30ml新版'
[DEBUG][get_sku_identifiers] 提取标识: ['30ml']
[DEBUG][get_sku_price_auto] 当前已选规格不匹配，尝试点击规格...
[DEBUG][get_sku_price_auto] 所有标识尝试完毕，仍无价格
⚠️ 规格匹配未获取到有效价格，已记录为匹配失败，校验结果强制为不通过

================================================================================
货品名称：【正品行货】欧舒丹瑰香之心香氛护手霜75ml
关键词：Loccitane欧舒丹 玫瑰护手霜30ml新版
原价：117.0 | 现价：117.0
匹配规格：匹配失败 | 规格价格：
百亿补贴：是 | 日期：2025-06-01
校验通过：❌ False
================================================================================
⚠️ 优先级 4 全部未通过，尝试下一优先级

===== 优先级 2，共 3 个商品 =====
--- 进入商品 1/3 ---
============================================================
搜索词 ：Loccitane欧舒丹 玫瑰护手霜30ml新版
商品名 ：【教师节礼物】欧舒丹乳木果护手霜滋润保湿补水送老师伴手礼礼物
品牌    ：欧舒丹 → 欧舒丹 | ✅
容量规格：{'30'} → set() | ❌
色号    ：set() → set()
浓度    ： →  | ✅
简装    ： →  | ✅
套装    ：不含 → 不含 | ✅
清洗后  ：护手霜新 → 乳木果护手霜补水送老师伴手礼礼物
品名匹配：词袋(66.7%) | ✅
结果    ：❌ FAIL | 原因：规格不匹配
============================================================
🔧 校验失败原因为规格不匹配，尝试进入规格面板匹配...

[DEBUG][get_sku_price_auto] 开始匹配，搜索词: 'Loccitane欧舒丹 玫瑰护手霜30ml新版'
[DEBUG][get_sku_identifiers] 提取标识: ['30ml']
[DEBUG][get_sku_price_auto] 当前已选规格匹配，价格: 68
✅ 规格匹配成功，且品名已匹配，校验通过

================================================================================
货品名称：【教师节礼物】欧舒丹乳木果护手霜滋润保湿补水送老师伴手礼礼物
关键词：Loccitane欧舒丹 玫瑰护手霜30ml新版
原价：65.0 | 现价：68
匹配规格：已选择： 【乳木果】30ml | 规格价格：68
百亿补贴：否 | 日期：
校验通过：✅ True
================================================================================
--- 进入商品 2/3 ---
============================================================
搜索词 ：Loccitane欧舒丹 玫瑰护手霜30ml新版
商品名 ：【七夕礼物】欧舒丹护手霜伴手礼滋润保湿补水便携装乳木果情人节
品牌    ：欧舒丹 → 欧舒丹 | ✅
容量规格：{'30'} → set() | ❌
色号    ：set() → set()
浓度    ： →  | ✅
简装    ： →  | ✅
套装    ：不含 → 不含 | ✅
清洗后  ：护手霜新 → 护手霜伴手礼补水便携装乳木果情人节
品名匹配：词袋(66.7%) | ✅
结果    ：❌ FAIL | 原因：规格不匹配
============================================================
🔧 校验失败原因为规格不匹配，尝试进入规格面板匹配...

[DEBUG][get_sku_price_auto] 开始匹配，搜索词: 'Loccitane欧舒丹 玫瑰护手霜30ml新版'
[DEBUG][get_sku_identifiers] 提取标识: ['30ml']
[DEBUG][get_sku_price_auto] 当前已选规格匹配，价格: 70
✅ 规格匹配成功，且品名已匹配，校验通过

================================================================================
货品名称：【七夕礼物】欧舒丹护手霜伴手礼滋润保湿补水便携装乳木果情人节
关键词：Loccitane欧舒丹 玫瑰护手霜30ml新版
原价：65.0 | 现价：70
匹配规格：已选择： 【乳木果】30ml | 规格价格：70
百亿补贴：否 | 日期：
校验通过：✅ True
================================================================================
--- 进入商品 3/3 ---
============================================================
搜索词 ：Loccitane欧舒丹 玫瑰护手霜30ml新版
商品名 ：【正品行货】欧舒丹护手霜保湿滋润霜留香玫瑰之心30ml*3支
品牌    ：欧舒丹 → 欧舒丹 | ✅
容量规格：{'30'} → {'3', '30'} | ✅
色号    ：set() → set()
浓度    ： →  | ✅
简装    ： →  | ✅
套装    ：不含 → 不含 | ✅
清洗后  ：护手霜新 → 护手霜霜之心
品名匹配：词袋(66.7%) | ✅
结果    ：✅ PASS | 原因：所有检查通过
============================================================
🔧 标题包含多规格 (容量:{'3', '30'}, 色号:set())，尝试进入规格面板匹配...

[DEBUG][get_sku_price_auto] 开始匹配，搜索词: 'Loccitane欧舒丹 玫瑰护手霜30ml新版'
[DEBUG][get_sku_identifiers] 提取标识: ['30ml']
[DEBUG][get_sku_price_auto] 当前已选规格匹配，价格: 181
✅ 规格匹配成功，且品名已匹配，校验通过

================================================================================
货品名称：【正品行货】欧舒丹护手霜保湿滋润霜留香玫瑰之心30ml*3支
关键词：Loccitane欧舒丹 玫瑰护手霜30ml新版
原价：181.0 | 现价：181
匹配规格：已选择： 玫瑰之心润手霜30ml*3支 | 规格价格：181
百亿补贴：否 | 日期：2025-11-01
校验通过：✅ True
================================================================================
✅ 优先级 2 中已有商品通过校验，停止降级
📁 采集记录已保存，总行数：150
📋 校验记录已保存，总记录数：90
✅ 序号 478 已标记为已采集

⏸ 等待 1 秒后继续...
⏳ 等待下一个商品：[██████████████████████████████] 100% (1/1s)

🔍 搜索：Loccitane欧舒丹 樱花护手霜30ml新版

===== 优先级 4，共 1 个商品 =====
--- 进入商品 1/1 ---
============================================================
搜索词 ：Loccitane欧舒丹 樱花护手霜30ml新版
商品名 ：欧舒丹甜蜜樱花护手霜30ML修护保湿补水滋润细腻手膜【9月15日发完】
品牌    ：欧舒丹 → 欧舒丹 | ✅
容量规格：{'30'} → {'30'} | ✅
色号    ：set() → set()
浓度    ： →  | ✅
简装    ： →  | ✅
套装    ：不含 → 不含 | ✅
清洗后  ：樱花护手霜新 → 甜蜜樱花护手霜补水细腻手膜
品名匹配：词袋(80.0%) | ✅
结果    ：✅ PASS | 原因：所有检查通过
============================================================

================================================================================
货品名称：欧舒丹甜蜜樱花护手霜30ML修护保湿补水滋润细腻手膜【9月15日发完】
关键词：Loccitane欧舒丹 樱花护手霜30ml新版
原价：45.0 | 现价：45.0
百亿补贴：是 | 日期：2024-10-01
校验通过：✅ True
================================================================================
✅ 优先级 4 中已有商品通过校验，停止降级
📁 采集记录已保存，总行数：155
📋 校验记录已保存，总记录数：91
✅ 序号 479 已标记为已采集

⏸ 等待 1 秒后继续...
⏳ 等待下一个商品：[██████████████████████████████] 100% (1/1s)

🔍 搜索：MAC 魅可 大子弹头683 CAFE MOCHA

===== 优先级 4，共 3 个商品 =====
--- 进入商品 1/3 ---
============================================================
搜索词 ：MAC 魅可 大子弹头683 CAFE MOCHA
商品名 ：MAC/魅可子弹头口红602#683大牌正品哑光显白唇膏3.5g
品牌    ：魅可 → 魅可 | ✅
容量规格：set() → {'3.5'} | ✅
色号    ：{'683'} → {'683', '602'}
浓度    ： →  | ✅
简装    ： →  | ✅
套装    ：不含 → 不含 | ✅
清洗后  ：大子弹头cafemocha → 子弹头口红大牌哑光显白唇膏
品名匹配：词袋(75.0%) | ✅
结果    ：✅ PASS | 原因：所有检查通过
============================================================
🔧 标题包含多规格 (容量:{'3.5'}, 色号:{'683', '602'})，尝试进入规格面板匹配...

[DEBUG][get_sku_price_auto] 开始匹配，搜索词: 'MAC 魅可 大子弹头683 CAFE MOCHA'
[DEBUG][get_sku_identifiers] 提取标识: ['683', 'cafe mocha', 'cafe', 'mocha']
[DEBUG][get_sku_price_auto] 当前已选规格不匹配，尝试点击规格...
[DEBUG][_click_sku_by_identifier] 尝试点击标识: 'cafe mocha'
[DEBUG][_click_sku_by_identifier] 尝试点击标识: 'cafe'
[DEBUG][_click_sku_by_identifier] 尝试点击标识: 'mocha'
[DEBUG][_click_sku_by_identifier] 尝试点击标识: '683'
[DEBUG][get_sku_price_auto] 所有标识尝试完毕，仍无价格
⚠️ 规格匹配未获取到有效价格，已记录为匹配失败，校验结果强制为不通过

================================================================================
货品名称：MAC/魅可子弹头口红602#683大牌正品哑光显白唇膏3.5g
关键词：MAC 魅可 大子弹头683 CAFE MOCHA
原价：129.0 | 现价：91.5
匹配规格：匹配失败 | 规格价格：
百亿补贴：是 | 日期：2025-10-01
校验通过：❌ False
================================================================================
--- 进入商品 2/3 ---
============================================================
搜索词 ：MAC 魅可 大子弹头683 CAFE MOCHA
商品名 ：【MAC】魅可大子弹头系列口红唇膏显色显白#683#646#669#666#691
品牌    ：魅可 → 魅可 | ✅
容量规格：set() → set() | ✅
色号    ：{'683'} → {'669', '646', '683', '691', '666'}
浓度    ： →  | ✅
简装    ： →  | ✅
套装    ：不含 → 不含 | ✅
清洗后  ：大子弹头cafemocha → 大子弹头系列口红唇膏显色显白
品名匹配：词袋(100.0%) | ✅
结果    ：✅ PASS | 原因：所有检查通过
============================================================
🔧 标题包含多规格 (容量:set(), 色号:{'669', '646', '683', '691', '666'})，尝试进入规格面板匹配...

[DEBUG][get_sku_price_auto] 开始匹配，搜索词: 'MAC 魅可 大子弹头683 CAFE MOCHA'
[DEBUG][get_sku_identifiers] 提取标识: ['683', 'cafe mocha', 'cafe', 'mocha']
[DEBUG][get_sku_price_auto] 当前已选规格匹配，价格: 91
✅ 规格匹配成功，且品名已匹配，校验通过

================================================================================
货品名称：【MAC】魅可大子弹头系列口红唇膏显色显白#683#646#669#666#691
关键词：MAC 魅可 大子弹头683 CAFE MOCHA
原价：87.0 | 现价：91
匹配规格：已选择： #683 大玩咖 3.5g | 规格价格：91
百亿补贴：是 | 日期：2024-12-31
校验通过：✅ True
================================================================================
--- 进入商品 3/3 ---
============================================================
搜索词 ：MAC 魅可 大子弹头683 CAFE MOCHA
商品名 ：【正品行货】MAC/魅可大子弹头口红666哑光柔雾大宠粉683大玩咖
品牌    ：魅可 → 魅可 | ✅
容量规格：set() → set() | ✅
色号    ：{'683'} → {'683', '666'}
浓度    ： →  | ✅
简装    ： →  | ✅
套装    ：不含 → 不含 | ✅
清洗后  ：大子弹头cafemocha → 大子弹头口红哑光大玩咖
品名匹配：词袋(100.0%) | ✅
结果    ：✅ PASS | 原因：所有检查通过
============================================================
🔧 标题包含多规格 (容量:set(), 色号:{'683', '666'})，尝试进入规格面板匹配...

[DEBUG][get_sku_price_auto] 开始匹配，搜索词: 'MAC 魅可 大子弹头683 CAFE MOCHA'
[DEBUG][get_sku_identifiers] 提取标识: ['683', 'cafe mocha', 'cafe', 'mocha']
[DEBUG][get_sku_price_auto] 当前已选规格匹配，价格: 101
✅ 规格匹配成功，且品名已匹配，校验通过

================================================================================
货品名称：【正品行货】MAC/魅可大子弹头口红666哑光柔雾大宠粉683大玩咖
关键词：MAC 魅可 大子弹头683 CAFE MOCHA
原价：101.0 | 现价：101
匹配规格：已选择： 大玩咖【683】 | 规格价格：101
百亿补贴：是 | 日期：2025-05-01
校验通过：✅ True
================================================================================
✅ 优先级 4 中已有商品通过校验，停止降级
📁 采集记录已保存，总行数：159
📋 校验记录已保存，总记录数：94
✅ 序号 480 已标记为已采集

⏸ 等待 1 秒后继续...
⏳ 等待下一个商品：[██████████████████████████████] 100% (1/1s)

🔍 搜索：MAC 魅可 聚光瓶粉底液#N11 30ml

===== 优先级 4，共 1 个商品 =====
--- 进入商品 1/1 ---
============================================================
搜索词 ：MAC 魅可 聚光瓶粉底液#N11 30ml
商品名 ：MAC/魅可聚光瓶粉底液30ml遮瑕控油抗氧化自然裸妆
品牌    ：魅可 → 魅可 | ✅
容量规格：{'30'} → {'30'} | ❌
色号    ：{'n11', '11'} → set()
浓度    ： →  | ✅
简装    ： →  | ✅
套装    ：不含 → 不含 | ✅
清洗后  ：聚光瓶粉底液 → 聚光瓶粉底液抗氧化裸妆
品名匹配：词袋(100.0%) | ✅
结果    ：❌ FAIL | 原因：规格不匹配
============================================================
🔧 校验失败原因为规格不匹配，尝试进入规格面板匹配...

[DEBUG][get_sku_price_auto] 开始匹配，搜索词: 'MAC 魅可 聚光瓶粉底液#N11 30ml'
[DEBUG][get_sku_identifiers] 提取标识: ['n11', '11', '30ml']
[DEBUG][get_sku_price_auto] 当前已选规格匹配，价格: 147
✅ 规格匹配成功，且品名已匹配，校验通过

================================================================================
货品名称：MAC/魅可聚光瓶粉底液30ml遮瑕控油抗氧化自然裸妆
关键词：MAC 魅可 聚光瓶粉底液#N11 30ml
原价：147.0 | 现价：147
匹配规格：已选择： #N12 30mL | 规格价格：147
百亿补贴：是 | 日期：2025-02-28
校验通过：✅ True
================================================================================
✅ 优先级 4 中已有商品通过校验，停止降级
📁 采集记录已保存，总行数：163
📋 校验记录已保存，总记录数：95
✅ 序号 481 已标记为已采集

⏸ 等待 1 秒后继续...
⏳ 等待下一个商品：[██████████████████████████████] 100% (1/1s)

🔍 搜索：MAC 魅可 绝绝紫散粉#LAVENDER

===== 优先级 4，共 2 个商品 =====
--- 进入商品 1/2 ---
============================================================
搜索词 ：MAC 魅可 绝绝紫散粉#LAVENDER
商品名 ：【MAC】魅可绝绝紫磨皮散粉 紫色无暇定妆控油蜜粉提亮 元气粉
品牌    ：魅可 → 魅可 | ✅
容量规格：set() → set() | ❌
色号    ：{'lavender'} → set()
浓度    ： →  | ✅
简装    ： →  | ✅
套装    ：不含 → 不含 | ✅
清洗后  ：绝绝紫散粉 → 绝绝紫散粉紫色无暇定妆蜜粉提亮元气粉
品名匹配：词袋(100.0%) | ✅
结果    ：❌ FAIL | 原因：规格不匹配
============================================================
🔧 校验失败原因为规格不匹配，尝试进入规格面板匹配...

[DEBUG][get_sku_price_auto] 开始匹配，搜索词: 'MAC 魅可 绝绝紫散粉#LAVENDER'
[DEBUG][get_sku_identifiers] 提取标识: ['lavender']
[DEBUG][get_sku_price_auto] 当前已选规格不匹配，尝试点击规格...
[DEBUG][_click_sku_by_identifier] 尝试点击标识: 'lavender'
[DEBUG][get_sku_price_auto] 所有标识尝试完毕，仍无价格
⚠️ 规格匹配未获取到有效价格，已记录为匹配失败，校验结果强制为不通过

================================================================================
货品名称：【MAC】魅可绝绝紫磨皮散粉 紫色无暇定妆控油蜜粉提亮 元气粉
关键词：MAC 魅可 绝绝紫散粉#LAVENDER
原价：133.0 | 现价：133.0
匹配规格：匹配失败 | 规格价格：
百亿补贴：是 | 日期：2025-01-01
校验通过：❌ False
================================================================================
--- 进入商品 2/2 ---
============================================================
搜索词 ：MAC 魅可 绝绝紫散粉#LAVENDER
商品名 ：【MAC】 魅可 粉粉嫩散粉ROSY PINK# 绝绝紫散粉LAVENDER
品牌    ：魅可 → 魅可 | ✅
容量规格：set() → set() | ✅
色号    ：{'lavender'} → {'pink'}
浓度    ： →  | ✅
简装    ： →  | ✅
套装    ：不含 → 不含 | ✅
清洗后  ：绝绝紫散粉 → 粉粉嫩散粉rosy绝绝紫散粉lavender
品名匹配：词袋(100.0%) | ✅
结果    ：✅ PASS | 原因：所有检查通过
============================================================

================================================================================
货品名称：【MAC】 魅可 粉粉嫩散粉ROSY PINK# 绝绝紫散粉LAVENDER
关键词：MAC 魅可 绝绝紫散粉#LAVENDER
原价：None | 现价：None
百亿补贴：是 | 日期：2024-12-01
校验通过：✅ True
================================================================================
✅ 优先级 4 中已有商品通过校验，停止降级
📁 采集记录已保存，总行数：166
📋 校验记录已保存，总记录数：97
✅ 序号 482 已标记为已采集

⏸ 等待 1 秒后继续...
⏳ 等待下一个商品：[██████████████████████████████] 100% (1/1s)

🔍 搜索：MAC 魅可 六色遮瑕膏Light 6g（NC15+W10+NC20+NW20+YELLOW+PINK)

===== 优先级 4，共 1 个商品 =====
--- 进入商品 1/1 ---
============================================================
搜索词 ：MAC 魅可 六色遮瑕膏Light 6g（NC15+W10+NC20+NW20+YELLOW+PINK)
商品名 ：【MAC】 魅可 六色遮瑕膏Light6g(NC15+W10+NC20+NW20+YELLOW+PINK)
品牌    ：魅可 → 魅可 | ✅
容量规格：{'6'} → {'6'} | ✅
色号    ：{'nw20', 'nc20', 'w10', 'nc15'} → {'nw20', 'nc20', 'w10', 'nc15'}
浓度    ： →  | ✅
简装    ： →  | ✅
套装    ：不含 → 不含 | ✅
清洗后  ：六色膏lightncncnwyellowpink → 六色膏light
品名匹配：词袋(100.0%) | ✅
结果    ：✅ PASS | 原因：所有检查通过
============================================================
🔧 标题包含多规格 (容量:{'6'}, 色号:{'nw20', 'nc20', 'w10', 'nc15'})，尝试进入规格面板匹配...

[DEBUG][get_sku_price_auto] 开始匹配，搜索词: 'MAC 魅可 六色遮瑕膏Light 6g（NC15+W10+NC20+NW20+YELLOW+PINK)'
[DEBUG][get_sku_identifiers] 提取标识: ['nc15', 'w10', 'nc20', 'nw20', 'light nc nc nw yellow pink', 'light', 'yellow', 'pink', '6g']
[DEBUG][get_sku_price_auto] 当前已选规格匹配，价格: 169
✅ 规格匹配成功，且品名已匹配，校验通过

================================================================================
货品名称：【MAC】 魅可 六色遮瑕膏Light6g(NC15+W10+NC20+NW20+YELLOW+PINK)
关键词：MAC 魅可 六色遮瑕膏Light 6g（NC15+W10+NC20+NW20+YELLOW+PINK)
原价：169.0 | 现价：169
匹配规格：已选择： Light6g | 规格价格：169
百亿补贴：是 | 日期：2025-12-01
校验通过：✅ True
================================================================================
✅ 优先级 4 中已有商品通过校验，停止降级
📁 采集记录已保存，总行数：168
📋 校验记录已保存，总记录数：98
✅ 序号 483 已标记为已采集

⏸ 等待 1 秒后继续...
⏳ 等待下一个商品：[██████████████████████████████] 100% (1/1s)

🔍 搜索：MAC魅可 丝柔哑光唇膏 大子弹口红#602 3.5ml

===== 优先级 4，共 2 个商品 =====
--- 进入商品 1/2 ---
============================================================
搜索词 ：MAC魅可 丝柔哑光唇膏 大子弹口红#602 3.5ml
商品名 ：MAC/魅可子弹头口红602#683大牌正品哑光显白唇膏3.5g
品牌    ：魅可 → 魅可 | ✅
容量规格：{'3.5'} → {'3.5'} | ✅
色号    ：{'602'} → {'683', '602'}
浓度    ： →  | ✅
简装    ： →  | ✅
套装    ：不含 → 不含 | ✅
清洗后  ：哑光唇膏大子弹口红 → 子弹头口红大牌哑光显白唇膏
品名匹配：词袋(50.0%) | ✅
结果    ：✅ PASS | 原因：所有检查通过
============================================================
🔧 标题包含多规格 (容量:{'3.5'}, 色号:{'683', '602'})，尝试进入规格面板匹配...

[DEBUG][get_sku_price_auto] 开始匹配，搜索词: 'MAC魅可 丝柔哑光唇膏 大子弹口红#602 3.5ml'
[DEBUG][get_sku_identifiers] 提取标识: ['602', '3.5ml']
[DEBUG][get_sku_price_auto] 当前已选规格匹配，价格: 91.5
✅ 规格匹配成功，且品名已匹配，校验通过

================================================================================
货品名称：MAC/魅可子弹头口红602#683大牌正品哑光显白唇膏3.5g
关键词：MAC魅可 丝柔哑光唇膏 大子弹口红#602 3.5ml
原价：129.0 | 现价：91.5
匹配规格：已选择： 3.5g #602 大辣椒 | 规格价格：91.5
百亿补贴：是 | 日期：2025-10-01
校验通过：✅ True
================================================================================
--- 进入商品 2/2 ---
============================================================
搜索词 ：MAC魅可 丝柔哑光唇膏 大子弹口红#602 3.5ml
商品名 ：【正品行货】MAC/魅可新经典大子弹头口红602#646 大辣椒 3.5g
品牌    ：魅可 → 魅可 | ✅
容量规格：{'3.5'} → {'3.5'} | ✅
色号    ：{'602'} → {'602', '646'}
浓度    ： →  | ✅
简装    ： →  | ✅
套装    ：不含 → 不含 | ✅
清洗后  ：哑光唇膏大子弹口红 → 新经典大子弹头口红
品名匹配：词袋(50.0%) | ✅
结果    ：✅ PASS | 原因：所有检查通过
============================================================
🔧 标题包含多规格 (容量:{'3.5'}, 色号:{'602', '646'})，尝试进入规格面板匹配...

[DEBUG][get_sku_price_auto] 开始匹配，搜索词: 'MAC魅可 丝柔哑光唇膏 大子弹口红#602 3.5ml'
[DEBUG][get_sku_identifiers] 提取标识: ['602', '3.5ml']
[DEBUG][get_sku_price_auto] 当前已选规格匹配，价格: 87
✅ 规格匹配成功，且品名已匹配，校验通过

================================================================================
货品名称：【正品行货】MAC/魅可新经典大子弹头口红602#646 大辣椒 3.5g
关键词：MAC魅可 丝柔哑光唇膏 大子弹口红#602 3.5ml
原价：87.0 | 现价：87
匹配规格：已选择： 【大子弹头】602大辣椒 | 规格价格：87
百亿补贴：是 | 日期：2025-01-01
校验通过：✅ True
================================================================================
✅ 优先级 4 中已有商品通过校验，停止降级
📁 采集记录已保存，总行数：171
📋 校验记录已保存，总记录数：100
✅ 序号 484 已标记为已采集

⏸ 等待 1 秒后继续...
⏳ 等待下一个商品：[██████████████████████████████] 100% (1/1s)

🔍 搜索：Nars 纳斯 金管唇蜜#Aragon 阿拉贡（26年新版）

===== 优先级 2，共 2 个商品 =====
--- 进入商品 1/2 ---
============================================================
搜索词 ：Nars 纳斯 金管唇蜜#Aragon 阿拉贡（26年新版）
商品名 ：Nars/娜斯纳斯唇釉阿拉贡口红Aragon girl粉金管镜面水光唇蜜正品
品牌    ：纳斯 → 纳斯 | ✅
容量规格：set() → set() | ✅
色号    ：{'aragon'} → set()
浓度    ： →  | ✅
简装    ： →  | ✅
套装    ：不含 → 不含 | ✅
清洗后  ：金管唇蜜阿拉贡新 → 唇釉阿拉贡口红aragongirl管镜面唇蜜
品名匹配：词袋(50.0%) | ✅
结果    ：✅ PASS | 原因：所有检查通过
============================================================

================================================================================
货品名称：Nars/娜斯纳斯唇釉阿拉贡口红Aragon girl粉金管镜面水光唇蜜正品
关键词：Nars 纳斯 金管唇蜜#Aragon 阿拉贡（26年新版）
原价：157.98 | 现价：157.98
百亿补贴：否 | 日期：
校验通过：✅ True
================================================================================
--- 进入商品 2/2 ---
============================================================
搜索词 ：Nars 纳斯 金管唇蜜#Aragon 阿拉贡（26年新版）
商品名 ：【专柜礼盒】娜斯唇釉阿拉贡纳斯口红粉金管镜面水光唇蜜正品行货
品牌    ：纳斯 → 纳斯 | ✅
容量规格：set() → set() | ❌
色号    ：{'aragon'} → set()
浓度    ： →  | ✅
简装    ： →  | ✅
套装    ：不含 → 不含 | ✅
清洗后  ：金管唇蜜阿拉贡新 → 唇釉阿拉贡口红管镜面唇蜜行货
品名匹配：词袋(50.0%) | ✅
结果    ：❌ FAIL | 原因：规格不匹配
============================================================
🔧 校验失败原因为规格不匹配，尝试进入规格面板匹配...

[DEBUG][get_sku_price_auto] 开始匹配，搜索词: 'Nars 纳斯 金管唇蜜#Aragon 阿拉贡（26年新版）'
[DEBUG][get_sku_identifiers] 提取标识: ['aragon']
[DEBUG][get_sku_price_auto] 当前已选规格不匹配，尝试点击规格...
[DEBUG][_click_sku_by_identifier] 尝试点击标识: 'aragon'
[DEBUG][get_sku_price_auto] 所有标识尝试完毕，仍无价格
⚠️ 规格匹配未获取到有效价格，已记录为匹配失败，校验结果强制为不通过

================================================================================
货品名称：【专柜礼盒】娜斯唇釉阿拉贡纳斯口红粉金管镜面水光唇蜜正品行货
关键词：Nars 纳斯 金管唇蜜#Aragon 阿拉贡（26年新版）
原价：163.0 | 现价：163.0
匹配规格：匹配失败 | 规格价格：
百亿补贴：否 | 日期：2025-02-02
校验通过：❌ False
================================================================================
✅ 优先级 2 中已有商品通过校验，停止降级
📁 采集记录已保存，总行数：175
📋 校验记录已保存，总记录数：102
✅ 序号 485 已标记为已采集

⏸ 等待 1 秒后继续...
⏳ 等待下一个商品：[██████████████████████████████] 100% (1/1s)

🔍 搜索：NARS超方瓶粉底液L1.5

===== 优先级 4，共 3 个商品 =====
--- 进入商品 1/3 ---
============================================================
搜索词 ：NARS超方瓶粉底液L1.5
商品名 ：【正品行货】NARS娜斯超方瓶流光美肌粉底液30ml持妆遮瑕
品牌    ：纳斯 → 纳斯 | ✅
容量规格：set() → {'30'} | ❌
色号    ：{'l1'} → set()
浓度    ： →  | ✅
简装    ： →  | ✅
套装    ：不含 → 不含 | ✅
清洗后  ：超方瓶粉底液l15 → 超方瓶流光美肌粉底液持妆
品名匹配：词袋(80.0%) | ✅
结果    ：❌ FAIL | 原因：规格不匹配
============================================================
🔧 校验失败原因为规格不匹配，尝试进入规格面板匹配...

[DEBUG][get_sku_price_auto] 开始匹配，搜索词: 'NARS超方瓶粉底液L1.5'
[DEBUG][get_sku_identifiers] 提取标识: ['l1']
[DEBUG][get_sku_price_auto] 当前已选规格匹配，价格: 197
✅ 规格匹配成功，且品名已匹配，校验通过

================================================================================
货品名称：【正品行货】NARS娜斯超方瓶流光美肌粉底液30ml持妆遮瑕
关键词：NARS超方瓶粉底液L1.5
原价：197.0 | 现价：197
匹配规格：已选择： GOBI L3 黄1白 | 规格价格：197
百亿补贴：是 | 日期：2025-01-05
校验通过：✅ True
================================================================================
--- 进入商品 2/3 ---
============================================================
搜索词 ：NARS超方瓶粉底液L1.5
商品名 ：【NARS】纳斯/娜斯超方瓶粉底液L1.5持妆遮瑕30ml
品牌    ：纳斯 → 纳斯 | ✅
容量规格：set() → {'30'} | ✅
色号    ：{'l1'} → {'l1'}
浓度    ： →  | ✅
简装    ： →  | ✅
套装    ：不含 → 不含 | ✅
清洗后  ：超方瓶粉底液l15 → 超方瓶粉底液l15持妆
品名匹配：词袋(100.0%) | ✅
结果    ：✅ PASS | 原因：所有检查通过
============================================================

================================================================================
货品名称：【NARS】纳斯/娜斯超方瓶粉底液L1.5持妆遮瑕30ml
关键词：NARS超方瓶粉底液L1.5
原价：289.0 | 现价：203.0
百亿补贴：是 | 日期：2025-08-01
校验通过：✅ True
================================================================================
--- 进入商品 3/3 ---
============================================================
搜索词 ：NARS超方瓶粉底液L1.5
商品名 ：【正品行货】NARS流光美肌粉底液30ml清透持久亮彩柔润
品牌    ：纳斯 → 纳斯 | ✅
容量规格：set() → {'30'} | ❌
色号    ：{'l1'} → set()
浓度    ： →  | ✅
简装    ： →  | ✅
套装    ：不含 → 不含 | ✅
清洗后  ：超方瓶粉底液l15 → 流光美肌粉底液亮彩柔润
品名匹配：词袋(40.0%) | ✅
结果    ：❌ FAIL | 原因：规格不匹配
============================================================
🔧 校验失败原因为规格不匹配，尝试进入规格面板匹配...

[DEBUG][get_sku_price_auto] 开始匹配，搜索词: 'NARS超方瓶粉底液L1.5'
[DEBUG][get_sku_identifiers] 提取标识: ['l1']
[DEBUG][get_sku_price_auto] 当前已选规格匹配，价格: 203
✅ 规格匹配成功，且品名已匹配，校验通过

================================================================================
货品名称：【正品行货】NARS流光美肌粉底液30ml清透持久亮彩柔润
关键词：NARS超方瓶粉底液L1.5
原价：299.0 | 现价：203
匹配规格：已选择： L1.5#不偏黄不偏粉中性1白 | 规格价格：203
百亿补贴：是 | 日期：2025-01-01
校验通过：✅ True
================================================================================
✅ 优先级 4 中已有商品通过校验，停止降级
📁 采集记录已保存，总行数：180
📋 校验记录已保存，总记录数：105
✅ 序号 486 已标记为已采集

⏸ 等待 1 秒后继续...
⏳ 等待下一个商品：[██████████████████████████████] 100% (1/1s)

🔍 搜索：Pola 宝丽 黑B.A7洁面100g

===== 优先级 4，共 1 个商品 =====
--- 进入商品 1/1 ---
============================================================
搜索词 ：Pola 宝丽 黑B.A7洁面100g
商品名 ：日本本土版第七代POLA/宝丽黑BA抗糖保湿洁面洗面奶
品牌    ：宝丽 → 宝丽 | ✅
容量规格：{'100'} → set() | ❌
色号    ：{'a7'} → set()
浓度    ： →  | ✅
简装    ： →  | ✅
套装    ：不含 → 不含 | ✅
清洗后  ：黑ba7洁面 → 日本本土第七代黑ba抗糖洁面洗面奶
品名匹配：词袋(50.0%) | ✅
结果    ：❌ FAIL | 原因：规格不匹配
============================================================
🔧 校验失败原因为规格不匹配，尝试进入规格面板匹配...

[DEBUG][get_sku_price_auto] 开始匹配，搜索词: 'Pola 宝丽 黑B.A7洁面100g'
[DEBUG][get_sku_identifiers] 提取标识: ['a7', '100g']
[DEBUG][get_sku_price_auto] 当前已选规格匹配，价格: 278.9
✅ 规格匹配成功，且品名已匹配，校验通过

================================================================================
货品名称：日本本土版第七代POLA/宝丽黑BA抗糖保湿洁面洗面奶
关键词：Pola 宝丽 黑B.A7洁面100g
原价：398.0 | 现价：278.9
匹配规格：已选择： 第七代POLA洗面奶100g | 规格价格：278.9
百亿补贴：是 | 日期：2025-09-01
校验通过：✅ True
================================================================================
✅ 优先级 4 中已有商品通过校验，停止降级
📁 采集记录已保存，总行数：184
📋 校验记录已保存，总记录数：106
✅ 序号 487 已标记为已采集

⏸ 等待 1 秒后继续...
⏳ 等待下一个商品：[██████████████████████████████] 100% (1/1s)

🔍 搜索：SK2光韵轻透CC霜玫瑰粉色50g

===== 优先级 4，共 1 个商品 =====
--- 进入商品 1/1 ---
============================================================
搜索词 ：SK2光韵轻透CC霜玫瑰粉色50g
商品名 ：【正品行货】SK-II小贝壳光蕴轻透CC霜30g 玫瑰色 防晒隔离妆前
品牌    ：SK-II → SK-II | ✅
容量规格：{'50'} → {'30'} | ❌
色号    ：set() → set()
浓度    ： →  | ✅
简装    ： →  | ✅
套装    ：不含 → 不含 | ✅
清洗后  ：光韵轻透cc霜粉色 → 小贝壳光蕴轻透cc霜色防晒隔离妆前
品名匹配：词袋(33.3%) | ✅
结果    ：❌ FAIL | 原因：规格不匹配
============================================================
🔧 校验失败原因为规格不匹配，尝试进入规格面板匹配...

[DEBUG][get_sku_price_auto] 开始匹配，搜索词: 'SK2光韵轻透CC霜玫瑰粉色50g'
[DEBUG][get_sku_identifiers] 提取标识: ['cc', '50g']
[DEBUG][get_sku_price_auto] 当前已选规格匹配，价格: 281
✅ 规格匹配成功，且品名已匹配，校验通过

================================================================================
货品名称：【正品行货】SK-II小贝壳光蕴轻透CC霜30g 玫瑰色 防晒隔离妆前
关键词：SK2光韵轻透CC霜玫瑰粉色50g
原价：360.0 | 现价：281
匹配规格：已选择： CC霜 玫瑰色 30g | 规格价格：281
百亿补贴：是 | 日期：2026-02-01
校验通过：✅ True
================================================================================
✅ 优先级 4 中已有商品通过校验，停止降级
📁 采集记录已保存，总行数：186
📋 校验记录已保存，总记录数：107
✅ 序号 488 已标记为已采集

⏸ 等待 1 秒后继续...
⏳ 等待下一个商品：[██████████████████████████████] 100% (1/1s)

🔍 搜索：SK2光韵清透CC霜绿色50g

===== 优先级 4，共 3 个商品 =====
--- 进入商品 1/3 ---
============================================================
搜索词 ：SK2光韵清透CC霜绿色50g
商品名 ：【Cosme Decorte】 黛珂 防晒隔离CC霜30ml
品牌    ：SK-II → 黛珂 | ❌
容量规格：{'50'} → {'30'} | ❌
色号    ：set() → set()
浓度    ： →  | ✅
简装    ： →  | ✅
套装    ：不含 → 不含 | ✅
清洗后  ：光韵cc霜绿色 → 防晒隔离cc霜
品名匹配：LCS子序列(42.9%) | ✅
结果    ：❌ FAIL | 原因：品牌不一致；规格不匹配
============================================================
🔧 校验失败原因为规格不匹配，尝试进入规格面板匹配...

[DEBUG][get_sku_price_auto] 开始匹配，搜索词: 'SK2光韵清透CC霜绿色50g'
[DEBUG][get_sku_identifiers] 提取标识: ['cc', '50g']
[DEBUG][get_sku_price_auto] 当前已选规格不匹配，尝试点击规格...
[DEBUG][_click_sku_by_identifier] 尝试点击标识: 'cc'
[DEBUG][get_sku_price_auto] 所有标识尝试完毕，仍无价格
⚠️ 规格匹配未获取到有效价格，已记录为匹配失败，校验结果强制为不通过

================================================================================
货品名称：【Cosme Decorte】 黛珂 防晒隔离CC霜30ml
关键词：SK2光韵清透CC霜绿色50g
原价：111.36 | 现价：111.36
匹配规格：匹配失败 | 规格价格：
百亿补贴：是 | 日期：2025-11-01
校验通过：❌ False
================================================================================
--- 进入商品 2/3 ---
============================================================
搜索词 ：SK2光韵清透CC霜绿色50g
商品名 ：【芭妮兰】裸透CC霜防晒霜裸妆遮瑕隔离妆前素颜霜SPF17 PA+ 30ml
品牌    ：SK-II → 未匹配 | ❌
容量规格：{'50'} → {'30'} | ❌
色号    ：set() → {'17'}
浓度    ： →  | ✅
简装    ： →  | ✅
套装    ：不含 → 不含 | ✅
清洗后  ：光韵cc霜绿色 → 裸透cc霜防晒霜裸妆隔离妆前素颜霜spfpa
品名匹配：LCS子序列(42.9%) | ✅
结果    ：❌ FAIL | 原因：品牌不一致；规格不匹配
============================================================
🔧 校验失败原因为规格不匹配，尝试进入规格面板匹配...

[DEBUG][get_sku_price_auto] 开始匹配，搜索词: 'SK2光韵清透CC霜绿色50g'
[DEBUG][get_sku_identifiers] 提取标识: ['cc', '50g']
[DEBUG][get_sku_price_auto] 当前已选规格不匹配，尝试点击规格...
[DEBUG][_click_sku_by_identifier] 尝试点击标识: 'cc'
[DEBUG][get_sku_price_auto] 所有标识尝试完毕，仍无价格
⚠️ 规格匹配未获取到有效价格，已记录为匹配失败，校验结果强制为不通过

================================================================================
货品名称：【芭妮兰】裸透CC霜防晒霜裸妆遮瑕隔离妆前素颜霜SPF17 PA+ 30ml
关键词：SK2光韵清透CC霜绿色50g
原价：47.5 | 现价：47.5
匹配规格：匹配失败 | 规格价格：
百亿补贴：是 | 日期：2026-01-07
校验通过：❌ False
================================================================================
--- 进入商品 3/3 ---
============================================================
搜索词 ：SK2光韵清透CC霜绿色50g
商品名 ：【正品行货】SK-II小贝壳光蕴轻透CC霜30g 玫瑰色 防晒隔离妆前
品牌    ：SK-II → SK-II | ✅
容量规格：{'50'} → {'30'} | ❌
色号    ：set() → set()
浓度    ： →  | ✅
简装    ： →  | ✅
套装    ：不含 → 不含 | ✅
清洗后  ：光韵cc霜绿色 → 小贝壳光蕴轻透cc霜色防晒隔离妆前
品名匹配：LCS子序列(71.4%) | ✅
结果    ：❌ FAIL | 原因：规格不匹配
============================================================
🔧 校验失败原因为规格不匹配，尝试进入规格面板匹配...

[DEBUG][get_sku_price_auto] 开始匹配，搜索词: 'SK2光韵清透CC霜绿色50g'
[DEBUG][get_sku_identifiers] 提取标识: ['cc', '50g']
[DEBUG][get_sku_price_auto] 当前已选规格匹配，价格: 281
✅ 规格匹配成功，且品名已匹配，校验通过

================================================================================
货品名称：【正品行货】SK-II小贝壳光蕴轻透CC霜30g 玫瑰色 防晒隔离妆前
关键词：SK2光韵清透CC霜绿色50g
原价：360.0 | 现价：281
匹配规格：已选择： CC霜 玫瑰色 30g | 规格价格：281
百亿补贴：是 | 日期：2026-02-01
校验通过：✅ True
================================================================================
✅ 优先级 4 中已有商品通过校验，停止降级
📁 采集记录已保存，总行数：190
📋 校验记录已保存，总记录数：110
✅ 序号 489 已标记为已采集

⏸ 等待 1 秒后继续...
⏳ 等待下一个商品：[██████████████████████████████] 100% (1/1s)

🔍 搜索：SK2光韵清透全效防晒透明色50g

===== 优先级 4，共 1 个商品 =====
--- 进入商品 1/1 ---
============================================================
搜索词 ：SK2光韵清透全效防晒透明色50g
商品名 ：【正品行货】SK-II小贝壳防晒遮瑕神仙水精华液套装skllsk2礼物女
品牌    ：SK-II → SK-II | ✅
容量规格：{'50'} → set() | ❌
色号    ：set() → set()
浓度    ： →  | ✅
简装    ： →  | ✅
套装    ：不含 → 含 | ❌
清洗后  ：光韵全效防晒透明色 → 小贝壳防晒神仙水液套装skll礼物女
品名匹配：LCS子序列(22.2%) | ❌
结果    ：❌ FAIL | 原因：规格不匹配；套装状态不一致；品名相似不足(ratio=22.2%)
============================================================
🔧 校验失败原因为规格不匹配，尝试进入规格面板匹配...

[DEBUG][get_sku_price_auto] 开始匹配，搜索词: 'SK2光韵清透全效防晒透明色50g'
[DEBUG][get_sku_identifiers] 提取标识: ['50g']
[DEBUG][get_sku_price_auto] 当前已选规格不匹配，尝试点击规格...
[DEBUG][get_sku_price_auto] 所有标识尝试完毕，仍无价格
⚠️ 规格匹配未获取到有效价格，已记录为匹配失败，校验结果强制为不通过

================================================================================
货品名称：【正品行货】SK-II小贝壳防晒遮瑕神仙水精华液套装skllsk2礼物女
关键词：SK2光韵清透全效防晒透明色50g
原价：1899.0 | 现价：1899.0
匹配规格：匹配失败 | 规格价格：
百亿补贴：是 | 日期：2025-03-04
校验通过：❌ False
================================================================================
⚠️ 优先级 4 全部未通过，尝试下一优先级

===== 优先级 2，共 2 个商品 =====
--- 进入商品 1/2 ---
============================================================
搜索词 ：SK2光韵清透全效防晒透明色50g
商品名 ：【正品行货】SK-II小贝壳透明色30ml高倍防晒光蕴焕亮CC霜妆前
品牌    ：SK-II → SK-II | ✅
容量规格：{'50'} → {'30'} | ❌
色号    ：set() → set()
浓度    ： →  | ✅
简装    ： →  | ✅
套装    ：不含 → 不含 | ✅
清洗后  ：光韵全效防晒透明色 → 小贝壳透明色高倍防晒光蕴cc霜妆前
品名匹配：词袋(37.5%) | ✅
结果    ：❌ FAIL | 原因：规格不匹配
============================================================
🔧 校验失败原因为规格不匹配，尝试进入规格面板匹配...

[DEBUG][get_sku_price_auto] 开始匹配，搜索词: 'SK2光韵清透全效防晒透明色50g'
[DEBUG][get_sku_identifiers] 提取标识: ['50g']
[DEBUG][get_sku_price_auto] 当前已选规格不匹配，尝试点击规格...
[DEBUG][get_sku_price_auto] 所有标识尝试完毕，仍无价格
⚠️ 规格匹配未获取到有效价格，已记录为匹配失败，校验结果强制为不通过

================================================================================
货品名称：【正品行货】SK-II小贝壳透明色30ml高倍防晒光蕴焕亮CC霜妆前
关键词：SK2光韵清透全效防晒透明色50g
原价：321.0 | 现价：321.0
匹配规格：匹配失败 | 规格价格：
百亿补贴：否 | 日期：2025-06-01
校验通过：❌ False
================================================================================
--- 进入商品 2/2 ---
============================================================
搜索词 ：SK2光韵清透全效防晒透明色50g
商品名 ：【SK-II】 小贝壳防晒霜30g SPF50无色款
品牌    ：SK-II → SK-II | ✅
容量规格：{'50'} → {'30'} | ❌
色号    ：set() → {'50'}
浓度    ： →  | ✅
简装    ： →  | ✅
套装    ：不含 → 不含 | ✅
清洗后  ：光韵全效防晒透明色 → 小贝壳防晒霜spf无色
品名匹配：LCS子序列(33.3%) | ✅
结果    ：❌ FAIL | 原因：规格不匹配
============================================================
🔧 校验失败原因为规格不匹配，尝试进入规格面板匹配...

[DEBUG][get_sku_price_auto] 开始匹配，搜索词: 'SK2光韵清透全效防晒透明色50g'
[DEBUG][get_sku_identifiers] 提取标识: ['50g']
[DEBUG][get_sku_price_auto] 当前已选规格不匹配，尝试点击规格...
[DEBUG][get_sku_price_auto] 所有标识尝试完毕，仍无价格
⚠️ 规格匹配未获取到有效价格，已记录为匹配失败，校验结果强制为不通过

================================================================================
货品名称：【SK-II】 小贝壳防晒霜30g SPF50无色款
关键词：SK2光韵清透全效防晒透明色50g
原价：488.0 | 现价：488.0
匹配规格：匹配失败 | 规格价格：
百亿补贴：否 | 日期：2025-06-01
校验通过：❌ False
================================================================================
⚠️ 优先级 2 全部未通过，尝试下一优先级
🔽 降级到全球购，返回顶部并重新识别（不自动下滑）

===== 优先级 1，共 2 个商品 =====
--- 进入商品 1/2 ---
============================================================
搜索词 ：SK2光韵清透全效防晒透明色50g
商品名 ：发顺丰 SK-IICC霜防晒玫瑰米色无色轻透净润空气SPF50+光感焕白钻
品牌    ：SK-II → SK-II | ✅
容量规格：{'50'} → set() | ❌
色号    ：set() → set()
浓度    ： →  | ✅
简装    ： →  | ✅
套装    ：不含 → 不含 | ✅
清洗后  ：光韵全效防晒透明色 → 发顺丰cc霜防晒米色无色轻透净润空气spf焕白钻
品名匹配：LCS子序列(33.3%) | ✅
结果    ：❌ FAIL | 原因：规格不匹配
============================================================
🔧 校验失败原因为规格不匹配，尝试进入规格面板匹配...

[DEBUG][get_sku_price_auto] 开始匹配，搜索词: 'SK2光韵清透全效防晒透明色50g'
[DEBUG][get_sku_identifiers] 提取标识: ['50g']
[DEBUG][get_sku_price_auto] 当前已选规格不匹配，尝试点击规格...
[DEBUG][get_sku_price_auto] 所有标识尝试完毕，仍无价格
⚠️ 规格匹配未获取到有效价格，已记录为匹配失败，校验结果强制为不通过

================================================================================
货品名称：发顺丰 SK-IICC霜防晒玫瑰米色无色轻透净润空气SPF50+光感焕白钻
关键词：SK2光韵清透全效防晒透明色50g
原价：386.0 | 现价：386.0
匹配规格：匹配失败 | 规格价格：
百亿补贴：否 | 日期：2026-02-26
校验通过：❌ False
================================================================================
--- 进入商品 2/2 ---
============================================================
搜索词 ：SK2光韵清透全效防晒透明色50g
商品名 ：【SK-II】 小贝壳防晒霜30g SPF50无色款
品牌    ：SK-II → SK-II | ✅
容量规格：{'50'} → {'30'} | ❌
色号    ：set() → {'50'}
浓度    ： →  | ✅
简装    ： →  | ✅
套装    ：不含 → 不含 | ✅
清洗后  ：光韵全效防晒透明色 → 小贝壳防晒霜spf无色
品名匹配：LCS子序列(33.3%) | ✅
结果    ：❌ FAIL | 原因：规格不匹配
============================================================
🔧 校验失败原因为规格不匹配，尝试进入规格面板匹配...

[DEBUG][get_sku_price_auto] 开始匹配，搜索词: 'SK2光韵清透全效防晒透明色50g'
[DEBUG][get_sku_identifiers] 提取标识: ['50g']
[DEBUG][get_sku_price_auto] 当前已选规格不匹配，尝试点击规格...
[DEBUG][get_sku_price_auto] 所有标识尝试完毕，仍无价格
⚠️ 规格匹配未获取到有效价格，已记录为匹配失败，校验结果强制为不通过

================================================================================
货品名称：【SK-II】 小贝壳防晒霜30g SPF50无色款
关键词：SK2光韵清透全效防晒透明色50g
原价：488.0 | 现价：488.0
匹配规格：匹配失败 | 规格价格：
百亿补贴：否 | 日期：2025-06-01
校验通过：❌ False
================================================================================
⚠️ 优先级 1 全部未通过，尝试下一优先级
📁 采集记录已保存，总行数：197
📋 校验记录已保存，总记录数：115
✅ 序号 490 已标记为已采集

⏸ 等待 1 秒后继续...
⏳ 等待下一个商品：[██████████████████████████████] 100% (1/1s)

🔍 搜索：SK2光韵清透全效防晒透明色50g两瓶装

===== 优先级 4，共 3 个商品 =====
--- 进入商品 1/3 ---
============================================================
搜索词 ：SK2光韵清透全效防晒透明色50g两瓶装
商品名 ：【正品行货】SK-II小贝壳防晒遮瑕神仙水精华液套装skllsk2礼物女
品牌    ：SK-II → SK-II | ✅
容量规格：{'50', '2'} → set() | ❌
色号    ：set() → set()
浓度    ： →  | ✅
简装    ： →  | ✅
套装    ：不含 → 含 | ❌
清洗后  ：光韵全效防晒透明色 → 小贝壳防晒神仙水液套装skll礼物女
品名匹配：LCS子序列(22.2%) | ❌
结果    ：❌ FAIL | 原因：规格不匹配；套装状态不一致；品名相似不足(ratio=22.2%)
============================================================
🔧 校验失败原因为规格不匹配，尝试进入规格面板匹配...

[DEBUG][get_sku_price_auto] 开始匹配，搜索词: 'SK2光韵清透全效防晒透明色50g两瓶装'
[DEBUG][get_sku_identifiers] 提取标识: ['50g']
[DEBUG][get_sku_price_auto] 当前已选规格不匹配，尝试点击规格...
[DEBUG][get_sku_price_auto] 所有标识尝试完毕，仍无价格
⚠️ 规格匹配未获取到有效价格，已记录为匹配失败，校验结果强制为不通过

================================================================================
货品名称：【正品行货】SK-II小贝壳防晒遮瑕神仙水精华液套装skllsk2礼物女
关键词：SK2光韵清透全效防晒透明色50g两瓶装
原价：1899.0 | 现价：1899.0
匹配规格：匹配失败 | 规格价格：
百亿补贴：是 | 日期：2025-03-04
校验通过：❌ False
================================================================================
--- 进入商品 2/3 ---
============================================================
搜索词 ：SK2光韵清透全效防晒透明色50g两瓶装
商品名 ：【官方正品】毛戈平Light光韵系列妆前清新防晒隔离乳提亮肤色
品牌    ：SK-II → 未匹配 | ❌
容量规格：{'50', '2'} → set() | ❌
色号    ：set() → set()
浓度    ： →  | ✅
简装    ： →  | ✅
套装    ：不含 → 不含 | ✅
清洗后  ：光韵全效防晒透明色 → 毛戈平light光韵系列妆前防晒隔离乳提亮肤色
品名匹配：LCS子序列(55.6%) | ✅
结果    ：❌ FAIL | 原因：品牌不一致；规格不匹配
============================================================
🔧 校验失败原因为规格不匹配，尝试进入规格面板匹配...

[DEBUG][get_sku_price_auto] 开始匹配，搜索词: 'SK2光韵清透全效防晒透明色50g两瓶装'
[DEBUG][get_sku_identifiers] 提取标识: ['50g']
[DEBUG][get_sku_price_auto] 当前已选规格不匹配，尝试点击规格...
[DEBUG][get_sku_price_auto] 所有标识尝试完毕，仍无价格
⚠️ 规格匹配未获取到有效价格，已记录为匹配失败，校验结果强制为不通过

================================================================================
货品名称：【官方正品】毛戈平Light光韵系列妆前清新防晒隔离乳提亮肤色
关键词：SK2光韵清透全效防晒透明色50g两瓶装
原价：154.2 | 现价：154.2
匹配规格：匹配失败 | 规格价格：
百亿补贴：是 | 日期：2025-02-27
校验通过：❌ False
================================================================================
--- 进入商品 3/3 ---
============================================================
搜索词 ：SK2光韵清透全效防晒透明色50g两瓶装
商品名 ：【正品行货】SK-II小灯泡精华小贝壳美白防晒遮瑕套装skllsk2礼物
品牌    ：SK-II → SK-II | ✅
容量规格：{'50', '2'} → set() | ❌
色号    ：set() → set()
浓度    ： →  | ✅
简装    ： →  | ✅
套装    ：不含 → 含 | ❌
清洗后  ：光韵全效防晒透明色 → 小灯泡小贝壳美白防晒套装skll礼物
品名匹配：LCS子序列(22.2%) | ❌
结果    ：❌ FAIL | 原因：规格不匹配；套装状态不一致；品名相似不足(ratio=22.2%)
============================================================
🔧 校验失败原因为规格不匹配，尝试进入规格面板匹配...

[DEBUG][get_sku_price_auto] 开始匹配，搜索词: 'SK2光韵清透全效防晒透明色50g两瓶装'
[DEBUG][get_sku_identifiers] 提取标识: ['50g']
[DEBUG][get_sku_price_auto] 当前已选规格不匹配，尝试点击规格...
[DEBUG][get_sku_price_auto] 所有标识尝试完毕，仍无价格
⚠️ 规格匹配未获取到有效价格，已记录为匹配失败，校验结果强制为不通过

================================================================================
货品名称：【正品行货】SK-II小灯泡精华小贝壳美白防晒遮瑕套装skllsk2礼物
关键词：SK2光韵清透全效防晒透明色50g两瓶装
原价：1499.0 | 现价：1499.0
匹配规格：匹配失败 | 规格价格：
百亿补贴：是 | 日期：2025-03-04
校验通过：❌ False
================================================================================
⚠️ 优先级 4 全部未通过，尝试下一优先级

===== 优先级 2，共 1 个商品 =====
--- 进入商品 1/1 ---
============================================================
搜索词 ：SK2光韵清透全效防晒透明色50g两瓶装
商品名 ：【正品行货】SK-II小贝壳防晒透明色30ml+神仙水230ml护肤礼盒
品牌    ：SK-II → SK-II | ✅
容量规格：{'50', '2'} → {'230', '30'} | ❌
色号    ：set() → set()
浓度    ： →  | ✅
简装    ： →  | ✅
套装    ：不含 → 不含 | ✅
清洗后  ：光韵全效防晒透明色 → 小贝壳防晒透明色神仙水护肤礼盒
品名匹配：词袋(50.0%) | ✅
结果    ：❌ FAIL | 原因：规格不匹配
============================================================
🔧 标题包含多规格 (容量:{'230', '30'}, 色号:set())，尝试进入规格面板匹配...

[DEBUG][get_sku_price_auto] 开始匹配，搜索词: 'SK2光韵清透全效防晒透明色50g两瓶装'
[DEBUG][get_sku_identifiers] 提取标识: ['50g']
[DEBUG][get_sku_price_auto] 当前已选规格不匹配，尝试点击规格...
[DEBUG][get_sku_price_auto] 所有标识尝试完毕，仍无价格
⚠️ 规格匹配未获取到有效价格，已记录为匹配失败，校验结果强制为不通过

================================================================================
货品名称：【正品行货】SK-II小贝壳防晒透明色30ml+神仙水230ml护肤礼盒
关键词：SK2光韵清透全效防晒透明色50g两瓶装
原价：2528.0 | 现价：2528.0
匹配规格：匹配失败 | 规格价格：
百亿补贴：否 | 日期：2025-01-01
校验通过：❌ False
================================================================================
⚠️ 优先级 2 全部未通过，尝试下一优先级
📁 采集记录已保存，总行数：205
📋 校验记录已保存，总记录数：119
✅ 序号 491 已标记为已采集

⏸ 等待 1 秒后继续...
⏳ 等待下一个商品：[██████████████████████████████] 100% (1/1s)

🔍 搜索：TOM FORD 汤姆福特 雪映流光浓香50ml（25年新款）

===== 优先级 4，共 3 个商品 =====
--- 进入商品 1/3 ---
============================================================
搜索词 ：TOM FORD 汤姆福特 雪映流光浓香50ml（25年新款）
商品名 ：【全球购正品】TOM FORD汤姆福特雪映流光香水 50ML
品牌    ：汤姆福特 → 汤姆福特 | ✅
容量规格：{'50'} → {'50'} | ✅
色号    ：set() → set()
浓度    ：浓香 →  | ✅
简装    ： →  | ✅
套装    ：不含 → 不含 | ✅
清洗后  ：雪映流光新 → 雪映流光
品名匹配：词袋(75.0%) | ✅
结果    ：✅ PASS | 原因：所有检查通过
============================================================

================================================================================
货品名称：【全球购正品】TOM FORD汤姆福特雪映流光香水 50ML
关键词：TOM FORD 汤姆福特 雪映流光浓香50ml（25年新款）
原价：759.0 | 现价：634.0
百亿补贴：是 | 日期：2023-11-01
校验通过：✅ True
================================================================================
--- 进入商品 2/3 ---
============================================================
搜索词 ：TOM FORD 汤姆福特 雪映流光浓香50ml（25年新款）
商品名 ：【TOM FORD】 汤姆福特 雪映流光浓香水100ml(25年新款)
品牌    ：汤姆福特 → 汤姆福特 | ✅
容量规格：{'50'} → {'100'} | ❌
色号    ：set() → set()
浓度    ：浓香 → 浓香 | ✅
简装    ： →  | ✅
套装    ：不含 → 不含 | ✅
清洗后  ：雪映流光新 → 雪映流光水
品名匹配：词袋(75.0%) | ✅
结果    ：❌ FAIL | 原因：规格不匹配
============================================================
🔧 校验失败原因为规格不匹配，尝试进入规格面板匹配...

[DEBUG][get_sku_price_auto] 开始匹配，搜索词: 'TOM FORD 汤姆福特 雪映流光浓香50ml（25年新款）'
[DEBUG][get_sku_identifiers] 提取标识: ['50ml']
[DEBUG][get_sku_price_auto] 当前已选规格不匹配，尝试点击规格...
[DEBUG][get_sku_price_auto] 所有标识尝试完毕，仍无价格
⚠️ 规格匹配未获取到有效价格，已记录为匹配失败，校验结果强制为不通过

================================================================================
货品名称：【TOM FORD】 汤姆福特 雪映流光浓香水100ml(25年新款)
关键词：TOM FORD 汤姆福特 雪映流光浓香50ml（25年新款）
原价：776.0 | 现价：776.0
匹配规格：匹配失败 | 规格价格：
百亿补贴：是 | 日期：2025-05-31
校验通过：❌ False
================================================================================
--- 进入商品 3/3 ---
============================================================
搜索词 ：TOM FORD 汤姆福特 雪映流光浓香50ml（25年新款）
商品名 ：海外直邮TOM FORD 汤姆福特 雪映流光浓香50ml【5天内发货】
品牌    ：汤姆福特 → 汤姆福特 | ✅
容量规格：{'50'} → {'50'} | ✅
色号    ：set() → set()
浓度    ：浓香 → 浓香 | ✅
简装    ： →  | ✅
套装    ：不含 → 不含 | ✅
清洗后  ：雪映流光新 → 海外雪映流光
品名匹配：词袋(75.0%) | ✅
结果    ：✅ PASS | 原因：所有检查通过
============================================================

================================================================================
货品名称：海外直邮TOM FORD 汤姆福特 雪映流光浓香50ml【5天内发货】
关键词：TOM FORD 汤姆福特 雪映流光浓香50ml（25年新款）
原价：59.0 | 现价：640.0
百亿补贴：是 | 日期：2024-12-01
校验通过：✅ True
================================================================================
✅ 优先级 4 中已有商品通过校验，停止降级
📁 采集记录已保存，总行数：212
📋 校验记录已保存，总记录数：122
✅ 序号 492 已标记为已采集

⏸ 等待 1 秒后继续...
⏳ 等待下一个商品：[██████████████████████████████] 100% (1/1s)

🔍 搜索：Urban Decay 衰败城市 定妆喷雾118ml（定制款24小时）新款 加拿大产

===== 优先级 4，共 1 个商品 =====
--- 进入商品 1/1 ---
============================================================
搜索词 ：Urban Decay 衰败城市 定妆喷雾118ml（定制款24小时）新款 加拿大产
商品名 ：【正品行货】UD衰败城市长效定妆喷雾持久保湿防水防汗控油七夕女
品牌    ：衰败城市 → 衰败城市 | ✅
容量规格：{'118'} → set() | ❌
色号    ：{'24'} → set()
浓度    ： →  | ✅
简装    ： →  | ✅
套装    ：不含 → 不含 | ✅
清洗后  ：定妆喷雾定制小时加拿大产 → ud长效定妆喷雾防水防汗七夕女
品名匹配：LCS子序列(33.3%) | ✅
结果    ：❌ FAIL | 原因：规格不匹配
============================================================
🔧 校验失败原因为规格不匹配，尝试进入规格面板匹配...

[DEBUG][get_sku_price_auto] 开始匹配，搜索词: 'Urban Decay 衰败城市 定妆喷雾118ml（定制款24小时）新款 加拿大产'
[DEBUG][get_sku_identifiers] 提取标识: ['24', '118ml']
[DEBUG][get_sku_price_auto] 当前已选规格匹配，价格: 86.5
✅ 规格匹配成功，且品名已匹配，校验通过

================================================================================
货品名称：【正品行货】UD衰败城市长效定妆喷雾持久保湿防水防汗控油七夕女
关键词：Urban Decay 衰败城市 定妆喷雾118ml（定制款24小时）新款 加拿大产
原价：78.3 | 现价：86.5
匹配规格：已选择： 118ml 【全肤质款丨24H焊妆不拔干】 | 规格价格：86.5
百亿补贴：是 | 日期：2025-04-14
校验通过：✅ True
================================================================================
✅ 优先级 4 中已有商品通过校验，停止降级
📁 采集记录已保存，总行数：216
📋 校验记录已保存，总记录数：123
✅ 序号 493 已标记为已采集

⏸ 等待 1 秒后继续...
⏳ 等待下一个商品：[██████████████████████████████] 100% (1/1s)

🔍 搜索：Urban Decay衰败城市粉色定妆喷雾118ml(哑光版)新款

===== 优先级 4，共 1 个商品 =====
--- 进入商品 1/1 ---
============================================================
搜索词 ：Urban Decay衰败城市粉色定妆喷雾118ml(哑光版)新款
商品名 ：【正品行货】UD衰败城市长效定妆喷雾持久保湿防水防汗控油七夕女
品牌    ：衰败城市 → 衰败城市 | ✅
容量规格：{'118'} → set() | ❌
色号    ：set() → set()
浓度    ： →  | ✅
简装    ： →  | ✅
套装    ：不含 → 不含 | ✅
清洗后  ：粉色定妆喷雾新 → ud长效定妆喷雾防水防汗七夕女
品名匹配：词袋(50.0%) | ✅
结果    ：❌ FAIL | 原因：规格不匹配
============================================================
🔧 校验失败原因为规格不匹配，尝试进入规格面板匹配...

[DEBUG][get_sku_price_auto] 开始匹配，搜索词: 'Urban Decay衰败城市粉色定妆喷雾118ml(哑光版)新款'
[DEBUG][get_sku_identifiers] 提取标识: ['118ml']
[DEBUG][get_sku_price_auto] 当前已选规格匹配，价格: 86.5
✅ 规格匹配成功，且品名已匹配，校验通过

================================================================================
货品名称：【正品行货】UD衰败城市长效定妆喷雾持久保湿防水防汗控油七夕女
关键词：Urban Decay衰败城市粉色定妆喷雾118ml(哑光版)新款
原价：78.3 | 现价：86.5
匹配规格：已选择： 118ml 【全肤质款丨24H焊妆不拔干】 | 规格价格：86.5
百亿补贴：是 | 日期：2025-04-14
校验通过：✅ True
================================================================================
✅ 优先级 4 中已有商品通过校验，停止降级
📁 采集记录已保存，总行数：218
📋 校验记录已保存，总记录数：124
✅ 序号 494 已标记为已采集

⏸ 等待 1 秒后继续...
⏳ 等待下一个商品：[██████████████████████████████] 100% (1/1s)

🔍 搜索：爱马仕 H24律动男士EDT100ml简装

===== 优先级 2，共 3 个商品 =====
--- 进入商品 1/3 ---
============================================================
搜索词 ：爱马仕 H24律动男士EDT100ml简装
商品名 ：爱马仕(HERMES)律动二十四H24男士淡香水 50/100ML
品牌    ：爱马仕 → 爱马仕 | ✅
容量规格：{'100'} → {'50', '100'} | ✅
色号    ：{'h24', '24'} → {'h24', '24'}
浓度    ： → 淡香 | ✅
简装    ：简装 →  | ✅
套装    ：不含 → 不含 | ✅
清洗后  ：h律动男士简装 → 律动二十四h男士水
品名匹配：词袋(40.0%) | ✅
结果    ：✅ PASS | 原因：所有检查通过
============================================================
🔧 标题包含多规格 (容量:{'50', '100'}, 色号:{'h24', '24'})，尝试进入规格面板匹配...

[DEBUG][get_sku_price_auto] 开始匹配，搜索词: '爱马仕 H24律动男士EDT100ml简装'
[DEBUG][get_sku_identifiers] 提取标识: ['h24', '24', '100ml']
[DEBUG][get_sku_price_auto] 当前已选规格匹配，价格: 308
✅ 规格匹配成功，且品名已匹配，校验通过

================================================================================
货品名称：爱马仕(HERMES)律动二十四H24男士淡香水 50/100ML
关键词：爱马仕 H24律动男士EDT100ml简装
原价：308.0 | 现价：308
匹配规格：已选择： 律动二十四100ML | 规格价格：308
百亿补贴：否 | 日期：2024-12-12
校验通过：✅ True
================================================================================
--- 进入商品 2/3 ---
============================================================
搜索词 ：爱马仕 H24律动男士EDT100ml简装
商品名 ：Hermes/爱马仕律动二十四H24男士淡香水木质调礼物
品牌    ：爱马仕 → 爱马仕 | ✅
容量规格：{'100'} → set() | ✅
色号    ：{'h24', '24'} → {'h24', '24'}
浓度    ： → 淡香 | ✅
简装    ：简装 →  | ✅
套装    ：不含 → 不含 | ✅
清洗后  ：h律动男士简装 → 律动二十四h男士水礼物
品名匹配：词袋(40.0%) | ✅
结果    ：✅ PASS | 原因：所有检查通过
============================================================
🔧 标题包含多规格 (容量:set(), 色号:{'h24', '24'})，尝试进入规格面板匹配...

[DEBUG][get_sku_price_auto] 开始匹配，搜索词: '爱马仕 H24律动男士EDT100ml简装'
[DEBUG][get_sku_identifiers] 提取标识: ['h24', '24', '100ml']
[DEBUG][get_sku_price_auto] 当前已选规格匹配，价格: 499
✅ 规格匹配成功，且品名已匹配，校验通过

================================================================================
货品名称：Hermes/爱马仕律动二十四H24男士淡香水木质调礼物
关键词：爱马仕 H24律动男士EDT100ml简装
原价：499.0 | 现价：499
匹配规格：已选择： 100mL H24律动 EDT 淡香水 | 规格价格：499
百亿补贴：否 | 日期：2024-01-19
校验通过：✅ True
================================================================================
--- 进入商品 3/3 ---
============================================================
搜索词 ：爱马仕 H24律动男士EDT100ml简装
商品名 ：爱马仕(HERMES) 律动二十四H24男士淡香水EDT50/100ML
品牌    ：爱马仕 → 爱马仕 | ✅
容量规格：{'100'} → {'50', '100'} | ✅
色号    ：{'h24', '24'} → {'h24', '24'}
浓度    ： → 淡香 | ✅
简装    ：简装 →  | ✅
套装    ：不含 → 不含 | ✅
清洗后  ：h律动男士简装 → 律动二十四h男士水
品名匹配：词袋(40.0%) | ✅
结果    ：✅ PASS | 原因：所有检查通过
============================================================
🔧 标题包含多规格 (容量:{'50', '100'}, 色号:{'h24', '24'})，尝试进入规格面板匹配...

[DEBUG][get_sku_price_auto] 开始匹配，搜索词: '爱马仕 H24律动男士EDT100ml简装'
[DEBUG][get_sku_identifiers] 提取标识: ['h24', '24', '100ml']
[DEBUG][get_sku_price_auto] 未找到已选节点，尝试点击规格...
[DEBUG][_click_sku_by_identifier] 尝试点击标识: 'h24'
[DEBUG] 容量 100ml 找到 1 个控件
[DEBUG] 点击唯一容量控件: 100ml
[DEBUG] 容量 100ml 匹配成功，价格: 308
✅ 规格匹配成功，且品名已匹配，校验通过

================================================================================
货品名称：爱马仕(HERMES) 律动二十四H24男士淡香水EDT50/100ML
关键词：爱马仕 H24律动男士EDT100ml简装
原价：308.0 | 现价：308
匹配规格：已选择： 律动二十四100ML | 规格价格：308
百亿补贴：否 | 日期：2025-09-20
校验通过：✅ True
================================================================================
✅ 优先级 2 中已有商品通过校验，停止降级
📁 采集记录已保存，总行数：222
📋 校验记录已保存，总记录数：127
✅ 序号 495 已标记为已采集

⏸ 等待 1 秒后继续...
⏳ 等待下一个商品：[██████████████████████████████] 100% (1/1s)

🔍 搜索：爱马仕 大地香精75ml简装

===== 优先级 4，共 1 个商品 =====
--- 进入商品 1/1 ---
============================================================
搜索词 ：爱马仕 大地香精75ml简装
商品名 ：HERMES/爱马仕大地香精版香水 75ml 持久礼物 海外原装
品牌    ：爱马仕 → 爱马仕 | ✅
容量规格：{'75'} → {'75'} | ✅
色号    ：set() → set()
浓度    ：浓香 → 浓香 | ✅
简装    ：简装 →  | ✅
套装    ：不含 → 不含 | ✅
清洗后  ：大地香精简装 → 大地香精礼物海外
品名匹配：词袋(60.0%) | ✅
结果    ：✅ PASS | 原因：所有检查通过
============================================================

================================================================================
货品名称：HERMES/爱马仕大地香精版香水 75ml 持久礼物 海外原装
关键词：爱马仕 大地香精75ml简装
原价：499.0 | 现价：343.0
百亿补贴：是 | 日期：2025-04-01
校验通过：✅ True
================================================================================
✅ 优先级 4 中已有商品通过校验，停止降级
📁 采集记录已保存，总行数：226
📋 校验记录已保存，总记录数：128
✅ 序号 496 已标记为已采集

⏸ 等待 1 秒后继续...
⏳ 等待下一个商品：[██████████████████████████████] 100% (1/1s)

🔍 搜索：爱马仕 橘彩星光EDP女士香水EDP 100ml(简装)

===== 优先级 2，共 1 个商品 =====
--- 进入商品 1/1 ---
============================================================
搜索词 ：爱马仕 橘彩星光EDP女士香水EDP 100ml(简装)
商品名 ：【Hermes】爱马仕 橘彩星光女士香水EDP 100ML
品牌    ：爱马仕 → 爱马仕 | ✅
容量规格：{'100'} → {'100'} | ✅
色号    ：set() → set()
浓度    ：浓香 → 浓香 | ✅
简装    ：简装 →  | ✅
套装    ：不含 → 不含 | ✅
清洗后  ：橘彩星光女士 → 橘彩星光女士
品名匹配：词袋(100.0%) | ✅
结果    ：✅ PASS | 原因：所有检查通过
============================================================

================================================================================
货品名称：【Hermes】爱马仕 橘彩星光女士香水EDP 100ML
关键词：爱马仕 橘彩星光EDP女士香水EDP 100ml(简装)
原价：515.0 | 现价：515.0
百亿补贴：否 | 日期：2024-11-03
校验通过：✅ True
================================================================================
✅ 优先级 2 中已有商品通过校验，停止降级
📁 采集记录已保存，总行数：228
📋 校验记录已保存，总记录数：129
✅ 序号 497 已标记为已采集

⏸ 等待 1 秒后继续...
⏳ 等待下一个商品：[██████████████████████████████] 100% (1/1s)

🔍 搜索：爱马仕 蓝彩星光EDT 100ml(简装)

===== 优先级 2，共 2 个商品 =====
--- 进入商品 1/2 ---
============================================================
搜索词 ：爱马仕 蓝彩星光EDT 100ml(简装)
商品名 ：爱马仕(HERMES)蓝色橘彩星光女士淡香水 30/50/100ML
品牌    ：爱马仕 → 爱马仕 | ✅
容量规格：{'100'} → {'50', '100', '30'} | ✅
色号    ：set() → set()
浓度    ： → 淡香 | ✅
简装    ：简装 →  | ✅
套装    ：不含 → 不含 | ✅
清洗后  ：蓝彩星光 → 蓝色橘彩星光女士水
品名匹配：词袋(66.7%) | ✅
结果    ：✅ PASS | 原因：所有检查通过
============================================================
🔧 标题包含多规格 (容量:{'50', '100', '30'}, 色号:set())，尝试进入规格面板匹配...

[DEBUG][get_sku_price_auto] 开始匹配，搜索词: '爱马仕 蓝彩星光EDT 100ml(简装)'
[DEBUG][get_sku_identifiers] 提取标识: ['100ml']
[DEBUG][get_sku_price_auto] 未找到已选节点，尝试点击规格...
[DEBUG] 容量 100ml 找到 1 个控件
[DEBUG] 点击唯一容量控件: 100ml
[DEBUG] 容量 100ml 匹配成功，价格: 435
✅ 规格匹配成功，且品名已匹配，校验通过

================================================================================
货品名称：爱马仕(HERMES)蓝色橘彩星光女士淡香水 30/50/100ML
关键词：爱马仕 蓝彩星光EDT 100ml(简装)
原价：435.0 | 现价：435
匹配规格：已选择： 蓝色橘彩星光100ML | 规格价格：435
百亿补贴：否 | 日期：2024-11-01
校验通过：✅ True
================================================================================
--- 进入商品 2/2 ---
============================================================
搜索词 ：爱马仕 蓝彩星光EDT 100ml(简装)
商品名 ：【100ml】Hermes爱马仕蓝色橘彩星光EDT淡香水
品牌    ：爱马仕 → 爱马仕 | ✅
容量规格：{'100'} → {'100'} | ✅
色号    ：set() → set()
浓度    ： → 淡香 | ✅
简装    ：简装 →  | ✅
套装    ：不含 → 不含 | ✅
清洗后  ：蓝彩星光 → 蓝色橘彩星光水
品名匹配：词袋(66.7%) | ✅
结果    ：✅ PASS | 原因：所有检查通过
============================================================

================================================================================
货品名称：【100ml】Hermes爱马仕蓝色橘彩星光EDT淡香水
关键词：爱马仕 蓝彩星光EDT 100ml(简装)
原价：580.0 | 现价：580.0
百亿补贴：否 | 日期：2024-05-18
校验通过：✅ True
================================================================================
✅ 优先级 2 中已有商品通过校验，停止降级
📁 采集记录已保存，总行数：231
📋 校验记录已保存，总记录数：131
✅ 序号 498 已标记为已采集

⏸ 等待 1 秒后继续...
⏳ 等待下一个商品：[██████████████████████████████] 100% (1/1s)

🔍 搜索：爱马仕 霜冻大地 EDP 100ML 简装

===== 优先级 4，共 3 个商品 =====
--- 进入商品 1/3 ---
============================================================
搜索词 ：爱马仕 霜冻大地 EDP 100ML 简装
商品名 ：Hermes/爱马仕大地泠洌之水(霜冻大地)浓香水EDP175ML正品
品牌    ：爱马仕 → 爱马仕 | ✅
容量规格：{'100'} → {'175'} | ❌
色号    ：set() → set()
浓度    ：浓香 → 浓香 | ✅
简装    ：简装 →  | ✅
套装    ：不含 → 不含 | ✅
清洗后  ：霜冻大地简装 → 大地泠洌之水水
品名匹配：LCS子序列(33.3%) | ✅
结果    ：❌ FAIL | 原因：规格不匹配
============================================================
Traceback (most recent call last):
  File "/Users/vincentli/PycharmProjects/PythonProject/2026-4 群控/yolo/整合详情页采集/采集10.4 日志.py", line 849, in <module>
    main()
  File "/Users/vincentli/PycharmProjects/PythonProject/2026-4 群控/yolo/整合详情页采集/采集10.4 日志.py", line 834, in main
    select_and_collect_best_product(kw, idx)
  File "/Users/vincentli/PycharmProjects/PythonProject/2026-4 群控/yolo/整合详情页采集/采集10.4 日志.py", line 778, in select_and_collect_best_product
    res = collect_single_product(search_word, serial_num, p["tags"])
  File "/Users/vincentli/PycharmProjects/PythonProject/2026-4 群控/yolo/整合详情页采集/采集10.4 日志.py", line 609, in collect_single_product
    detail = find_and_click_detail()
  File "/Users/vincentli/PycharmProjects/PythonProject/2026-4 群控/yolo/整合详情页采集/采集10.4 日志.py", line 551, in find_and_click_detail
    d.drag(
  File "/opt/miniconda3/envs/py3.8/lib/python3.8/site-packages/uiautomator2/__init__.py", line 302, in drag
    return self.jsonrpc.drag(sx, sy, ex, ey, int(duration * 200))
  File "/opt/miniconda3/envs/py3.8/lib/python3.8/site-packages/uiautomator2/base.py", line 158, in __call__
    return self.server.jsonrpc_call(self.method, params, http_timeout)
  File "/opt/miniconda3/envs/py3.8/lib/python3.8/site-packages/uiautomator2/core.py", line 311, in jsonrpc_call
    return _jsonrpc_call(self._dev, self._device_server_port, method, params, timeout, self._debug)
  File "/opt/miniconda3/envs/py3.8/lib/python3.8/site-packages/uiautomator2/core.py", line 173, in _jsonrpc_call
    r = _http_request(dev, device_port, "POST", "/jsonrpc/0", payload, timeout=timeout, print_request=print_request)
  File "/opt/miniconda3/envs/py3.8/lib/python3.8/site-packages/uiautomator2/core.py", line 140, in _http_request
    _response = conn.getresponse()
  File "/opt/miniconda3/envs/py3.8/lib/python3.8/http/client.py", line 1348, in getresponse
    response.begin()
  File "/opt/miniconda3/envs/py3.8/lib/python3.8/http/client.py", line 316, in begin
    version, status, reason = self._read_status()
  File "/opt/miniconda3/envs/py3.8/lib/python3.8/http/client.py", line 277, in _read_status
    line = str(self.fp.readline(_MAXLINE + 1), "iso-8859-1")
  File "/opt/miniconda3/envs/py3.8/lib/python3.8/socket.py", line 681, in readinto
    return self._sock.recv_into(b)
KeyboardInterrupt
