📋 日志已保存至：logs/console_20260910_093708.log
🚀 启动采集 + 品牌规格品名四重校验
✅ 总商品数：643 | 待采集：144

🔍 搜索：爱马仕 霜冻大地 EDP 100ML 简装

===== 优先级 4，共 3 个商品 =====
--- 进入商品 1/3 ---
============================================================
搜索词 ：爱马仕 霜冻大地 EDP 100ML 简装
商品名 ：Hermes/爱马仕大地泠洌之水(霜冻大地)浓香水EDP175ML正品
品牌    ：爱马仕 → 爱马仕 | ✅
容量规格：{'100'} → {'175'} | ❌
色号    ：set() → set()
浓度    ：浓香 → 浓香 | ✅
简装    ：简装 →  | ✅
套装    ：不含 → 不含 | ✅
清洗后  ：霜冻大地简装 → 大地泠洌之水水
品名匹配：LCS子序列(33.3%) | ✅
结果    ：❌ FAIL | 原因：规格不匹配
============================================================
🔧 校验失败原因为规格不匹配，尝试进入规格面板匹配...

[DEBUG][get_sku_price_auto] 开始匹配，搜索词: '爱马仕 霜冻大地 EDP 100ML 简装'
[DEBUG][get_sku_identifiers] 提取标识: ['100ml']
[DEBUG][get_sku_price_auto] 当前已选规格不匹配，尝试点击规格...
[DEBUG][get_sku_price_auto] 所有标识尝试完毕，仍无价格
⚠️ 规格匹配未获取到有效价格，已记录为匹配失败，校验结果强制为不通过

================================================================================
货品名称：Hermes/爱马仕大地泠洌之水(霜冻大地)浓香水EDP175ML正品
关键词：爱马仕 霜冻大地 EDP 100ML 简装
原价：698.0 | 现价：592.0
匹配规格：匹配失败 | 规格价格：
百亿补贴：是 | 日期：2024-01-01
校验通过：❌ False
================================================================================
--- 进入商品 2/3 ---
============================================================
搜索词 ：爱马仕 霜冻大地 EDP 100ML 简装
商品名 ：Hermes/爱马仕霜冻大地香水泠洌之水浓香水100ML正品节日礼物
品牌    ：爱马仕 → 爱马仕 | ✅
容量规格：{'100'} → {'100'} | ✅
色号    ：set() → set()
浓度    ：浓香 → 浓香 | ✅
简装    ：简装 →  | ✅
套装    ：不含 → 不含 | ✅
清洗后  ：霜冻大地简装 → 霜冻大地泠洌之水水节日礼物
品名匹配：词袋(60.0%) | ✅
结果    ：✅ PASS | 原因：所有检查通过
============================================================

================================================================================
货品名称：Hermes/爱马仕霜冻大地香水泠洌之水浓香水100ML正品节日礼物
关键词：爱马仕 霜冻大地 EDP 100ML 简装
原价：799.0 | 现价：501.0
百亿补贴：是 | 日期：2024-01-01
校验通过：✅ True
================================================================================
--- 进入商品 3/3 ---
============================================================
搜索词 ：爱马仕 霜冻大地 EDP 100ML 简装
商品名 ：Hermes/爱马仕霜冻大地男士浓香水冷冽之水100ml简装白盒无塑封
品牌    ：爱马仕 → 爱马仕 | ✅
容量规格：{'100'} → {'100'} | ✅
色号    ：set() → set()
浓度    ：浓香 → 浓香 | ✅
简装    ：简装 → 简装 | ✅
套装    ：不含 → 不含 | ✅
清洗后  ：霜冻大地简装 → 霜冻大地男士水冷冽之水简装白盒无塑封
品名匹配：词袋(80.0%) | ✅
结果    ：✅ PASS | 原因：所有检查通过
============================================================

================================================================================
货品名称：Hermes/爱马仕霜冻大地男士浓香水冷冽之水100ml简装白盒无塑封
关键词：爱马仕 霜冻大地 EDP 100ML 简装
原价：479.0 | 现价：406.0
百亿补贴：是 | 日期：2025-03-08
校验通过：✅ True
================================================================================
✅ 优先级 4 中已有商品通过校验，停止降级
📁 采集记录已保存，总行数：132
📋 校验记录已保存，总记录数：134
✅ 序号 499 已标记为已采集

⏸ 等待 1 秒后继续...
⏳ 等待下一个商品：[██████████████████████████████] 100% (1/1s)

🔍 搜索：爱马仕 屋顶花园EDT100ml简装

===== 优先级 2，共 1 个商品 =====
--- 进入商品 1/1 ---
============================================================
搜索词 ：爱马仕 屋顶花园EDT100ml简装
商品名 ：爱马仕(HERMES)屋顶花园中性淡香水EDT 100ML
品牌    ：爱马仕 → 爱马仕 | ✅
容量规格：{'100'} → {'100'} | ✅
色号    ：set() → set()
浓度    ： → 淡香 | ✅
简装    ：简装 →  | ✅
套装    ：不含 → 不含 | ✅
清洗后  ：屋顶花园简装 → 屋顶花园中性水
品名匹配：词袋(60.0%) | ✅
结果    ：✅ PASS | 原因：所有检查通过
============================================================

================================================================================
货品名称：爱马仕(HERMES)屋顶花园中性淡香水EDT 100ML
关键词：爱马仕 屋顶花园EDT100ml简装
原价：398.0 | 现价：398.0
百亿补贴：否 | 日期：2025-08-08
校验通过：✅ True
================================================================================
✅ 优先级 2 中已有商品通过校验，停止降级
📁 采集记录已保存，总行数：136
📋 校验记录已保存，总记录数：135
✅ 序号 500 已标记为已采集

⏸ 等待 1 秒后继续...
⏳ 等待下一个商品：[██████████████████████████████] 100% (1/1s)

🔍 搜索：巴宝莉 伦敦男士EDT 100ml

===== 优先级 2，共 4 个商品 =====
--- 进入商品 1/4 ---
============================================================
搜索词 ：巴宝莉 伦敦男士EDT 100ml
商品名 ：【海外原装】Burberry博柏利巴宝莉伦敦男士香水100ml持久留香【10月7日发完】
品牌    ：巴宝莉 → 巴宝莉 | ✅
容量规格：{'100'} → {'100'} | ✅
色号    ：set() → set()
浓度    ： →  | ✅
简装    ： →  | ✅
套装    ：不含 → 不含 | ✅
清洗后  ：伦敦男士 → 伦敦男士
品名匹配：词袋(100.0%) | ✅
结果    ：✅ PASS | 原因：所有检查通过
============================================================

================================================================================
货品名称：【海外原装】Burberry博柏利巴宝莉伦敦男士香水100ml持久留香【10月7日发完】
关键词：巴宝莉 伦敦男士EDT 100ml
原价：299.0 | 现价：187.9
百亿补贴：否 | 日期：2025-06-30
校验通过：✅ True
================================================================================
--- 进入商品 2/4 ---
============================================================
搜索词 ：巴宝莉 伦敦男士EDT 100ml
商品名 ：Burberry/巴宝莉伦敦男士淡香水100ml木质调清新礼物
品牌    ：巴宝莉 → 巴宝莉 | ✅
容量规格：{'100'} → {'100'} | ✅
色号    ：set() → set()
浓度    ： → 淡香 | ✅
简装    ： →  | ✅
套装    ：不含 → 不含 | ✅
清洗后  ：伦敦男士 → 伦敦男士水礼物
品名匹配：词袋(100.0%) | ✅
结果    ：✅ PASS | 原因：所有检查通过
============================================================

================================================================================
货品名称：Burberry/巴宝莉伦敦男士淡香水100ml木质调清新礼物
关键词：巴宝莉 伦敦男士EDT 100ml
原价：359.0 | 现价：359.0
百亿补贴：否 | 日期：2024-03-01
校验通过：✅ True
================================================================================
--- 进入商品 3/4 ---
============================================================
搜索词 ：巴宝莉 伦敦男士EDT 100ml
商品名 ：【BURBERRY】博柏利巴宝莉伦敦男士木质调淡香水送男友礼物EDT100ml
品牌    ：巴宝莉 → 巴宝莉 | ✅
容量规格：{'100'} → {'100'} | ✅
色号    ：set() → set()
浓度    ： → 淡香 | ✅
简装    ： →  | ✅
套装    ：不含 → 不含 | ✅
清洗后  ：伦敦男士 → 伦敦男士水送男友礼物
品名匹配：词袋(100.0%) | ✅
结果    ：✅ PASS | 原因：所有检查通过
============================================================

================================================================================
货品名称：【BURBERRY】博柏利巴宝莉伦敦男士木质调淡香水送男友礼物EDT100ml
关键词：巴宝莉 伦敦男士EDT 100ml
原价：None | 现价：None
百亿补贴：否 | 日期：2024-05-30
校验通过：✅ True
================================================================================
--- 进入商品 4/4 ---
============================================================
搜索词 ：巴宝莉 伦敦男士EDT 100ml
商品名 ：【礼盒礼袋 】BURBERRY博柏利巴宝莉新伦敦男士EDT淡香水送人礼物
品牌    ：巴宝莉 → 巴宝莉 | ✅
容量规格：{'100'} → set() | ❌
色号    ：set() → set()
浓度    ： → 淡香 | ✅
简装    ： →  | ✅
套装    ：不含 → 不含 | ✅
清洗后  ：伦敦男士 → 新伦敦男士水送人礼物
品名匹配：词袋(100.0%) | ✅
结果    ：❌ FAIL | 原因：规格不匹配
============================================================
🔧 校验失败原因为规格不匹配，尝试进入规格面板匹配...

[DEBUG][get_sku_price_auto] 开始匹配，搜索词: '巴宝莉 伦敦男士EDT 100ml'
[DEBUG][get_sku_identifiers] 提取标识: ['100ml']
[DEBUG][get_sku_price_auto] 当前已选规格匹配，价格: 199.95
✅ 规格匹配成功，且品名已匹配，校验通过

================================================================================
货品名称：【礼盒礼袋 】BURBERRY博柏利巴宝莉新伦敦男士EDT淡香水送人礼物
关键词：巴宝莉 伦敦男士EDT 100ml
原价：169.0 | 现价：199.95
匹配规格：已选择： 伦敦男士淡香水EDT100ml【送礼盒礼袋】 | 规格价格：199.95
百亿补贴：否 | 日期：2024-07-01
校验通过：✅ True
================================================================================
✅ 优先级 2 中已有商品通过校验，停止降级
📁 采集记录已保存，总行数：141
📋 校验记录已保存，总记录数：139
✅ 序号 501 已标记为已采集

⏸ 等待 1 秒后继续...
⏳ 等待下一个商品：[██████████████████████████████] 100% (1/1s)

🔍 搜索：巴宝莉 我的巴宝莉黑色版EDP 50ml

===== 优先级 2，共 1 个商品 =====
--- 进入商品 1/1 ---
============================================================
搜索词 ：巴宝莉 我的巴宝莉黑色版EDP 50ml
商品名 ：【平潭保税】Burberry博柏利我的博柏利浓香水黑色版50ml礼物花香
品牌    ：巴宝莉 → 巴宝莉 | ✅
容量规格：{'50'} → {'50'} | ✅
色号    ：set() → set()
浓度    ：浓香 → 浓香 | ✅
简装    ： →  | ✅
套装    ：不含 → 不含 | ✅
清洗后  ：我的黑色 → 我的水黑色礼物花香
品名匹配：词袋(66.7%) | ✅
结果    ：✅ PASS | 原因：所有检查通过
============================================================

================================================================================
货品名称：【平潭保税】Burberry博柏利我的博柏利浓香水黑色版50ml礼物花香
关键词：巴宝莉 我的巴宝莉黑色版EDP 50ml
原价：285.0 | 现价：285.0
百亿补贴：否 | 日期：2025-05-22
校验通过：✅ True
================================================================================
✅ 优先级 2 中已有商品通过校验，停止降级
📁 采集记录已保存，总行数：145
📋 校验记录已保存，总记录数：140
✅ 序号 502 已标记为已采集

⏸ 等待 1 秒后继续...
⏳ 等待下一个商品：[██████████████████████████████] 100% (1/1s)

🔍 搜索：巴宝莉 周末女士EDP 100ml

===== 优先级 4，共 1 个商品 =====
--- 进入商品 1/1 ---
============================================================
搜索词 ：巴宝莉 周末女士EDP 100ml
商品名 ：BURBERRY/博柏利周末女士浓香水100ml清新花香调正品节日礼物
品牌    ：巴宝莉 → 巴宝莉 | ✅
容量规格：{'100'} → {'100'} | ✅
色号    ：set() → set()
浓度    ：浓香 → 浓香 | ✅
简装    ： →  | ✅
套装    ：不含 → 不含 | ✅
清洗后  ：周末女士 → 周末女士水节日礼物
品名匹配：词袋(100.0%) | ✅
结果    ：✅ PASS | 原因：所有检查通过
============================================================

================================================================================
货品名称：BURBERRY/博柏利周末女士浓香水100ml清新花香调正品节日礼物
关键词：巴宝莉 周末女士EDP 100ml
原价：173.99 | 现价：173.99
百亿补贴：是 | 日期：2023-07-01
校验通过：✅ True
================================================================================
✅ 优先级 4 中已有商品通过校验，停止降级
📁 采集记录已保存，总行数：147
📋 校验记录已保存，总记录数：141
✅ 序号 503 已标记为已采集

⏸ 等待 1 秒后继续...
⏳ 等待下一个商品：[██████████████████████████████] 100% (1/1s)

🔍 搜索：宝格丽 白水晶EDT50ml（25年）

===== 优先级 4，共 3 个商品 =====
--- 进入商品 1/3 ---
============================================================
搜索词 ：宝格丽 白水晶EDT50ml（25年）
商品名 ：【宝格丽】白晶香水淡香EDT50ml淡雅幽香
品牌    ：宝格丽 → 宝格丽 | ✅
容量规格：{'50'} → {'50'} | ✅
色号    ：set() → set()
浓度    ： → 淡香 | ✅
简装    ： →  | ✅
套装    ：不含 → 不含 | ✅
清洗后  ：白水晶 → 白晶幽香
品名匹配：LCS子序列(66.7%) | ✅
结果    ：✅ PASS | 原因：所有检查通过
============================================================

================================================================================
货品名称：【宝格丽】白晶香水淡香EDT50ml淡雅幽香
关键词：宝格丽 白水晶EDT50ml（25年）
原价：459.0 | 现价：368.0
百亿补贴：是 | 日期：2025-10-01
校验通过：✅ True
================================================================================
--- 进入商品 2/3 ---
============================================================
搜索词 ：宝格丽 白水晶EDT50ml（25年）
商品名 ：【正品行货】BVLGARI宝格丽白晶淡香氛水晶洁净果香调EDT 50ml
品牌    ：宝格丽 → 宝格丽 | ✅
容量规格：{'50'} → {'50'} | ✅
色号    ：set() → set()
浓度    ： → 淡香 | ✅
简装    ： →  | ✅
套装    ：不含 → 不含 | ✅
清洗后  ：白水晶 → 白晶氛水晶洁净
品名匹配：词袋(50.0%) | ✅
结果    ：✅ PASS | 原因：所有检查通过
============================================================

================================================================================
货品名称：【正品行货】BVLGARI宝格丽白晶淡香氛水晶洁净果香调EDT 50ml
关键词：宝格丽 白水晶EDT50ml（25年）
原价：458.0 | 现价：435.0
百亿补贴：是 | 日期：2025-06-01
校验通过：✅ True
================================================================================
--- 进入商品 3/3 ---
============================================================
搜索词 ：宝格丽 白水晶EDT50ml（25年）
商品名 ：【正品行货】BVLGARI宝格丽白晶淡香水木质花果香EDT水晶瓶50ml
品牌    ：宝格丽 → 宝格丽 | ✅
容量规格：{'50'} → {'50'} | ✅
色号    ：set() → set()
浓度    ： → 淡香 | ✅
简装    ： →  | ✅
套装    ：不含 → 不含 | ✅
清洗后  ：白水晶 → 白晶水木质花果香水晶瓶
品名匹配：词袋(50.0%) | ✅
结果    ：✅ PASS | 原因：所有检查通过
============================================================

================================================================================
货品名称：【正品行货】BVLGARI宝格丽白晶淡香水木质花果香EDT水晶瓶50ml
关键词：宝格丽 白水晶EDT50ml（25年）
原价：None | 现价：None
百亿补贴：是 | 日期：2024-12-31
校验通过：✅ True
================================================================================
✅ 优先级 4 中已有商品通过校验，停止降级
📁 采集记录已保存，总行数：151
📋 校验记录已保存，总记录数：144
✅ 序号 504 已标记为已采集

⏸ 等待 1 秒后继续...
⏳ 等待下一个商品：[██████████████████████████████] 100% (1/1s)

🔍 搜索：宝格丽 大吉岭EDT100ml（25年）

===== 优先级 4，共 3 个商品 =====
--- 进入商品 1/3 ---
============================================================
搜索词 ：宝格丽 大吉岭EDT100ml（25年）
商品名 ：【正品行货】BVLGARI大吉岭茶淡香水EDT50/100ml正品正装拆封不退
品牌    ：宝格丽 → 宝格丽 | ✅
容量规格：{'100'} → {'100', '50'} | ✅
色号    ：set() → set()
浓度    ： → 淡香 | ✅
简装    ： →  | ✅
套装    ：不含 → 不含 | ✅
清洗后  ：大吉岭 → 大吉岭茶水正装拆封不退
品名匹配：词袋(100.0%) | ✅
结果    ：✅ PASS | 原因：所有检查通过
============================================================
🔧 标题包含多规格 (容量:{'100', '50'}, 色号:set())，尝试进入规格面板匹配...

[DEBUG][get_sku_price_auto] 开始匹配，搜索词: '宝格丽 大吉岭EDT100ml（25年）'
[DEBUG][get_sku_identifiers] 提取标识: ['100ml']
[DEBUG][get_sku_price_auto] 当前已选规格匹配，价格: 418
✅ 规格匹配成功，且品名已匹配，校验通过

================================================================================
货品名称：【正品行货】BVLGARI大吉岭茶淡香水EDT50/100ml正品正装拆封不退
关键词：宝格丽 大吉岭EDT100ml（25年）
原价：616.0 | 现价：418
匹配规格：已选择： 大吉岭茶淡香水100ml | 规格价格：418
百亿补贴：是 | 日期：2025-02-28
校验通过：✅ True
================================================================================
--- 进入商品 2/3 ---
============================================================
搜索词 ：宝格丽 大吉岭EDT100ml（25年）
商品名 ：【宝格丽】大吉岭茶淡香水100ML木质调清新持久留香送人礼物
品牌    ：宝格丽 → 宝格丽 | ✅
容量规格：{'100'} → {'100'} | ✅
色号    ：set() → set()
浓度    ： → 淡香 | ✅
简装    ： →  | ✅
套装    ：不含 → 不含 | ✅
清洗后  ：大吉岭 → 大吉岭茶水送人礼物
品名匹配：词袋(100.0%) | ✅
结果    ：✅ PASS | 原因：所有检查通过
============================================================

================================================================================
货品名称：【宝格丽】大吉岭茶淡香水100ML木质调清新持久留香送人礼物
关键词：宝格丽 大吉岭EDT100ml（25年）
原价：509.0 | 现价：463.0
百亿补贴：是 | 日期：2024-08-01
校验通过：✅ True
================================================================================
--- 进入商品 3/3 ---
============================================================
搜索词 ：宝格丽 大吉岭EDT100ml（25年）
商品名 ：【正品保证】宝格丽 大吉岭茶香水 100ml EDP 简装
品牌    ：宝格丽 → 宝格丽 | ✅
容量规格：{'100'} → {'100'} | ✅
色号    ：set() → set()
浓度    ： → 浓香 | ✅
简装    ： → 简装 | ✅
套装    ：不含 → 不含 | ✅
清洗后  ：大吉岭 → 大吉岭茶简装
品名匹配：词袋(100.0%) | ✅
结果    ：✅ PASS | 原因：所有检查通过
============================================================

================================================================================
货品名称：【正品保证】宝格丽 大吉岭茶香水 100ml EDP 简装
关键词：宝格丽 大吉岭EDT100ml（25年）
原价：499.0 | 现价：440.0
百亿补贴：是 | 日期：2025-08-25
校验通过：✅ True
================================================================================
✅ 优先级 4 中已有商品通过校验，停止降级
📁 采集记录已保存，总行数：156
📋 校验记录已保存，总记录数：147
✅ 序号 505 已标记为已采集

⏸ 等待 1 秒后继续...
⏳ 等待下一个商品：[██████████████████████████████] 100% (1/1s)

🔍 搜索：宝格丽 男士大吉岭茶EDP100ml

===== 优先级 4，共 2 个商品 =====
--- 进入商品 1/2 ---
============================================================
搜索词 ：宝格丽 男士大吉岭茶EDP100ml
商品名 ：【正品行货】BVLGARI宝格丽大吉岭茶EDP100ml浓香正装拆封不退
品牌    ：宝格丽 → 宝格丽 | ✅
容量规格：{'100'} → {'100'} | ✅
色号    ：set() → set()
浓度    ：浓香 → 浓香 | ✅
简装    ： →  | ✅
套装    ：不含 → 不含 | ✅
清洗后  ：男士大吉岭茶 → 大吉岭茶正装拆封不退
品名匹配：词袋(60.0%) | ✅
结果    ：✅ PASS | 原因：所有检查通过
============================================================

================================================================================
货品名称：【正品行货】BVLGARI宝格丽大吉岭茶EDP100ml浓香正装拆封不退
关键词：宝格丽 男士大吉岭茶EDP100ml
原价：830.0 | 现价：498.0
百亿补贴：是 | 日期：2025-09-30
校验通过：✅ True
================================================================================
--- 进入商品 2/2 ---
============================================================
搜索词 ：宝格丽 男士大吉岭茶EDP100ml
商品名 ：【正品保证】宝格丽 大吉岭茶香水 100ml EDP 简装
品牌    ：宝格丽 → 宝格丽 | ✅
容量规格：{'100'} → {'100'} | ✅
色号    ：set() → set()
浓度    ：浓香 → 浓香 | ✅
简装    ： → 简装 | ✅
套装    ：不含 → 不含 | ✅
清洗后  ：男士大吉岭茶 → 大吉岭茶简装
品名匹配：词袋(60.0%) | ✅
结果    ：✅ PASS | 原因：所有检查通过
============================================================

================================================================================
货品名称：【正品保证】宝格丽 大吉岭茶香水 100ml EDP 简装
关键词：宝格丽 男士大吉岭茶EDP100ml
原价：499.0 | 现价：440.0
百亿补贴：是 | 日期：2025-08-25
校验通过：✅ True
================================================================================
✅ 优先级 4 中已有商品通过校验，停止降级
📁 采集记录已保存，总行数：161
📋 校验记录已保存，总记录数：149
✅ 序号 506 已标记为已采集

⏸ 等待 1 秒后继续...
⏳ 等待下一个商品：[██████████████████████████████] 100% (1/1s)

🔍 搜索：碧欧泉 水动力乳液100ml*2 对装

===== 优先级 4，共 2 个商品 =====
--- 进入商品 1/2 ---
============================================================
搜索词 ：碧欧泉 水动力乳液100ml*2 对装
商品名 ：【碧欧泉】Biotherm碧欧泉男士水动力新款保湿乳100ml保湿补水
品牌    ：碧欧泉 → 碧欧泉 | ✅
容量规格：{'100', '2'} → {'100'} | ❌
色号    ：set() → set()
浓度    ： →  | ✅
简装    ： →  | ✅
套装    ：不含 → 不含 | ✅
清洗后  ：水动力乳液装 → 男士水动力新乳补水
品名匹配：词袋(50.0%) | ✅
结果    ：❌ FAIL | 原因：规格不匹配
============================================================
🔧 校验失败原因为规格不匹配，尝试进入规格面板匹配...

[DEBUG][get_sku_price_auto] 开始匹配，搜索词: '碧欧泉 水动力乳液100ml*2 对装'
[DEBUG][get_sku_identifiers] 提取标识: ['100ml']
[DEBUG][get_sku_price_auto] 当前已选规格匹配，价格: 205
✅ 规格匹配成功，且品名已匹配，校验通过

================================================================================
货品名称：【碧欧泉】Biotherm碧欧泉男士水动力新款保湿乳100ml保湿补水
关键词：碧欧泉 水动力乳液100ml*2 对装
原价：255.0 | 现价：205
匹配规格：已选择： 水动力保湿乳液100ml | 规格价格：205
百亿补贴：是 | 日期：2025-04-01
校验通过：✅ True
================================================================================
--- 进入商品 2/2 ---
============================================================
搜索词 ：碧欧泉 水动力乳液100ml*2 对装
商品名 ：【海外原装】碧欧泉男士水动力新款保湿乳100ml 平衡舒缓保湿补水
品牌    ：碧欧泉 → 碧欧泉 | ✅
容量规格：{'100', '2'} → {'100'} | ❌
色号    ：set() → set()
浓度    ： →  | ✅
简装    ： →  | ✅
套装    ：不含 → 不含 | ✅
清洗后  ：水动力乳液装 → 男士水动力新乳平衡舒缓补水
品名匹配：词袋(50.0%) | ✅
结果    ：❌ FAIL | 原因：规格不匹配
============================================================
🔧 校验失败原因为规格不匹配，尝试进入规格面板匹配...

[DEBUG][get_sku_price_auto] 开始匹配，搜索词: '碧欧泉 水动力乳液100ml*2 对装'
[DEBUG][get_sku_identifiers] 提取标识: ['100ml']
[DEBUG][get_sku_price_auto] 当前已选规格匹配，价格: 196.57
✅ 规格匹配成功，且品名已匹配，校验通过

================================================================================
货品名称：【海外原装】碧欧泉男士水动力新款保湿乳100ml 平衡舒缓保湿补水
关键词：碧欧泉 水动力乳液100ml*2 对装
原价：299.0 | 现价：196.57
匹配规格：已选择： 100mL | 规格价格：196.57
百亿补贴：是 | 日期：2026-01-15
校验通过：✅ True
================================================================================
✅ 优先级 4 中已有商品通过校验，停止降级
📁 采集记录已保存，总行数：165
📋 校验记录已保存，总记录数：151
✅ 序号 507 已标记为已采集

⏸ 等待 1 秒后继续...
⏳ 等待下一个商品：[██████████████████████████████] 100% (1/1s)

🔍 搜索：碧欧泉水动力面霜50ml

===== 优先级 4，共 2 个商品 =====
--- 进入商品 1/2 ---
============================================================
搜索词 ：碧欧泉水动力面霜50ml
商品名 ：【海外直采】碧欧泉Biotherm男士动力水凝润泽50ml补水滋润面霜
品牌    ：碧欧泉 → 碧欧泉 | ✅
容量规格：{'50'} → {'50'} | ✅
色号    ：set() → set()
浓度    ： →  | ✅
简装    ： →  | ✅
套装    ：不含 → 不含 | ✅
清洗后  ：水动力面霜 → 男士动力水凝润泽补水面霜
品名匹配：词袋(50.0%) | ✅
结果    ：✅ PASS | 原因：所有检查通过
============================================================

================================================================================
货品名称：【海外直采】碧欧泉Biotherm男士动力水凝润泽50ml补水滋润面霜
关键词：碧欧泉水动力面霜50ml
原价：177.0 | 现价：177.0
百亿补贴：是 | 日期：2025-07-31
校验通过：✅ True
================================================================================
--- 进入商品 2/2 ---
============================================================
搜索词 ：碧欧泉水动力面霜50ml
商品名 ：【碧欧泉】绿活泉润透水分保湿水动力面霜50ml保湿补水
品牌    ：碧欧泉 → 碧欧泉 | ✅
容量规格：{'50'} → {'50'} | ✅
色号    ：set() → set()
浓度    ： →  | ✅
简装    ： →  | ✅
套装    ：不含 → 不含 | ✅
清洗后  ：水动力面霜 → 绿活泉润透水分水动力面霜补水
品名匹配：词袋(100.0%) | ✅
结果    ：✅ PASS | 原因：所有检查通过
============================================================

================================================================================
货品名称：【碧欧泉】绿活泉润透水分保湿水动力面霜50ml保湿补水
关键词：碧欧泉水动力面霜50ml
原价：None | 现价：None
百亿补贴：是 | 日期：2025-03-01
校验通过：✅ True
================================================================================
✅ 优先级 4 中已有商品通过校验，停止降级
📁 采集记录已保存，总行数：169
📋 校验记录已保存，总记录数：153
✅ 序号 508 已标记为已采集

⏸ 等待 1 秒后继续...
⏳ 等待下一个商品：[██████████████████████████████] 100% (1/1s)

🔍 搜索：黛珂 小紫瓶精华50ml
⚠️ 检测到‘进店’，下滑40%屏刷新商品列表

===== 优先级 4，共 4 个商品 =====
--- 进入商品 1/4 ---
============================================================
搜索词 ：黛珂 小紫瓶精华50ml
商品名 ：【正品行货】黛珂肌源修护小紫瓶精华面霜保湿维稳紧致礼物礼盒
品牌    ：黛珂 → 黛珂 | ✅
容量规格：{'50'} → set() | ❌
色号    ：set() → set()
浓度    ： →  | ✅
简装    ： →  | ✅
套装    ：不含 → 不含 | ✅
清洗后  ：小紫瓶 → 肌源小紫瓶面霜维稳紧致礼物礼盒
品名匹配：词袋(100.0%) | ✅
结果    ：❌ FAIL | 原因：规格不匹配
============================================================
🔧 校验失败原因为规格不匹配，尝试进入规格面板匹配...

[DEBUG][get_sku_price_auto] 开始匹配，搜索词: '黛珂 小紫瓶精华50ml'
[DEBUG][get_sku_identifiers] 提取标识: ['50ml']
[DEBUG][get_sku_price_auto] 当前已选规格不匹配，尝试点击规格...
[DEBUG][get_sku_price_auto] 所有标识尝试完毕，仍无价格
⚠️ 规格匹配未获取到有效价格，已记录为匹配失败，校验结果强制为不通过

================================================================================
货品名称：【正品行货】黛珂肌源修护小紫瓶精华面霜保湿维稳紧致礼物礼盒
关键词：黛珂 小紫瓶精华50ml
原价：243.0 | 现价：243.0
匹配规格：匹配失败 | 规格价格：
百亿补贴：是 | 日期：2025-06-01
校验通过：❌ False
================================================================================
--- 进入商品 2/4 ---
============================================================
搜索词 ：黛珂 小紫瓶精华50ml
商品名 ：【Cosme Decorte】 黛珂 小紫瓶 肌源修护精华液 50ml
品牌    ：黛珂 → 黛珂 | ✅
容量规格：{'50'} → {'50'} | ✅
色号    ：set() → set()
浓度    ： →  | ✅
简装    ： →  | ✅
套装    ：不含 → 不含 | ✅
清洗后  ：小紫瓶 → 小紫瓶肌源液
品名匹配：词袋(100.0%) | ✅
结果    ：✅ PASS | 原因：所有检查通过
============================================================

================================================================================
货品名称：【Cosme Decorte】 黛珂 小紫瓶 肌源修护精华液 50ml
关键词：黛珂 小紫瓶精华50ml
原价：320.0 | 现价：245.0
百亿补贴：是 | 日期：2024-12-01
校验通过：✅ True
================================================================================
--- 进入商品 3/4 ---
============================================================
搜索词 ：黛珂 小紫瓶精华50ml
商品名 ：Cosme Decorte/黛珂二代小紫瓶精华100ml 淡化细纹
品牌    ：黛珂 → 黛珂 | ✅
容量规格：{'50'} → {'100'} | ❌
色号    ：set() → set()
浓度    ： →  | ✅
简装    ： →  | ✅
套装    ：不含 → 不含 | ✅
清洗后  ：小紫瓶 → cosme二代小紫瓶淡化细纹
品名匹配：词袋(100.0%) | ✅
结果    ：❌ FAIL | 原因：规格不匹配
============================================================
🔧 校验失败原因为规格不匹配，尝试进入规格面板匹配...

[DEBUG][get_sku_price_auto] 开始匹配，搜索词: '黛珂 小紫瓶精华50ml'
[DEBUG][get_sku_identifiers] 提取标识: ['50ml']
[DEBUG][get_sku_price_auto] 当前已选规格不匹配，尝试点击规格...
[DEBUG][get_sku_price_auto] 所有标识尝试完毕，仍无价格
⚠️ 规格匹配未获取到有效价格，已记录为匹配失败，校验结果强制为不通过

================================================================================
货品名称：Cosme Decorte/黛珂二代小紫瓶精华100ml 淡化细纹
关键词：黛珂 小紫瓶精华50ml
原价：599.0 | 现价：385.0
匹配规格：匹配失败 | 规格价格：
百亿补贴：是 | 日期：2025-06-01
校验通过：❌ False
================================================================================
--- 进入商品 4/4 ---
============================================================
搜索词 ：黛珂 小紫瓶精华50ml
商品名 ：【黛珂】小紫瓶精华50ml 淡化细纹补水保湿
品牌    ：黛珂 → 黛珂 | ✅
容量规格：{'50'} → {'50'} | ✅
色号    ：set() → set()
浓度    ： →  | ✅
简装    ： →  | ✅
套装    ：不含 → 不含 | ✅
清洗后  ：小紫瓶 → 小紫瓶淡化细纹补水
品名匹配：词袋(100.0%) | ✅
结果    ：✅ PASS | 原因：所有检查通过
============================================================

================================================================================
货品名称：【黛珂】小紫瓶精华50ml 淡化细纹补水保湿
关键词：黛珂 小紫瓶精华50ml
原价：309.0 | 现价：228.0
百亿补贴：是 | 日期：2025-07-01
校验通过：✅ True
================================================================================
✅ 优先级 4 中已有商品通过校验，停止降级
📁 采集记录已保存，总行数：174
📋 校验记录已保存，总记录数：157
✅ 序号 509 已标记为已采集

⏸ 等待 1 秒后继续...
⏳ 等待下一个商品：[██████████████████████████████] 100% (1/1s)

🔍 搜索：黛珂牛油果乳液300ML
⚠️ 检测到‘进店’，下滑40%屏刷新商品列表

===== 优先级 4，共 1 个商品 =====
--- 进入商品 1/1 ---
============================================================
搜索词 ：黛珂牛油果乳液300ML
商品名 ：【正品行货】黛珂牛油果植萃乳液祛痘控油保湿紧致150ml
品牌    ：黛珂 → 黛珂 | ✅
容量规格：{'300'} → {'150'} | ❌
色号    ：set() → set()
浓度    ： →  | ✅
简装    ： →  | ✅
套装    ：不含 → 不含 | ✅
清洗后  ：牛油果乳液 → 牛油果植萃乳液祛痘紧致
品名匹配：词袋(66.7%) | ✅
结果    ：❌ FAIL | 原因：规格不匹配
============================================================
🔧 校验失败原因为规格不匹配，尝试进入规格面板匹配...

[DEBUG][get_sku_price_auto] 开始匹配，搜索词: '黛珂牛油果乳液300ML'
[DEBUG][get_sku_identifiers] 提取标识: ['300ml']
[DEBUG][get_sku_price_auto] 当前已选规格不匹配，尝试点击规格...
[DEBUG][get_sku_price_auto] 所有标识尝试完毕，仍无价格
⚠️ 规格匹配未获取到有效价格，已记录为匹配失败，校验结果强制为不通过

================================================================================
货品名称：【正品行货】黛珂牛油果植萃乳液祛痘控油保湿紧致150ml
关键词：黛珂牛油果乳液300ML
原价：None | 现价：None
匹配规格：匹配失败 | 规格价格：
百亿补贴：是 | 日期：2023-09-02
校验通过：❌ False
================================================================================
⚠️ 优先级 4 全部未通过，尝试下一优先级

===== 优先级 2，共 1 个商品 =====
--- 进入商品 1/1 ---
============================================================
搜索词 ：黛珂牛油果乳液300ML
商品名 ：DECORTE黛珂 牛油果植萃乳液300ML 保湿紧致弹润控油细腻滋润
品牌    ：黛珂 → 黛珂 | ✅
容量规格：{'300'} → {'300'} | ✅
色号    ：set() → set()
浓度    ： →  | ✅
简装    ： →  | ✅
套装    ：不含 → 不含 | ✅
清洗后  ：牛油果乳液 → 牛油果植萃乳液紧致弹润细腻
品名匹配：词袋(66.7%) | ✅
结果    ：✅ PASS | 原因：所有检查通过
============================================================

================================================================================
货品名称：DECORTE黛珂 牛油果植萃乳液300ML 保湿紧致弹润控油细腻滋润
关键词：黛珂牛油果乳液300ML
原价：14.0 | 现价：139.9
百亿补贴：否 | 日期：
校验通过：✅ True
================================================================================
✅ 优先级 2 中已有商品通过校验，停止降级
📁 采集记录已保存，总行数：180
📋 校验记录已保存，总记录数：159
✅ 序号 510 已标记为已采集

⏸ 等待 1 秒后继续...
⏳ 等待下一个商品：[██████████████████████████████] 100% (1/1s)

🔍 搜索：黛珂四色散粉101

===== 优先级 4，共 1 个商品 =====
--- 进入商品 1/1 ---
============================================================
搜索词 ：黛珂四色散粉101
商品名 ：【正品行货】黛珂心悦容光幻纱蜜粉调光师四色定妆散粉持妆遮礼盒
品牌    ：黛珂 → 黛珂 | ✅
容量规格：set() → set() | ❌
色号    ：{'101'} → set()
浓度    ： →  | ✅
简装    ： →  | ✅
套装    ：不含 → 不含 | ✅
清洗后  ：四色散粉 → 心悦容光幻纱蜜粉调光师四色定妆散粉持妆遮礼盒
品名匹配：词袋(66.7%) | ✅
结果    ：❌ FAIL | 原因：规格不匹配
============================================================
🔧 校验失败原因为规格不匹配，尝试进入规格面板匹配...

[DEBUG][get_sku_price_auto] 开始匹配，搜索词: '黛珂四色散粉101'
[DEBUG][get_sku_identifiers] 提取标识: ['101']
[DEBUG][get_sku_price_auto] 当前已选规格匹配，价格: 246
✅ 规格匹配成功，且品名已匹配，校验通过

================================================================================
货品名称：【正品行货】黛珂心悦容光幻纱蜜粉调光师四色定妆散粉持妆遮礼盒
关键词：黛珂四色散粉101
原价：246.0 | 现价：246
匹配规格：已选择： 【高定礼盒】四色蜜粉#101+素颜乳#01 | 规格价格：246
百亿补贴：是 | 日期：2025-05-01
校验通过：✅ True
================================================================================
✅ 优先级 4 中已有商品通过校验，停止降级
📁 采集记录已保存，总行数：182
📋 校验记录已保存，总记录数：160
✅ 序号 511 已标记为已采集

⏸ 等待 1 秒后继续...
⏳ 等待下一个商品：[██████████████████████████████] 100% (1/1s)

🔍 搜索：黛珂植物韵律乳液200ml滋润

===== 优先级 4，共 1 个商品 =====
--- 进入商品 1/1 ---
============================================================
搜索词 ：黛珂植物韵律乳液200ml滋润
商品名 ：【正品行货】黛珂植物欣韵弹润乳液200ml保湿滋润紧致
品牌    ：黛珂 → 黛珂 | ✅
容量规格：{'200'} → {'200'} | ✅
色号    ：set() → set()
浓度    ： →  | ✅
简装    ： →  | ✅
套装    ：不含 → 不含 | ✅
清洗后  ：植物韵律乳液 → 植物欣韵弹润乳液紧致
品名匹配：LCS子序列(83.3%) | ✅
结果    ：✅ PASS | 原因：所有检查通过
============================================================

================================================================================
货品名称：【正品行货】黛珂植物欣韵弹润乳液200ml保湿滋润紧致
关键词：黛珂植物韵律乳液200ml滋润
原价：133.0 | 现价：133.0
百亿补贴：是 | 日期：2025-04-02
校验通过：✅ True
================================================================================
✅ 优先级 4 中已有商品通过校验，停止降级
📁 采集记录已保存，总行数：184
📋 校验记录已保存，总记录数：161
✅ 序号 512 已标记为已采集

⏸ 等待 1 秒后继续...
⏳ 等待下一个商品：[██████████████████████████████] 100% (1/1s)

🔍 搜索：黛珂紫苏水300ml两瓶装
🔽 降级到全球购，返回顶部并重新识别（不自动下滑）

===== 优先级 1，共 3 个商品 =====
--- 进入商品 1/3 ---
============================================================
搜索词 ：黛珂紫苏水300ml两瓶装
商品名 ：【黛珂】紫苏植萃精华水30ml爽肤水舒缓化妆水改善痘痘闭口控油保湿水
品牌    ：黛珂 → 黛珂 | ✅
容量规格：{'300', '2'} → {'30'} | ❌
色号    ：set() → set()
浓度    ： →  | ✅
简装    ： →  | ✅
套装    ：不含 → 不含 | ✅
清洗后  ：紫苏水 → 紫苏植萃水爽肤水舒缓化妆水改善痘痘闭口水
品名匹配：词袋(50.0%) | ✅
结果    ：❌ FAIL | 原因：规格不匹配
============================================================
🔧 校验失败原因为规格不匹配，尝试进入规格面板匹配...

[DEBUG][get_sku_price_auto] 开始匹配，搜索词: '黛珂紫苏水300ml两瓶装'
[DEBUG][get_sku_identifiers] 提取标识: ['300ml']
[DEBUG][get_sku_price_auto] 当前已选规格不匹配，尝试点击规格...
[DEBUG][get_sku_price_auto] 所有标识尝试完毕，仍无价格
⚠️ 规格匹配未获取到有效价格，已记录为匹配失败，校验结果强制为不通过

================================================================================
货品名称：【黛珂】紫苏植萃精华水30ml爽肤水舒缓化妆水改善痘痘闭口控油保湿水
关键词：黛珂紫苏水300ml两瓶装
原价：None | 现价：None
匹配规格：匹配失败 | 规格价格：
百亿补贴：否 | 日期：
校验通过：❌ False
================================================================================
--- 进入商品 2/3 ---
============================================================
搜索词 ：黛珂紫苏水300ml两瓶装
商品名 ：Cosme Decorte/黛珂紫苏水牛油果150ml乳液水乳保湿300ml补水
品牌    ：黛珂 → 黛珂 | ✅
容量规格：{'300', '2'} → {'150', '300'} | ❌
色号    ：set() → set()
浓度    ： →  | ✅
简装    ： →  | ✅
套装    ：不含 → 不含 | ✅
清洗后  ：紫苏水 → cosme紫苏水牛油果乳液水乳补水
品名匹配：词袋(100.0%) | ✅
结果    ：❌ FAIL | 原因：规格不匹配
============================================================
🔧 标题包含多规格 (容量:{'150', '300'}, 色号:set())，尝试进入规格面板匹配...

[DEBUG][get_sku_price_auto] 开始匹配，搜索词: '黛珂紫苏水300ml两瓶装'
[DEBUG][get_sku_identifiers] 提取标识: ['300ml']
[DEBUG][get_sku_price_auto] 当前已选规格不匹配，尝试点击规格...
[DEBUG] 容量 300ml 找到 2 个控件
[DEBUG] 多个容量无浓度要求，点击第一个: 300ml
[DEBUG] 点击容量 300ml 后已选文本为 已选择： 紫苏水150ml，不包含目标容量，放弃
[DEBUG][get_sku_price_auto] 所有标识尝试完毕，仍无价格
⚠️ 规格匹配未获取到有效价格，已记录为匹配失败，校验结果强制为不通过

================================================================================
货品名称：Cosme Decorte/黛珂紫苏水牛油果150ml乳液水乳保湿300ml补水
关键词：黛珂紫苏水300ml两瓶装
原价：99.0 | 现价：99.0
匹配规格：匹配失败 | 规格价格：
百亿补贴：否 | 日期：
校验通过：❌ False
================================================================================
--- 进入商品 3/3 ---
============================================================
搜索词 ：黛珂紫苏水300ml两瓶装
商品名 ：Decorte黛珂紫苏水清爽控油保湿淡化痘印收缩毛孔爽肤水正品300ml【5天内发货】
品牌    ：黛珂 → 黛珂 | ✅
容量规格：{'300', '2'} → {'300'} | ❌
色号    ：set() → set()
浓度    ： →  | ✅
简装    ： →  | ✅
套装    ：不含 → 不含 | ✅
清洗后  ：紫苏水 → 紫苏水淡化痘印收缩毛孔爽肤水
品名匹配：词袋(100.0%) | ✅
结果    ：❌ FAIL | 原因：规格不匹配
============================================================
🔧 校验失败原因为规格不匹配，尝试进入规格面板匹配...

[DEBUG][get_sku_price_auto] 开始匹配，搜索词: '黛珂紫苏水300ml两瓶装'
[DEBUG][get_sku_identifiers] 提取标识: ['300ml']
[DEBUG][get_sku_price_auto] 当前已选规格匹配，价格: 167
✅ 规格匹配成功，且品名已匹配，校验通过

================================================================================
货品名称：Decorte黛珂紫苏水清爽控油保湿淡化痘印收缩毛孔爽肤水正品300ml【5天内发货】
关键词：黛珂紫苏水300ml两瓶装
原价：255.0 | 现价：167
匹配规格：已选择： 黛珂紫苏水300ml | 规格价格：167
百亿补贴：否 | 日期：
校验通过：✅ True
================================================================================
✅ 优先级 1 中已有商品通过校验，停止降级
📁 采集记录已保存，总行数：188
📋 校验记录已保存，总记录数：164
✅ 序号 513 已标记为已采集

⏸ 等待 1 秒后继续...
⏳ 等待下一个商品：[██████████████████████████████] 100% (1/1s)

🔍 搜索：迪奥 迪奥小姐馥郁香精50ml黑色蝴蝶结

===== 优先级 4，共 4 个商品 =====
--- 进入商品 1/4 ---
============================================================
搜索词 ：迪奥 迪奥小姐馥郁香精50ml黑色蝴蝶结
商品名 ：海外直邮 Dior 迪奥 真我倾世之金香精50ml(简装)【5天内发货】
品牌    ：迪奥 → 迪奥 | ✅
容量规格：{'50'} → {'50'} | ✅
色号    ：set() → set()
浓度    ：浓香 → 浓香 | ✅
简装    ： → 简装 | ✅
套装    ：不含 → 不含 | ✅
清洗后  ：小姐香精黑色蝴蝶结 → 海外真我倾世之金香精
品名匹配：LCS子序列(22.2%) | ❌
结果    ：❌ FAIL | 原因：品名相似不足(ratio=22.2%)
============================================================

================================================================================
货品名称：海外直邮 Dior 迪奥 真我倾世之金香精50ml(简装)【5天内发货】
关键词：迪奥 迪奥小姐馥郁香精50ml黑色蝴蝶结
原价：999.0 | 现价：730.0
百亿补贴：是 | 日期：2025-10-01
校验通过：❌ False
================================================================================
--- 进入商品 2/4 ---
============================================================
搜索词 ：迪奥 迪奥小姐馥郁香精50ml黑色蝴蝶结
商品名 ：海外直邮 Dior迪奥小姐淡香水100ml(简装)【5天内发货】
品牌    ：迪奥 → 迪奥 | ✅
容量规格：{'50'} → {'100'} | ❌
色号    ：set() → set()
浓度    ：浓香 → 淡香 | ❌
简装    ： → 简装 | ✅
套装    ：不含 → 不含 | ✅
清洗后  ：小姐香精黑色蝴蝶结 → 海外小姐水
品名匹配：LCS子序列(22.2%) | ❌
结果    ：❌ FAIL | 原因：规格不匹配；浓度不匹配；品名相似不足(ratio=22.2%)
============================================================
🔧 校验失败原因为规格不匹配，尝试进入规格面板匹配...

[DEBUG][get_sku_price_auto] 开始匹配，搜索词: '迪奥 迪奥小姐馥郁香精50ml黑色蝴蝶结'
[DEBUG][get_sku_identifiers] 提取标识: ['50ml']
[DEBUG][get_sku_price_auto] 当前已选规格不匹配，尝试点击规格...
[DEBUG][get_sku_price_auto] 所有标识尝试完毕，仍无价格
⚠️ 规格匹配未获取到有效价格，已记录为匹配失败，校验结果强制为不通过

================================================================================
货品名称：海外直邮 Dior迪奥小姐淡香水100ml(简装)【5天内发货】
关键词：迪奥 迪奥小姐馥郁香精50ml黑色蝴蝶结
原价：1100.0 | 现价：855.0
匹配规格：匹配失败 | 规格价格：
百亿补贴：是 | 日期：2023-05-01
校验通过：❌ False
================================================================================
--- 进入商品 3/4 ---
============================================================
搜索词 ：迪奥 迪奥小姐馥郁香精50ml黑色蝴蝶结
商品名 ：DIOR迪奥魅惑系列香水粉蕴紫蕴桃蕴EDP香水50ml【5天内发货】
品牌    ：迪奥 → 迪奥 | ✅
容量规格：{'50'} → {'50'} | ✅
色号    ：set() → set()
浓度    ：浓香 → 浓香 | ✅
简装    ： →  | ✅
套装    ：不含 → 不含 | ✅
清洗后  ：小姐香精黑色蝴蝶结 → 魅惑系列粉蕴紫蕴桃蕴
品名匹配：LCS子序列(0.0%) | ❌
结果    ：❌ FAIL | 原因：品名相似不足(ratio=0.0%)
============================================================

================================================================================
货品名称：DIOR迪奥魅惑系列香水粉蕴紫蕴桃蕴EDP香水50ml【5天内发货】
关键词：迪奥 迪奥小姐馥郁香精50ml黑色蝴蝶结
原价：659.0 | 现价：488.0
百亿补贴：是 | 日期：2026-01-04
校验通过：❌ False
================================================================================
--- 进入商品 4/4 ---
============================================================
搜索词 ：迪奥 迪奥小姐馥郁香精50ml黑色蝴蝶结
商品名 ：【Dior】迪奥 花漾甜心淡香水EDT 全新瓶身 花香女士礼物30/50/100ml【5天内发货】
品牌    ：迪奥 → 迪奥 | ✅
容量规格：{'50'} → {'100', '50', '30'} | ✅
色号    ：set() → set()
浓度    ：浓香 → 淡香 | ❌
简装    ： →  | ✅
套装    ：不含 → 不含 | ✅
清洗后  ：小姐香精黑色蝴蝶结 → 花漾甜心水全新瓶身花香女士礼物
品名匹配：LCS子序列(11.1%) | ❌
结果    ：❌ FAIL | 原因：浓度不匹配；品名相似不足(ratio=11.1%)
============================================================
🔧 标题包含多规格 (容量:{'100', '50', '30'}, 色号:set())，尝试进入规格面板匹配...

[DEBUG][get_sku_price_auto] 开始匹配，搜索词: '迪奥 迪奥小姐馥郁香精50ml黑色蝴蝶结'
[DEBUG][get_sku_identifiers] 提取标识: ['50ml']
[DEBUG][get_sku_price_auto] 当前已选规格不匹配，尝试点击规格...
[DEBUG][get_sku_price_auto] 所有标识尝试完毕，仍无价格
⚠️ 规格匹配未获取到有效价格，已记录为匹配失败，校验结果强制为不通过

================================================================================
货品名称：【Dior】迪奥 花漾甜心淡香水EDT 全新瓶身 花香女士礼物30/50/100ml【5天内发货】
关键词：迪奥 迪奥小姐馥郁香精50ml黑色蝴蝶结
原价：599.0 | 现价：452.0
匹配规格：匹配失败 | 规格价格：
百亿补贴：是 | 日期：2024-12-01
校验通过：❌ False
================================================================================
⚠️ 优先级 4 全部未通过，尝试下一优先级
📁 采集记录已保存，总行数：194
📋 校验记录已保存，总记录数：168
✅ 序号 514 已标记为已采集

⏸ 等待 1 秒后继续...
⏳ 等待下一个商品：[██████████████████████████████] 100% (1/1s)

🔍 搜索：迪奥 迪奥小姐馥郁香精80ml黑色蝴蝶结

===== 优先级 4，共 1 个商品 =====
--- 进入商品 1/1 ---
============================================================
搜索词 ：迪奥 迪奥小姐馥郁香精80ml黑色蝴蝶结
商品名 ：【正品行货】迪奥旷野男士淡香水60ml木质香调清新自然留香
品牌    ：迪奥 → 迪奥 | ✅
容量规格：{'80'} → {'60'} | ❌
色号    ：set() → set()
浓度    ：浓香 → 淡香 | ❌
简装    ： →  | ✅
套装    ：不含 → 不含 | ✅
清洗后  ：小姐香精黑色蝴蝶结 → 旷野男士水木质香调
品名匹配：LCS子序列(11.1%) | ❌
结果    ：❌ FAIL | 原因：规格不匹配；浓度不匹配；品名相似不足(ratio=11.1%)
============================================================
🔧 校验失败原因为规格不匹配，尝试进入规格面板匹配...

[DEBUG][get_sku_price_auto] 开始匹配，搜索词: '迪奥 迪奥小姐馥郁香精80ml黑色蝴蝶结'
[DEBUG][get_sku_identifiers] 提取标识: ['80ml']
[DEBUG][get_sku_price_auto] 当前已选规格不匹配，尝试点击规格...
[DEBUG][get_sku_price_auto] 所有标识尝试完毕，仍无价格
⚠️ 规格匹配未获取到有效价格，已记录为匹配失败，校验结果强制为不通过

================================================================================
货品名称：【正品行货】迪奥旷野男士淡香水60ml木质香调清新自然留香
关键词：迪奥 迪奥小姐馥郁香精80ml黑色蝴蝶结
原价：486.0 | 现价：486.0
匹配规格：匹配失败 | 规格价格：
百亿补贴：是 | 日期：2025-05-01
校验通过：❌ False
================================================================================
⚠️ 优先级 4 全部未通过，尝试下一优先级

===== 优先级 2，共 1 个商品 =====
--- 进入商品 1/1 ---
============================================================
搜索词 ：迪奥 迪奥小姐馥郁香精80ml黑色蝴蝶结
商品名 ：【正品行货】迪奥旷野男士淡香水60ml木质香调清新自然留香
品牌    ：迪奥 → 迪奥 | ✅
容量规格：{'80'} → {'60'} | ❌
色号    ：set() → set()
浓度    ：浓香 → 淡香 | ❌
简装    ： →  | ✅
套装    ：不含 → 不含 | ✅
清洗后  ：小姐香精黑色蝴蝶结 → 旷野男士水木质香调
品名匹配：LCS子序列(11.1%) | ❌
结果    ：❌ FAIL | 原因：规格不匹配；浓度不匹配；品名相似不足(ratio=11.1%)
============================================================
🔧 校验失败原因为规格不匹配，尝试进入规格面板匹配...

[DEBUG][get_sku_price_auto] 开始匹配，搜索词: '迪奥 迪奥小姐馥郁香精80ml黑色蝴蝶结'
[DEBUG][get_sku_identifiers] 提取标识: ['80ml']
[DEBUG][get_sku_price_auto] 当前已选规格不匹配，尝试点击规格...
[DEBUG][get_sku_price_auto] 所有标识尝试完毕，仍无价格
⚠️ 规格匹配未获取到有效价格，已记录为匹配失败，校验结果强制为不通过

================================================================================
货品名称：【正品行货】迪奥旷野男士淡香水60ml木质香调清新自然留香
关键词：迪奥 迪奥小姐馥郁香精80ml黑色蝴蝶结
原价：486.0 | 现价：486.0
匹配规格：匹配失败 | 规格价格：
百亿补贴：是 | 日期：2025-05-01
校验通过：❌ False
================================================================================
⚠️ 优先级 2 全部未通过，尝试下一优先级
🔽 降级到全球购，返回顶部并重新识别（不自动下滑）

===== 优先级 1，共 3 个商品 =====
--- 进入商品 1/3 ---
============================================================
搜索词 ：迪奥 迪奥小姐馥郁香精80ml黑色蝴蝶结
商品名 ：【Dior】迪奥小姐馥郁香精P 35-50-80ml 莓果西普调【法国直发】【5天内发货】
品牌    ：迪奥 → 迪奥 | ✅
容量规格：{'80'} → {'80', '50', '35'} | ✅
色号    ：set() → set()
浓度    ：浓香 → 浓香 | ✅
简装    ： →  | ✅
套装    ：不含 → 不含 | ✅
清洗后  ：小姐香精黑色蝴蝶结 → 小姐香精p莓果
品名匹配：词袋(37.5%) | ✅
结果    ：✅ PASS | 原因：所有检查通过
============================================================
🔧 标题包含多规格 (容量:{'80', '50', '35'}, 色号:set())，尝试进入规格面板匹配...

[DEBUG][get_sku_price_auto] 开始匹配，搜索词: '迪奥 迪奥小姐馥郁香精80ml黑色蝴蝶结'
[DEBUG][get_sku_identifiers] 提取标识: ['80ml']
[DEBUG][get_sku_price_auto] 当前已选规格不匹配，尝试点击规格...
[DEBUG] 容量 80ml 找到 1 个控件
[DEBUG] 点击唯一容量控件: 80ml
[DEBUG] 容量 80ml 匹配成功，价格: 1329
✅ 规格匹配成功，且品名已匹配，校验通过

================================================================================
货品名称：【Dior】迪奥小姐馥郁香精P 35-50-80ml 莓果西普调【法国直发】【5天内发货】
关键词：迪奥 迪奥小姐馥郁香精80ml黑色蝴蝶结
原价：720.0 | 现价：1329
匹配规格：已选择： 80ml | 规格价格：1329
百亿补贴：否 | 日期：
校验通过：✅ True
================================================================================
--- 进入商品 2/3 ---
============================================================
搜索词 ：迪奥 迪奥小姐馥郁香精80ml黑色蝴蝶结
商品名 ：【Dior】迪奥小姐馥郁香精P 35-80ml 莓果西普调【法国直发】【5天内发货】
品牌    ：迪奥 → 迪奥 | ✅
容量规格：{'80'} → {'80', '35'} | ✅
色号    ：set() → set()
浓度    ：浓香 → 浓香 | ✅
简装    ： →  | ✅
套装    ：不含 → 不含 | ✅
清洗后  ：小姐香精黑色蝴蝶结 → 小姐香精p莓果
品名匹配：词袋(37.5%) | ✅
结果    ：✅ PASS | 原因：所有检查通过
============================================================
🔧 标题包含多规格 (容量:{'80', '35'}, 色号:set())，尝试进入规格面板匹配...

[DEBUG][get_sku_price_auto] 开始匹配，搜索词: '迪奥 迪奥小姐馥郁香精80ml黑色蝴蝶结'
[DEBUG][get_sku_identifiers] 提取标识: ['80ml']
[DEBUG][get_sku_price_auto] 未找到已选节点，尝试点击规格...
[DEBUG] 容量 80ml 找到 1 个控件
[DEBUG] 点击唯一容量控件: 80ml
[DEBUG] 容量 80ml 匹配成功，价格: 1320
✅ 规格匹配成功，且品名已匹配，校验通过

================================================================================
货品名称：【Dior】迪奥小姐馥郁香精P 35-80ml 莓果西普调【法国直发】【5天内发货】
关键词：迪奥 迪奥小姐馥郁香精80ml黑色蝴蝶结
原价：715.0 | 现价：1320
匹配规格：已选择： 80ml | 规格价格：1320
百亿补贴：否 | 日期：
校验通过：✅ True
================================================================================
--- 进入商品 3/3 ---
============================================================
搜索词 ：迪奥 迪奥小姐馥郁香精80ml黑色蝴蝶结
商品名 ：【Dior】迪奥小姐馥郁香精P 35-50-80ml 莓果西普调【法国直发】【5天内发货】
品牌    ：迪奥 → 迪奥 | ✅
容量规格：{'80'} → {'80', '50', '35'} | ✅
色号    ：set() → set()
浓度    ：浓香 → 浓香 | ✅
简装    ： →  | ✅
套装    ：不含 → 不含 | ✅
清洗后  ：小姐香精黑色蝴蝶结 → 小姐香精p莓果
品名匹配：词袋(37.5%) | ✅
结果    ：✅ PASS | 原因：所有检查通过
============================================================
🔧 标题包含多规格 (容量:{'80', '50', '35'}, 色号:set())，尝试进入规格面板匹配...

[DEBUG][get_sku_price_auto] 开始匹配，搜索词: '迪奥 迪奥小姐馥郁香精80ml黑色蝴蝶结'
[DEBUG][get_sku_identifiers] 提取标识: ['80ml']
[DEBUG][get_sku_price_auto] 未找到已选节点，尝试点击规格...
[DEBUG] 容量 80ml 找到 1 个控件
[DEBUG] 点击唯一容量控件: 80ml
[DEBUG] 容量 80ml 匹配成功，价格: 1317
✅ 规格匹配成功，且品名已匹配，校验通过

================================================================================
货品名称：【Dior】迪奥小姐馥郁香精P 35-50-80ml 莓果西普调【法国直发】【5天内发货】
关键词：迪奥 迪奥小姐馥郁香精80ml黑色蝴蝶结
原价：720.0 | 现价：1317
匹配规格：已选择： 80ml | 规格价格：1317
百亿补贴：否 | 日期：
校验通过：✅ True
================================================================================
✅ 优先级 1 中已有商品通过校验，停止降级
📁 采集记录已保存，总行数：202
📋 校验记录已保存，总记录数：173
✅ 序号 515 已标记为已采集

⏸ 等待 1 秒后继续...
⏳ 等待下一个商品：[██████████████████████████████] 100% (1/1s)

🔍 搜索：迪奥 迪奥小姐香精版50ml（24年款）

===== 优先级 4，共 1 个商品 =====
--- 进入商品 1/1 ---
============================================================
搜索词 ：迪奥 迪奥小姐香精版50ml（24年款）
商品名 ：DIOR迪奥小姐香氛发香喷雾清新花香调护发香水香精PARFUM【5天内发货】
品牌    ：迪奥 → 迪奥 | ✅
容量规格：{'50'} → set() | ❌
色号    ：set() → set()
浓度    ：浓香 → 浓香 | ✅
简装    ： →  | ✅
套装    ：不含 → 不含 | ✅
清洗后  ：小姐香精 → 小姐发香喷雾护发香精parfum
品名匹配：词袋(66.7%) | ✅
结果    ：❌ FAIL | 原因：规格不匹配
============================================================
🔧 校验失败原因为规格不匹配，尝试进入规格面板匹配...

[DEBUG][get_sku_price_auto] 开始匹配，搜索词: '迪奥 迪奥小姐香精版50ml（24年款）'
[DEBUG][get_sku_identifiers] 提取标识: ['50ml']
[DEBUG][get_sku_price_auto] 当前已选规格不匹配，尝试点击规格...
[DEBUG][get_sku_price_auto] 所有标识尝试完毕，仍无价格
⚠️ 规格匹配未获取到有效价格，已记录为匹配失败，校验结果强制为不通过

================================================================================
货品名称：DIOR迪奥小姐香氛发香喷雾清新花香调护发香水香精PARFUM【5天内发货】
关键词：迪奥 迪奥小姐香精版50ml（24年款）
原价：401.0 | 现价：269.7
匹配规格：匹配失败 | 规格价格：
百亿补贴：是 | 日期：2025-01-01
校验通过：❌ False
================================================================================
⚠️ 优先级 4 全部未通过，尝试下一优先级

===== 优先级 2，共 2 个商品 =====
--- 进入商品 1/2 ---
============================================================
搜索词 ：迪奥 迪奥小姐香精版50ml（24年款）
商品名 ：【正品行货】Dior迪奥香水花漾甜心淡香全新女士香水留香专柜原装
品牌    ：迪奥 → 迪奥 | ✅
容量规格：{'50'} → set() | ❌
色号    ：set() → set()
浓度    ：浓香 → 淡香 | ❌
简装    ： →  | ✅
套装    ：不含 → 不含 | ✅
清洗后  ：小姐香精 → 花漾甜心全新女士
品名匹配：LCS子序列(0.0%) | ❌
结果    ：❌ FAIL | 原因：规格不匹配；浓度不匹配；品名相似不足(ratio=0.0%)
============================================================
🔧 校验失败原因为规格不匹配，尝试进入规格面板匹配...

[DEBUG][get_sku_price_auto] 开始匹配，搜索词: '迪奥 迪奥小姐香精版50ml（24年款）'
[DEBUG][get_sku_identifiers] 提取标识: ['50ml']
[DEBUG][get_sku_price_auto] 当前已选规格不匹配，尝试点击规格...
[DEBUG] 容量 50ml 找到 1 个控件
[DEBUG] 点击唯一容量控件: 50ml
[DEBUG] 容量 50ml 匹配成功，价格: 997
⚠️ 规格匹配成功但品名不匹配，校验仍不通过

================================================================================
货品名称：【正品行货】Dior迪奥香水花漾甜心淡香全新女士香水留香专柜原装
关键词：迪奥 迪奥小姐香精版50ml（24年款）
原价：793.0 | 现价：997
匹配规格：已选择： 50mL 花漾淡香水 | 规格价格：997
百亿补贴：否 | 日期：2025-02-02
校验通过：❌ False
================================================================================
--- 进入商品 2/2 ---
============================================================
搜索词 ：迪奥 迪奥小姐香精版50ml（24年款）
商品名 ：【正品行货】Dior迪奥小姐花漾淡香水50ml花香留香香氛女士
品牌    ：迪奥 → 迪奥 | ✅
容量规格：{'50'} → {'50'} | ✅
色号    ：set() → set()
浓度    ：浓香 → 淡香 | ❌
简装    ： →  | ✅
套装    ：不含 → 不含 | ✅
清洗后  ：小姐香精 → 小姐花漾水花香女士
品名匹配：词袋(33.3%) | ✅
结果    ：❌ FAIL | 原因：浓度不匹配
============================================================
🔧 校验失败原因为规格不匹配，尝试进入规格面板匹配...

[DEBUG][get_sku_price_auto] 开始匹配，搜索词: '迪奥 迪奥小姐香精版50ml（24年款）'
[DEBUG][get_sku_identifiers] 提取标识: ['50ml']
[DEBUG][get_sku_price_auto] 当前已选规格匹配，价格: 659
⚠️ 规格匹配成功但浓度不匹配，仍标记通过，原因已记录
✅ 规格匹配成功，且品名已匹配，校验通过

================================================================================
货品名称：【正品行货】Dior迪奥小姐花漾淡香水50ml花香留香香氛女士
关键词：迪奥 迪奥小姐香精版50ml（24年款）
原价：1030.0 | 现价：659
匹配规格：已选择： 【50ml】花漾淡香水50ml | 规格价格：659
百亿补贴：否 | 日期：2025-01-01
校验通过：✅ True
================================================================================
✅ 优先级 2 中已有商品通过校验，停止降级
📁 采集记录已保存，总行数：209
📋 校验记录已保存，总记录数：176
✅ 序号 516 已标记为已采集

⏸ 等待 1 秒后继续...
⏳ 等待下一个商品：[██████████████████████████████] 100% (1/1s)

🔍 搜索：迪奥 迪奥小姐香精版80ml（24年款）

===== 优先级 4，共 1 个商品 =====
--- 进入商品 1/1 ---
============================================================
搜索词 ：迪奥 迪奥小姐香精版80ml（24年款）
商品名 ：DIOR迪奥小姐香氛发香喷雾清新花香调护发香水香精PARFUM【5天内发货】
品牌    ：迪奥 → 迪奥 | ✅
容量规格：{'80'} → set() | ❌
色号    ：set() → set()
浓度    ：浓香 → 浓香 | ✅
简装    ： →  | ✅
套装    ：不含 → 不含 | ✅
清洗后  ：小姐香精 → 小姐发香喷雾护发香精parfum
品名匹配：词袋(66.7%) | ✅
结果    ：❌ FAIL | 原因：规格不匹配
============================================================
🔧 校验失败原因为规格不匹配，尝试进入规格面板匹配...

[DEBUG][get_sku_price_auto] 开始匹配，搜索词: '迪奥 迪奥小姐香精版80ml（24年款）'
[DEBUG][get_sku_identifiers] 提取标识: ['80ml']
[DEBUG][get_sku_price_auto] 当前已选规格不匹配，尝试点击规格...
[DEBUG][get_sku_price_auto] 所有标识尝试完毕，仍无价格
⚠️ 规格匹配未获取到有效价格，已记录为匹配失败，校验结果强制为不通过

================================================================================
货品名称：DIOR迪奥小姐香氛发香喷雾清新花香调护发香水香精PARFUM【5天内发货】
关键词：迪奥 迪奥小姐香精版80ml（24年款）
原价：401.0 | 现价：269.7
匹配规格：匹配失败 | 规格价格：
百亿补贴：是 | 日期：2025-01-01
校验通过：❌ False
================================================================================
⚠️ 优先级 4 全部未通过，尝试下一优先级
🔽 降级到全球购，返回顶部并重新识别（不自动下滑）

===== 优先级 1，共 2 个商品 =====
--- 进入商品 1/2 ---
============================================================
搜索词 ：迪奥 迪奥小姐香精版80ml（24年款）
商品名 ：【Dior】迪奥 迪奥小姐系列女士固体香氛 3.2g 香精版正装【法国直发【5天内发货】
品牌    ：迪奥 → 迪奥 | ✅
容量规格：{'80'} → {'3.2'} | ❌
色号    ：set() → set()
浓度    ：浓香 → 浓香 | ✅
简装    ： →  | ✅
套装    ：不含 → 不含 | ✅
清洗后  ：小姐香精 → 小姐系列女士固体香精正装
品名匹配：词袋(66.7%) | ✅
结果    ：❌ FAIL | 原因：规格不匹配
============================================================
🔧 校验失败原因为规格不匹配，尝试进入规格面板匹配...

[DEBUG][get_sku_price_auto] 开始匹配，搜索词: '迪奥 迪奥小姐香精版80ml（24年款）'
[DEBUG][get_sku_identifiers] 提取标识: ['80ml']
[DEBUG][get_sku_price_auto] 当前已选规格不匹配，尝试点击规格...
[DEBUG][get_sku_price_auto] 所有标识尝试完毕，仍无价格
⚠️ 规格匹配未获取到有效价格，已记录为匹配失败，校验结果强制为不通过

================================================================================
货品名称：【Dior】迪奥 迪奥小姐系列女士固体香氛 3.2g 香精版正装【法国直发【5天内发货】
关键词：迪奥 迪奥小姐香精版80ml（24年款）
原价：527.0 | 现价：527.0
匹配规格：匹配失败 | 规格价格：
百亿补贴：否 | 日期：
校验通过：❌ False
================================================================================
--- 进入商品 2/2 ---
============================================================
搜索词 ：迪奥 迪奥小姐香精版80ml（24年款）
商品名 ：【Dior】迪奥小姐馥郁香精P 35-50-80ml 莓果西普调【法国直发】【5天内发货】
品牌    ：迪奥 → 迪奥 | ✅
容量规格：{'80'} → {'80', '50', '35'} | ✅
色号    ：set() → set()
浓度    ：浓香 → 浓香 | ✅
简装    ： →  | ✅
套装    ：不含 → 不含 | ✅
清洗后  ：小姐香精 → 小姐香精p莓果
品名匹配：词袋(100.0%) | ✅
结果    ：✅ PASS | 原因：所有检查通过
============================================================
🔧 标题包含多规格 (容量:{'80', '50', '35'}, 色号:set())，尝试进入规格面板匹配...

[DEBUG][get_sku_price_auto] 开始匹配，搜索词: '迪奥 迪奥小姐香精版80ml（24年款）'
[DEBUG][get_sku_identifiers] 提取标识: ['80ml']
[DEBUG][get_sku_price_auto] 当前已选规格匹配，价格: 1317
✅ 规格匹配成功，且品名已匹配，校验通过

================================================================================
货品名称：【Dior】迪奥小姐馥郁香精P 35-50-80ml 莓果西普调【法国直发】【5天内发货】
关键词：迪奥 迪奥小姐香精版80ml（24年款）
原价：720.0 | 现价：1317
匹配规格：已选择： 80ml | 规格价格：1317
百亿补贴：否 | 日期：
校验通过：✅ True
================================================================================
✅ 优先级 1 中已有商品通过校验，停止降级
📁 采集记录已保存，总行数：215
📋 校验记录已保存，总记录数：179
✅ 序号 517 已标记为已采集

⏸ 等待 1 秒后继续...
⏳ 等待下一个商品：[██████████████████████████████] 100% (1/1s)

🔍 搜索：迪奥 花漾甜心 EDT 150ml新款

===== 优先级 2，共 2 个商品 =====
--- 进入商品 1/2 ---
============================================================
搜索词 ：迪奥 花漾甜心 EDT 150ml新款
商品名 ：Dior/迪奥花漾甜心香水EDT100ml花果香调
品牌    ：迪奥 → 迪奥 | ✅
容量规格：{'150'} → {'100'} | ❌
色号    ：set() → set()
浓度    ：淡香 →  | ✅
简装    ： →  | ✅
套装    ：不含 → 不含 | ✅
清洗后  ：花漾甜心 → 花漾甜心花
品名匹配：词袋(100.0%) | ✅
结果    ：❌ FAIL | 原因：规格不匹配
============================================================
🔧 校验失败原因为规格不匹配，尝试进入规格面板匹配...

[DEBUG][get_sku_price_auto] 开始匹配，搜索词: '迪奥 花漾甜心 EDT 150ml新款'
[DEBUG][get_sku_identifiers] 提取标识: ['150ml']
[DEBUG][get_sku_price_auto] 当前已选规格不匹配，尝试点击规格...
[DEBUG][get_sku_price_auto] 所有标识尝试完毕，仍无价格
⚠️ 规格匹配未获取到有效价格，已记录为匹配失败，校验结果强制为不通过

================================================================================
货品名称：Dior/迪奥花漾甜心香水EDT100ml花果香调
关键词：迪奥 花漾甜心 EDT 150ml新款
原价：899.0 | 现价：899.0
匹配规格：匹配失败 | 规格价格：
百亿补贴：否 | 日期：2025-01-01
校验通过：❌ False
================================================================================
--- 进入商品 2/2 ---
============================================================
搜索词 ：迪奥 花漾甜心 EDT 150ml新款
商品名 ：【正品行货】Dior迪奥香水花漾甜心淡香全新女士香水留香专柜原装
品牌    ：迪奥 → 迪奥 | ✅
容量规格：{'150'} → set() | ❌
色号    ：set() → set()
浓度    ：淡香 → 淡香 | ✅
简装    ： →  | ✅
套装    ：不含 → 不含 | ✅
清洗后  ：花漾甜心 → 花漾甜心全新女士
品名匹配：词袋(100.0%) | ✅
结果    ：❌ FAIL | 原因：规格不匹配
============================================================
🔧 校验失败原因为规格不匹配，尝试进入规格面板匹配...

[DEBUG][get_sku_price_auto] 开始匹配，搜索词: '迪奥 花漾甜心 EDT 150ml新款'
[DEBUG][get_sku_identifiers] 提取标识: ['150ml']
[DEBUG][get_sku_price_auto] 当前已选规格不匹配，尝试点击规格...
[DEBUG][get_sku_price_auto] 所有标识尝试完毕，仍无价格
⚠️ 规格匹配未获取到有效价格，已记录为匹配失败，校验结果强制为不通过

================================================================================
货品名称：【正品行货】Dior迪奥香水花漾甜心淡香全新女士香水留香专柜原装
关键词：迪奥 花漾甜心 EDT 150ml新款
原价：793.0 | 现价：793.0
匹配规格：匹配失败 | 规格价格：
百亿补贴：否 | 日期：2025-02-02
校验通过：❌ False
================================================================================
⚠️ 优先级 2 全部未通过，尝试下一优先级
🔽 降级到全球购，返回顶部并重新识别（不自动下滑）

===== 优先级 1，共 3 个商品 =====
--- 进入商品 1/3 ---
============================================================
搜索词 ：迪奥 花漾甜心 EDT 150ml新款
商品名 ：【Dior】迪奥花漾甜心小姐香水30ML淡香女士香水清新持久【5天内发货】
品牌    ：迪奥 → 迪奥 | ✅
容量规格：{'150'} → {'30'} | ❌
色号    ：set() → set()
浓度    ：淡香 → 淡香 | ✅
简装    ： →  | ✅
套装    ：不含 → 不含 | ✅
清洗后  ：花漾甜心 → 花漾甜心小姐女士
品名匹配：词袋(100.0%) | ✅
结果    ：❌ FAIL | 原因：规格不匹配
============================================================
🔧 校验失败原因为规格不匹配，尝试进入规格面板匹配...

[DEBUG][get_sku_price_auto] 开始匹配，搜索词: '迪奥 花漾甜心 EDT 150ml新款'
[DEBUG][get_sku_identifiers] 提取标识: ['150ml']
[DEBUG][get_sku_price_auto] 当前已选规格不匹配，尝试点击规格...
[DEBUG][get_sku_price_auto] 所有标识尝试完毕，仍无价格
⚠️ 规格匹配未获取到有效价格，已记录为匹配失败，校验结果强制为不通过

================================================================================
货品名称：【Dior】迪奥花漾甜心小姐香水30ML淡香女士香水清新持久【5天内发货】
关键词：迪奥 花漾甜心 EDT 150ml新款
原价：699.0 | 现价：699.0
匹配规格：匹配失败 | 规格价格：
百亿补贴：否 | 日期：2024-12-31
校验通过：❌ False
================================================================================
--- 进入商品 2/3 ---
============================================================
搜索词 ：迪奥 花漾甜心 EDT 150ml新款
商品名 ：【原装正品】Dior/迪奥花漾甜心小姐淡香水30/50/100ml持久留香【5天内发货】
品牌    ：迪奥 → 迪奥 | ✅
容量规格：{'150'} → {'100', '50', '30'} | ❌
色号    ：set() → set()
浓度    ：淡香 → 淡香 | ✅
简装    ： →  | ✅
套装    ：不含 → 不含 | ✅
清洗后  ：花漾甜心 → 花漾甜心小姐水
品名匹配：词袋(100.0%) | ✅
结果    ：❌ FAIL | 原因：规格不匹配
============================================================
🔧 标题包含多规格 (容量:{'100', '50', '30'}, 色号:set())，尝试进入规格面板匹配...

[DEBUG][get_sku_price_auto] 开始匹配，搜索词: '迪奥 花漾甜心 EDT 150ml新款'
[DEBUG][get_sku_identifiers] 提取标识: ['150ml']
[DEBUG][get_sku_price_auto] 当前已选规格不匹配，尝试点击规格...
[DEBUG][get_sku_price_auto] 所有标识尝试完毕，仍无价格
⚠️ 规格匹配未获取到有效价格，已记录为匹配失败，校验结果强制为不通过

================================================================================
货品名称：【原装正品】Dior/迪奥花漾甜心小姐淡香水30/50/100ml持久留香【5天内发货】
关键词：迪奥 花漾甜心 EDT 150ml新款
原价：599.0 | 现价：599.0
匹配规格：匹配失败 | 规格价格：
百亿补贴：否 | 日期：2025-01-01
校验通过：❌ False
================================================================================
--- 进入商品 3/3 ---
============================================================
搜索词 ：迪奥 花漾甜心 EDT 150ml新款
商品名 ：Dior/迪奥花漾甜心香水EDT100ml花果香调
品牌    ：迪奥 → 迪奥 | ✅
容量规格：{'150'} → {'100'} | ❌
色号    ：set() → set()
浓度    ：淡香 →  | ✅
简装    ： →  | ✅
套装    ：不含 → 不含 | ✅
清洗后  ：花漾甜心 → 花漾甜心花
品名匹配：词袋(100.0%) | ✅
结果    ：❌ FAIL | 原因：规格不匹配
============================================================
🔧 校验失败原因为规格不匹配，尝试进入规格面板匹配...

[DEBUG][get_sku_price_auto] 开始匹配，搜索词: '迪奥 花漾甜心 EDT 150ml新款'
[DEBUG][get_sku_identifiers] 提取标识: ['150ml']
[DEBUG][get_sku_price_auto] 当前已选规格不匹配，尝试点击规格...
[DEBUG][get_sku_price_auto] 所有标识尝试完毕，仍无价格
⚠️ 规格匹配未获取到有效价格，已记录为匹配失败，校验结果强制为不通过

================================================================================
货品名称：Dior/迪奥花漾甜心香水EDT100ml花果香调
关键词：迪奥 花漾甜心 EDT 150ml新款
原价：899.0 | 现价：899.0
匹配规格：匹配失败 | 规格价格：
百亿补贴：否 | 日期：2025-01-01
校验通过：❌ False
================================================================================
⚠️ 优先级 1 全部未通过，尝试下一优先级
📁 采集记录已保存，总行数：222
📋 校验记录已保存，总记录数：184
✅ 序号 518 已标记为已采集

⏸ 等待 1 秒后继续...
⏳ 等待下一个商品：[██████████████████████████████] 100% (1/1s)

🔍 搜索：迪奥 花漾甜心EDT 100ml新款

===== 优先级 2，共 1 个商品 =====
--- 进入商品 1/1 ---
============================================================
搜索词 ：迪奥 花漾甜心EDT 100ml新款
商品名 ：【正品行货】Dior迪奥香水花漾甜心淡香全新女士香水留香专柜原装
品牌    ：迪奥 → 迪奥 | ✅
容量规格：{'100'} → set() | ❌
色号    ：set() → set()
浓度    ： → 淡香 | ✅
简装    ： →  | ✅
套装    ：不含 → 不含 | ✅
清洗后  ：花漾甜心 → 花漾甜心全新女士
品名匹配：词袋(100.0%) | ✅
结果    ：❌ FAIL | 原因：规格不匹配
============================================================
🔧 校验失败原因为规格不匹配，尝试进入规格面板匹配...

[DEBUG][get_sku_price_auto] 开始匹配，搜索词: '迪奥 花漾甜心EDT 100ml新款'
[DEBUG][get_sku_identifiers] 提取标识: ['100ml']
[DEBUG][get_sku_price_auto] 当前已选规格不匹配，尝试点击规格...
[DEBUG][get_sku_price_auto] 所有标识尝试完毕，仍无价格
⚠️ 规格匹配未获取到有效价格，已记录为匹配失败，校验结果强制为不通过

================================================================================
货品名称：【正品行货】Dior迪奥香水花漾甜心淡香全新女士香水留香专柜原装
关键词：迪奥 花漾甜心EDT 100ml新款
原价：793.0 | 现价：793.0
匹配规格：匹配失败 | 规格价格：
百亿补贴：否 | 日期：2025-02-02
校验通过：❌ False
================================================================================
⚠️ 优先级 2 全部未通过，尝试下一优先级
🔽 降级到全球购，返回顶部并重新识别（不自动下滑）

===== 优先级 1，共 3 个商品 =====
--- 进入商品 1/3 ---
============================================================
搜索词 ：迪奥 花漾甜心EDT 100ml新款
商品名 ：正品Dior迪奥花漾甜心小姐女士淡香水EDT清新花香调持久留香100ml【5天内发货】
品牌    ：迪奥 → 迪奥 | ✅
容量规格：{'100'} → {'100'} | ✅
色号    ：set() → set()
浓度    ： → 淡香 | ✅
简装    ： →  | ✅
套装    ：不含 → 不含 | ✅
清洗后  ：花漾甜心 → 花漾甜心小姐女士水
品名匹配：词袋(100.0%) | ✅
结果    ：✅ PASS | 原因：所有检查通过
============================================================

================================================================================
货品名称：正品Dior迪奥花漾甜心小姐女士淡香水EDT清新花香调持久留香100ml【5天内发货】
关键词：迪奥 花漾甜心EDT 100ml新款
原价：None | 现价：656.0
百亿补贴：否 | 日期：
校验通过：✅ True
================================================================================
--- 进入商品 2/3 ---
============================================================
搜索词 ：迪奥 花漾甜心EDT 100ml新款
商品名 ：【原装正品】Dior/迪奥花漾甜心小姐淡香水30/50/100ml持久留香【5天内发货】
品牌    ：迪奥 → 迪奥 | ✅
容量规格：{'100'} → {'100', '50', '30'} | ✅
色号    ：set() → set()
浓度    ： → 淡香 | ✅
简装    ： →  | ✅
套装    ：不含 → 不含 | ✅
清洗后  ：花漾甜心 → 花漾甜心小姐水
品名匹配：词袋(100.0%) | ✅
结果    ：✅ PASS | 原因：所有检查通过
============================================================
🔧 标题包含多规格 (容量:{'100', '50', '30'}, 色号:set())，尝试进入规格面板匹配...

[DEBUG][get_sku_price_auto] 开始匹配，搜索词: '迪奥 花漾甜心EDT 100ml新款'
[DEBUG][get_sku_identifiers] 提取标识: ['100ml']
[DEBUG][get_sku_price_auto] 当前已选规格不匹配，尝试点击规格...
[DEBUG][get_sku_price_auto] 所有标识尝试完毕，仍无价格
⚠️ 规格匹配未获取到有效价格，已记录为匹配失败，校验结果强制为不通过

================================================================================
货品名称：【原装正品】Dior/迪奥花漾甜心小姐淡香水30/50/100ml持久留香【5天内发货】
关键词：迪奥 花漾甜心EDT 100ml新款
原价：599.0 | 现价：599.0
匹配规格：匹配失败 | 规格价格：
百亿补贴：否 | 日期：2025-01-01
校验通过：❌ False
================================================================================
--- 进入商品 3/3 ---
============================================================
搜索词 ：迪奥 花漾甜心EDT 100ml新款
商品名 ：【Dior】迪奥 小姐花漾甜心香体喷雾100ml【法国直发】【5天内发货】
品牌    ：迪奥 → 迪奥 | ✅
容量规格：{'100'} → {'100'} | ✅
色号    ：set() → set()
浓度    ： →  | ✅
简装    ： →  | ✅
套装    ：不含 → 不含 | ✅
清洗后  ：花漾甜心 → 小姐花漾甜心香体喷雾
品名匹配：词袋(100.0%) | ✅
结果    ：✅ PASS | 原因：所有检查通过
============================================================

================================================================================
货品名称：【Dior】迪奥 小姐花漾甜心香体喷雾100ml【法国直发】【5天内发货】
关键词：迪奥 花漾甜心EDT 100ml新款
原价：None | 现价：None
百亿补贴：否 | 日期：
校验通过：✅ True
================================================================================
✅ 优先级 1 中已有商品通过校验，停止降级
📁 采集记录已保存，总行数：230
📋 校验记录已保存，总记录数：188
✅ 序号 519 已标记为已采集

⏸ 等待 1 秒后继续...
⏳ 等待下一个商品：[██████████████████████████████] 100% (1/1s)

🔍 搜索：迪奥 花漾甜心EDT 50ml新款

===== 优先级 2，共 1 个商品 =====
--- 进入商品 1/1 ---
============================================================
搜索词 ：迪奥 花漾甜心EDT 50ml新款
商品名 ：Dior/迪奥花漾甜心香水EDT100ml花果香调
品牌    ：迪奥 → 迪奥 | ✅
容量规格：{'50'} → {'100'} | ❌
色号    ：set() → set()
浓度    ： →  | ✅
简装    ： →  | ✅
套装    ：不含 → 不含 | ✅
清洗后  ：花漾甜心 → 花漾甜心花
品名匹配：词袋(100.0%) | ✅
结果    ：❌ FAIL | 原因：规格不匹配
============================================================
🔧 校验失败原因为规格不匹配，尝试进入规格面板匹配...

[DEBUG][get_sku_price_auto] 开始匹配，搜索词: '迪奥 花漾甜心EDT 50ml新款'
[DEBUG][get_sku_identifiers] 提取标识: ['50ml']
[DEBUG][get_sku_price_auto] 当前已选规格不匹配，尝试点击规格...
[DEBUG][get_sku_price_auto] 所有标识尝试完毕，仍无价格
⚠️ 规格匹配未获取到有效价格，已记录为匹配失败，校验结果强制为不通过

================================================================================
货品名称：Dior/迪奥花漾甜心香水EDT100ml花果香调
关键词：迪奥 花漾甜心EDT 50ml新款
原价：899.0 | 现价：899.0
匹配规格：匹配失败 | 规格价格：
百亿补贴：否 | 日期：2025-01-01
校验通过：❌ False
================================================================================
⚠️ 优先级 2 全部未通过，尝试下一优先级
🔽 降级到全球购，返回顶部并重新识别（不自动下滑）

===== 优先级 1，共 3 个商品 =====
--- 进入商品 1/3 ---
============================================================
搜索词 ：迪奥 花漾甜心EDT 50ml新款
商品名 ：正品Dior迪奥花漾甜心小姐女士淡香水EDT清新花香调持久留香100ml【5天内发货】
品牌    ：迪奥 → 迪奥 | ✅
容量规格：{'50'} → {'100'} | ❌
色号    ：set() → set()
浓度    ： → 淡香 | ✅
简装    ： →  | ✅
套装    ：不含 → 不含 | ✅
清洗后  ：花漾甜心 → 花漾甜心小姐女士水
品名匹配：词袋(100.0%) | ✅
结果    ：❌ FAIL | 原因：规格不匹配
============================================================
🔧 校验失败原因为规格不匹配，尝试进入规格面板匹配...

[DEBUG][get_sku_price_auto] 开始匹配，搜索词: '迪奥 花漾甜心EDT 50ml新款'
[DEBUG][get_sku_identifiers] 提取标识: ['50ml']
[DEBUG][get_sku_price_auto] 当前已选规格不匹配，尝试点击规格...
[DEBUG][get_sku_price_auto] 所有标识尝试完毕，仍无价格
⚠️ 规格匹配未获取到有效价格，已记录为匹配失败，校验结果强制为不通过

================================================================================
货品名称：正品Dior迪奥花漾甜心小姐女士淡香水EDT清新花香调持久留香100ml【5天内发货】
关键词：迪奥 花漾甜心EDT 50ml新款
原价：None | 现价：656.0
匹配规格：匹配失败 | 规格价格：
百亿补贴：否 | 日期：
校验通过：❌ False
================================================================================
--- 进入商品 2/3 ---
============================================================
搜索词 ：迪奥 花漾甜心EDT 50ml新款
商品名 ：【原装正品】Dior/迪奥花漾甜心小姐淡香水30/50/100ml持久留香【5天内发货】
品牌    ：迪奥 → 迪奥 | ✅
容量规格：{'50'} → {'100', '50', '30'} | ✅
色号    ：set() → set()
浓度    ： → 淡香 | ✅
简装    ： →  | ✅
套装    ：不含 → 不含 | ✅
清洗后  ：花漾甜心 → 花漾甜心小姐水
品名匹配：词袋(100.0%) | ✅
结果    ：✅ PASS | 原因：所有检查通过
============================================================
🔧 标题包含多规格 (容量:{'100', '50', '30'}, 色号:set())，尝试进入规格面板匹配...

[DEBUG][get_sku_price_auto] 开始匹配，搜索词: '迪奥 花漾甜心EDT 50ml新款'
[DEBUG][get_sku_identifiers] 提取标识: ['50ml']
[DEBUG][get_sku_price_auto] 当前已选规格不匹配，尝试点击规格...
[DEBUG] 容量 50ml 找到 1 个控件
[DEBUG] 点击唯一容量控件: 50ml
[DEBUG] 容量 50ml 匹配成功，价格: 540
✅ 规格匹配成功，且品名已匹配，校验通过

================================================================================
货品名称：【原装正品】Dior/迪奥花漾甜心小姐淡香水30/50/100ml持久留香【5天内发货】
关键词：迪奥 花漾甜心EDT 50ml新款
原价：599.0 | 现价：540
匹配规格：已选择： 50mL 花漾甜心淡香水 | 规格价格：540
百亿补贴：否 | 日期：2025-01-01
校验通过：✅ True
================================================================================
--- 进入商品 3/3 ---
============================================================
搜索词 ：迪奥 花漾甜心EDT 50ml新款
商品名 ：【Dior】迪奥 迪奥小姐花漾甜心护手霜50ml【法国直发】【5天内发货】
品牌    ：迪奥 → 迪奥 | ✅
容量规格：{'50'} → {'50'} | ✅
色号    ：set() → set()
浓度    ： →  | ✅
简装    ： →  | ✅
套装    ：不含 → 不含 | ✅
清洗后  ：花漾甜心 → 小姐花漾甜心护手霜
品名匹配：词袋(100.0%) | ✅
结果    ：✅ PASS | 原因：所有检查通过
============================================================

================================================================================
货品名称：【Dior】迪奥 迪奥小姐花漾甜心护手霜50ml【法国直发】【5天内发货】
关键词：迪奥 花漾甜心EDT 50ml新款
原价：351.0 | 现价：351.0
百亿补贴：否 | 日期：
校验通过：✅ True
================================================================================
✅ 优先级 1 中已有商品通过校验，停止降级
📁 采集记录已保存，总行数：237
📋 校验记录已保存，总记录数：192
✅ 序号 520 已标记为已采集

⏸ 等待 1 秒后继续...
⏳ 等待下一个商品：[██████████████████████████████] 100% (1/1s)

🔍 搜索：迪奥 花漾甜心固体膏香水棒3.2g
🔽 降级到全球购，返回顶部并重新识别（不自动下滑）

===== 优先级 1，共 3 个商品 =====
--- 进入商品 1/3 ---
============================================================
搜索词 ：迪奥 花漾甜心固体膏香水棒3.2g
商品名 ：新品Dior迪奥MISS DIOR小姐/花漾甜心固体香膏香氛香水棒持久留香【5天内发货】
品牌    ：迪奥 → 迪奥 | ✅
容量规格：{'3.2'} → set() | ❌
色号    ：set() → set()
浓度    ： →  | ✅
简装    ： →  | ✅
套装    ：不含 → 不含 | ✅
清洗后  ：花漾甜心固体膏棒 → miss小姐花漾甜心固体香膏棒
品名匹配：词袋(85.7%) | ✅
结果    ：❌ FAIL | 原因：规格不匹配
============================================================
🔧 校验失败原因为规格不匹配，尝试进入规格面板匹配...

[DEBUG][get_sku_price_auto] 开始匹配，搜索词: '迪奥 花漾甜心固体膏香水棒3.2g'
[DEBUG][get_sku_identifiers] 提取标识: ['3.2g']
[DEBUG][get_sku_price_auto] 当前已选规格匹配，价格: 443.5
✅ 规格匹配成功，且品名已匹配，校验通过

================================================================================
货品名称：新品Dior迪奥MISS DIOR小姐/花漾甜心固体香膏香氛香水棒持久留香【5天内发货】
关键词：迪奥 花漾甜心固体膏香水棒3.2g
原价：382.99 | 现价：443.5
匹配规格：已选择： 银管浓香(迪奥小姐) 3.2g | 规格价格：443.5
百亿补贴：否 | 日期：
校验通过：✅ True
================================================================================
--- 进入商品 2/3 ---
============================================================
搜索词 ：迪奥 花漾甜心固体膏香水棒3.2g
商品名 ：【Dior】迪奥春季新品限定MISS DIOR小姐/花漾甜心固体香膏香水棒【5天内发货】
品牌    ：迪奥 → 迪奥 | ✅
容量规格：{'3.2'} → set() | ❌
色号    ：set() → set()
浓度    ： →  | ✅
简装    ： →  | ✅
套装    ：不含 → 不含 | ✅
清洗后  ：花漾甜心固体膏棒 → 春季限定miss小姐花漾甜心固体香膏棒
品名匹配：词袋(85.7%) | ✅
结果    ：❌ FAIL | 原因：规格不匹配
============================================================
🔧 校验失败原因为规格不匹配，尝试进入规格面板匹配...

[DEBUG][get_sku_price_auto] 开始匹配，搜索词: '迪奥 花漾甜心固体膏香水棒3.2g'
[DEBUG][get_sku_identifiers] 提取标识: ['3.2g']
[DEBUG][get_sku_price_auto] 当前已选规格不匹配，尝试点击规格...
[DEBUG][_click_sku_by_identifier] 尝试点击标识: '3.2g'
[DEBUG][get_sku_price_auto] 所有标识尝试完毕，仍无价格
⚠️ 规格匹配未获取到有效价格，已记录为匹配失败，校验结果强制为不通过

================================================================================
货品名称：【Dior】迪奥春季新品限定MISS DIOR小姐/花漾甜心固体香膏香水棒【5天内发货】
关键词：迪奥 花漾甜心固体膏香水棒3.2g
原价：385.0 | 现价：385.0
匹配规格：匹配失败 | 规格价格：
百亿补贴：否 | 日期：
校验通过：❌ False
================================================================================
--- 进入商品 3/3 ---
============================================================
搜索词 ：迪奥 花漾甜心固体膏香水棒3.2g
商品名 ：【Dior】迪奥 迪奥花漾小姐 女士固体香氛 3.2g EDT 淡香水【法国直发【5天内发货】
品牌    ：迪奥 → 迪奥 | ✅
容量规格：{'3.2'} → {'3.2'} | ✅
色号    ：set() → set()
浓度    ： → 淡香 | ✅
简装    ： →  | ✅
套装    ：不含 → 不含 | ✅
清洗后  ：花漾甜心固体膏棒 → 花漾小姐女士固体
品名匹配：LCS子序列(50.0%) | ✅
结果    ：✅ PASS | 原因：所有检查通过
============================================================

================================================================================
货品名称：【Dior】迪奥 迪奥花漾小姐 女士固体香氛 3.2g EDT 淡香水【法国直发【5天内发货】
关键词：迪奥 花漾甜心固体膏香水棒3.2g
原价：467.0 | 现价：467.0
百亿补贴：否 | 日期：
校验通过：✅ True
================================================================================
✅ 优先级 1 中已有商品通过校验，停止降级
📁 采集记录已保存，总行数：244
📋 校验记录已保存，总记录数：195
✅ 序号 521 已标记为已采集

⏸ 等待 1 秒后继续...
⏳ 等待下一个商品：[██████████████████████████████] 100% (1/1s)

🔍 搜索：迪奥 花漾甜心香体喷雾100ml

===== 优先级 4，共 1 个商品 =====
--- 进入商品 1/1 ---
============================================================
搜索词 ：迪奥 花漾甜心香体喷雾100ml
商品名 ：【Dior】迪奥 花漾甜心淡香水EDT 全新瓶身 花香女士礼物30/50/100ml【5天内发货】
品牌    ：迪奥 → 迪奥 | ✅
容量规格：{'100'} → {'100', '50', '30'} | ✅
色号    ：set() → set()
浓度    ： → 淡香 | ✅
简装    ： →  | ✅
套装    ：不含 → 不含 | ✅
清洗后  ：花漾甜心香体喷雾 → 花漾甜心水全新瓶身花香女士礼物
品名匹配：词袋(42.9%) | ✅
结果    ：✅ PASS | 原因：所有检查通过
============================================================
🔧 标题包含多规格 (容量:{'100', '50', '30'}, 色号:set())，尝试进入规格面板匹配...

[DEBUG][get_sku_price_auto] 开始匹配，搜索词: '迪奥 花漾甜心香体喷雾100ml'
[DEBUG][get_sku_identifiers] 提取标识: ['100ml']
[DEBUG][get_sku_price_auto] 当前已选规格不匹配，尝试点击规格...
[DEBUG][get_sku_price_auto] 所有标识尝试完毕，仍无价格
⚠️ 规格匹配未获取到有效价格，已记录为匹配失败，校验结果强制为不通过

================================================================================
货品名称：【Dior】迪奥 花漾甜心淡香水EDT 全新瓶身 花香女士礼物30/50/100ml【5天内发货】
关键词：迪奥 花漾甜心香体喷雾100ml
原价：599.0 | 现价：452.0
匹配规格：匹配失败 | 规格价格：
百亿补贴：是 | 日期：2024-12-01
校验通过：❌ False
================================================================================
⚠️ 优先级 4 全部未通过，尝试下一优先级

===== 优先级 2，共 2 个商品 =====
--- 进入商品 1/2 ---
============================================================
搜索词 ：迪奥 花漾甜心香体喷雾100ml
商品名 ：Dior/迪奥花漾甜心香水EDT100ml花果香调
品牌    ：迪奥 → 迪奥 | ✅
容量规格：{'100'} → {'100'} | ✅
色号    ：set() → set()
浓度    ： →  | ✅
简装    ： →  | ✅
套装    ：不含 → 不含 | ✅
清洗后  ：花漾甜心香体喷雾 → 花漾甜心花
品名匹配：词袋(42.9%) | ✅
结果    ：✅ PASS | 原因：所有检查通过
============================================================

================================================================================
货品名称：Dior/迪奥花漾甜心香水EDT100ml花果香调
关键词：迪奥 花漾甜心香体喷雾100ml
原价：899.0 | 现价：899.0
百亿补贴：否 | 日期：2025-01-01
校验通过：✅ True
================================================================================
--- 进入商品 2/2 ---
============================================================
搜索词 ：迪奥 花漾甜心香体喷雾100ml
商品名 ：【Dior】迪奥 花漾甜心淡香水EDT 全新瓶身 花香女士礼物30/50/100ml【5天内发货】
品牌    ：迪奥 → 迪奥 | ✅
容量规格：{'100'} → {'100', '50', '30'} | ✅
色号    ：set() → set()
浓度    ： → 淡香 | ✅
简装    ： →  | ✅
套装    ：不含 → 不含 | ✅
清洗后  ：花漾甜心香体喷雾 → 花漾甜心水全新瓶身花香女士礼物
品名匹配：词袋(42.9%) | ✅
结果    ：✅ PASS | 原因：所有检查通过
============================================================
🔧 标题包含多规格 (容量:{'100', '50', '30'}, 色号:set())，尝试进入规格面板匹配...

[DEBUG][get_sku_price_auto] 开始匹配，搜索词: '迪奥 花漾甜心香体喷雾100ml'
[DEBUG][get_sku_identifiers] 提取标识: ['100ml']
[DEBUG][get_sku_price_auto] 当前已选规格不匹配，尝试点击规格...
[DEBUG][get_sku_price_auto] 所有标识尝试完毕，仍无价格
⚠️ 规格匹配未获取到有效价格，已记录为匹配失败，校验结果强制为不通过

================================================================================
货品名称：【Dior】迪奥 花漾甜心淡香水EDT 全新瓶身 花香女士礼物30/50/100ml【5天内发货】
关键词：迪奥 花漾甜心香体喷雾100ml
原价：599.0 | 现价：452.0
匹配规格：匹配失败 | 规格价格：
百亿补贴：是 | 日期：2024-12-01
校验通过：❌ False
================================================================================
✅ 优先级 2 中已有商品通过校验，停止降级
📁 采集记录已保存，总行数：249
📋 校验记录已保存，总记录数：198
✅ 序号 522 已标记为已采集

⏸ 等待 1 秒后继续...
⏳ 等待下一个商品：[██████████████████████████████] 100% (1/1s)

🔍 搜索：迪奥 桀骜男士EDT 100ml

===== 优先级 2，共 2 个商品 =====
--- 进入商品 1/2 ---
============================================================
搜索词 ：迪奥 桀骜男士EDT 100ml
商品名 ：Dior/ 迪奥 桀骜男士香水EDT 50ml持久留香
品牌    ：迪奥 → 迪奥 | ✅
容量规格：{'100'} → {'50'} | ❌
色号    ：set() → set()
浓度    ： →  | ✅
简装    ： →  | ✅
套装    ：不含 → 不含 | ✅
清洗后  ：桀骜男士 → 桀骜男士
品名匹配：词袋(100.0%) | ✅
结果    ：❌ FAIL | 原因：规格不匹配
============================================================
🔧 校验失败原因为规格不匹配，尝试进入规格面板匹配...

[DEBUG][get_sku_price_auto] 开始匹配，搜索词: '迪奥 桀骜男士EDT 100ml'
[DEBUG][get_sku_identifiers] 提取标识: ['100ml']
[DEBUG][get_sku_price_auto] 当前已选规格不匹配，尝试点击规格...
[DEBUG][get_sku_price_auto] 所有标识尝试完毕，仍无价格
⚠️ 规格匹配未获取到有效价格，已记录为匹配失败，校验结果强制为不通过

================================================================================
货品名称：Dior/ 迪奥 桀骜男士香水EDT 50ml持久留香
关键词：迪奥 桀骜男士EDT 100ml
原价：699.0 | 现价：699.0
匹配规格：匹配失败 | 规格价格：
百亿补贴：否 | 日期：2025-01-01
校验通过：❌ False
================================================================================
--- 进入商品 2/2 ---
============================================================
搜索词 ：迪奥 桀骜男士EDT 100ml
商品名 ：Dior/迪奥 桀骜男士香水 EDT 50ml木质沉稳
品牌    ：迪奥 → 迪奥 | ✅
容量规格：{'100'} → {'50'} | ❌
色号    ：set() → set()
浓度    ： → 淡香 | ✅
简装    ： →  | ✅
套装    ：不含 → 不含 | ✅
清洗后  ：桀骜男士 → 桀骜男士木质沉稳
品名匹配：词袋(100.0%) | ✅
结果    ：❌ FAIL | 原因：规格不匹配
============================================================
🔧 校验失败原因为规格不匹配，尝试进入规格面板匹配...

[DEBUG][get_sku_price_auto] 开始匹配，搜索词: '迪奥 桀骜男士EDT 100ml'
[DEBUG][get_sku_identifiers] 提取标识: ['100ml']
[DEBUG][get_sku_price_auto] 当前已选规格不匹配，尝试点击规格...
[DEBUG][get_sku_price_auto] 所有标识尝试完毕，仍无价格
⚠️ 规格匹配未获取到有效价格，已记录为匹配失败，校验结果强制为不通过

================================================================================
货品名称：Dior/迪奥 桀骜男士香水 EDT 50ml木质沉稳
关键词：迪奥 桀骜男士EDT 100ml
原价：599.0 | 现价：599.0
匹配规格：匹配失败 | 规格价格：
百亿补贴：否 | 日期：2025-12-01
校验通过：❌ False
================================================================================
⚠️ 优先级 2 全部未通过，尝试下一优先级
🔽 降级到全球购，返回顶部并重新识别（不自动下滑）

===== 优先级 1，共 3 个商品 =====
--- 进入商品 1/3 ---
============================================================
搜索词 ：迪奥 桀骜男士EDT 100ml
商品名 ：专柜正品 Dior迪奥桀骜男士淡香氛50ml/100ml木质香调约会礼物
品牌    ：迪奥 → 迪奥 | ✅
容量规格：{'100'} → {'100', '50'} | ✅
色号    ：set() → set()
浓度    ： → 淡香 | ✅
简装    ： →  | ✅
套装    ：不含 → 不含 | ✅
清洗后  ：桀骜男士 → 桀骜男士氛木质香调约会礼物
品名匹配：词袋(100.0%) | ✅
结果    ：✅ PASS | 原因：所有检查通过
============================================================
🔧 标题包含多规格 (容量:{'100', '50'}, 色号:set())，尝试进入规格面板匹配...

[DEBUG][get_sku_price_auto] 开始匹配，搜索词: '迪奥 桀骜男士EDT 100ml'
[DEBUG][get_sku_identifiers] 提取标识: ['100ml']
[DEBUG][get_sku_price_auto] 当前已选规格不匹配，尝试点击规格...
[DEBUG] 容量 100ml 找到 2 个控件
[DEBUG] 无匹配浓度，点击第一个容量控件: 100ml
[DEBUG] 容量 100ml 匹配成功，价格: 1100
✅ 规格匹配成功，且品名已匹配，校验通过

================================================================================
货品名称：专柜正品 Dior迪奥桀骜男士淡香氛50ml/100ml木质香调约会礼物
关键词：迪奥 桀骜男士EDT 100ml
原价：810.0 | 现价：1100
匹配规格：已选择： 100ml | 规格价格：1100
百亿补贴：否 | 日期：2025-03-03
校验通过：✅ True
================================================================================
--- 进入商品 2/3 ---
============================================================
搜索词 ：迪奥 桀骜男士EDT 100ml
商品名 ：【Dior】迪奥 桀骜男士淡香水 50/100/150ml【法国直发】【5天内发货】
品牌    ：迪奥 → 迪奥 | ✅
容量规格：{'100'} → {'100', '150', '50'} | ✅
色号    ：set() → set()
浓度    ： → 淡香 | ✅
简装    ： →  | ✅
套装    ：不含 → 不含 | ✅
清洗后  ：桀骜男士 → 桀骜男士水
品名匹配：词袋(100.0%) | ✅
结果    ：✅ PASS | 原因：所有检查通过
============================================================
🔧 标题包含多规格 (容量:{'100', '150', '50'}, 色号:set())，尝试进入规格面板匹配...

[DEBUG][get_sku_price_auto] 开始匹配，搜索词: '迪奥 桀骜男士EDT 100ml'
[DEBUG][get_sku_identifiers] 提取标识: ['100ml']
[DEBUG][get_sku_price_auto] 当前已选规格不匹配，尝试点击规格...
[DEBUG] 容量 100ml 找到 1 个控件
[DEBUG] 点击唯一容量控件: 100ml
[DEBUG] 容量 100ml 匹配成功，价格: 716
✅ 规格匹配成功，且品名已匹配，校验通过

================================================================================
货品名称：【Dior】迪奥 桀骜男士淡香水 50/100/150ml【法国直发】【5天内发货】
关键词：迪奥 桀骜男士EDT 100ml
原价：620.0 | 现价：716
匹配规格：已选择： 100ml | 规格价格：716
百亿补贴：否 | 日期：
校验通过：✅ True
================================================================================
--- 进入商品 3/3 ---
============================================================
搜索词 ：迪奥 桀骜男士EDT 100ml
商品名 ：Dior/ 迪奥 桀骜男士香水EDT 50ml持久留香
品牌    ：迪奥 → 迪奥 | ✅
容量规格：{'100'} → {'50'} | ❌
色号    ：set() → set()
浓度    ： →  | ✅
简装    ： →  | ✅
套装    ：不含 → 不含 | ✅
清洗后  ：桀骜男士 → 桀骜男士
品名匹配：词袋(100.0%) | ✅
结果    ：❌ FAIL | 原因：规格不匹配
============================================================
🔧 校验失败原因为规格不匹配，尝试进入规格面板匹配...

[DEBUG][get_sku_price_auto] 开始匹配，搜索词: '迪奥 桀骜男士EDT 100ml'
[DEBUG][get_sku_identifiers] 提取标识: ['100ml']
[DEBUG][get_sku_price_auto] 当前已选规格不匹配，尝试点击规格...
[DEBUG][get_sku_price_auto] 所有标识尝试完毕，仍无价格
⚠️ 规格匹配未获取到有效价格，已记录为匹配失败，校验结果强制为不通过

================================================================================
货品名称：Dior/ 迪奥 桀骜男士香水EDT 50ml持久留香
关键词：迪奥 桀骜男士EDT 100ml
原价：699.0 | 现价：699.0
匹配规格：匹配失败 | 规格价格：
百亿补贴：否 | 日期：2025-01-01
校验通过：❌ False
================================================================================
✅ 优先级 1 中已有商品通过校验，停止降级
📁 采集记录已保存，总行数：255
📋 校验记录已保存，总记录数：203
✅ 序号 523 已标记为已采集

⏸ 等待 1 秒后继续...
⏳ 等待下一个商品：[██████████████████████████████] 100% (1/1s)

🔍 搜索：迪奥 桀骜男士EDT 50ml
🔽 降级到全球购，返回顶部并重新识别（不自动下滑）

===== 优先级 1，共 3 个商品 =====
--- 进入商品 1/3 ---
============================================================
搜索词 ：迪奥 桀骜男士EDT 50ml
商品名 ：Dior/迪奥 桀骜男士淡香水EDT淡香50ml【5天内发货】
品牌    ：迪奥 → 迪奥 | ✅
容量规格：{'50'} → {'50'} | ✅
色号    ：set() → set()
浓度    ： → 淡香 | ✅
简装    ： →  | ✅
套装    ：不含 → 不含 | ✅
清洗后  ：桀骜男士 → 桀骜男士水
品名匹配：词袋(100.0%) | ✅
结果    ：✅ PASS | 原因：所有检查通过
============================================================

================================================================================
货品名称：Dior/迪奥 桀骜男士淡香水EDT淡香50ml【5天内发货】
关键词：迪奥 桀骜男士EDT 50ml
原价：480.0 | 现价：480.0
百亿补贴：否 | 日期：2025-06-01
校验通过：✅ True
================================================================================
--- 进入商品 2/3 ---
============================================================
搜索词 ：迪奥 桀骜男士EDT 50ml
商品名 ：【Dior】迪奥 桀骜男士香水 EDT淡香 origines 50/100ml【法国直发】【5天内发货】
品牌    ：迪奥 → 迪奥 | ✅
容量规格：{'50'} → {'100', '50'} | ✅
色号    ：set() → set()
浓度    ： → 淡香 | ✅
简装    ： →  | ✅
套装    ：不含 → 不含 | ✅
清洗后  ：桀骜男士 → 桀骜男士origines
品名匹配：词袋(100.0%) | ✅
结果    ：✅ PASS | 原因：所有检查通过
============================================================
🔧 标题包含多规格 (容量:{'100', '50'}, 色号:set())，尝试进入规格面板匹配...

[DEBUG][get_sku_price_auto] 开始匹配，搜索词: '迪奥 桀骜男士EDT 50ml'
[DEBUG][get_sku_identifiers] 提取标识: ['50ml']
[DEBUG][get_sku_price_auto] 当前已选规格匹配，价格: 540
✅ 规格匹配成功，且品名已匹配，校验通过

================================================================================
货品名称：【Dior】迪奥 桀骜男士香水 EDT淡香 origines 50/100ml【法国直发】【5天内发货】
关键词：迪奥 桀骜男士EDT 50ml
原价：540.0 | 现价：540
匹配规格：已选择： 50ml | 规格价格：540
百亿补贴：否 | 日期：
校验通过：✅ True
================================================================================
--- 进入商品 3/3 ---
============================================================
搜索词 ：迪奥 桀骜男士EDT 50ml
商品名 ：【Dior】迪奥 桀骜男士淡香水经典版 50/150ml【法国直发】【5天内发货】
品牌    ：迪奥 → 迪奥 | ✅
容量规格：{'50'} → {'150', '50'} | ✅
色号    ：set() → set()
浓度    ： → 淡香 | ✅
简装    ： →  | ✅
套装    ：不含 → 不含 | ✅
清洗后  ：桀骜男士 → 桀骜男士水经典
品名匹配：词袋(100.0%) | ✅
结果    ：✅ PASS | 原因：所有检查通过
============================================================
🔧 标题包含多规格 (容量:{'150', '50'}, 色号:set())，尝试进入规格面板匹配...

[DEBUG][get_sku_price_auto] 开始匹配，搜索词: '迪奥 桀骜男士EDT 50ml'
[DEBUG][get_sku_identifiers] 提取标识: ['50ml']
[DEBUG][get_sku_price_auto] 当前已选规格匹配，价格: 535
✅ 规格匹配成功，且品名已匹配，校验通过

================================================================================
货品名称：【Dior】迪奥 桀骜男士淡香水经典版 50/150ml【法国直发】【5天内发货】
关键词：迪奥 桀骜男士EDT 50ml
原价：535.0 | 现价：535
匹配规格：已选择： 50ml | 规格价格：535
百亿补贴：否 | 日期：
校验通过：✅ True
================================================================================
✅ 优先级 1 中已有商品通过校验，停止降级
📁 采集记录已保存，总行数：262
📋 校验记录已保存，总记录数：206
✅ 序号 524 已标记为已采集

⏸ 等待 1 秒后继续...
⏳ 等待下一个商品：[██████████████████████████████] 100% (1/1s)

🔍 搜索：迪奥 桀骜男士EDT150ml

===== 优先级 2，共 1 个商品 =====
--- 进入商品 1/1 ---
============================================================
搜索词 ：迪奥 桀骜男士EDT150ml
商品名 ：Dior/ 迪奥 桀骜男士香水EDT 50ml持久留香
品牌    ：迪奥 → 迪奥 | ✅
容量规格：{'150'} → {'50'} | ❌
色号    ：set() → set()
浓度    ： →  | ✅
简装    ： →  | ✅
套装    ：不含 → 不含 | ✅
清洗后  ：桀骜男士 → 桀骜男士
品名匹配：词袋(100.0%) | ✅
结果    ：❌ FAIL | 原因：规格不匹配
============================================================
🔧 校验失败原因为规格不匹配，尝试进入规格面板匹配...

[DEBUG][get_sku_price_auto] 开始匹配，搜索词: '迪奥 桀骜男士EDT150ml'
[DEBUG][get_sku_identifiers] 提取标识: ['150ml']
[DEBUG][get_sku_price_auto] 当前已选规格不匹配，尝试点击规格...
[DEBUG][get_sku_price_auto] 所有标识尝试完毕，仍无价格
⚠️ 规格匹配未获取到有效价格，已记录为匹配失败，校验结果强制为不通过

================================================================================
货品名称：Dior/ 迪奥 桀骜男士香水EDT 50ml持久留香
关键词：迪奥 桀骜男士EDT150ml
原价：699.0 | 现价：699.0
匹配规格：匹配失败 | 规格价格：
百亿补贴：否 | 日期：2025-01-01
校验通过：❌ False
================================================================================
⚠️ 优先级 2 全部未通过，尝试下一优先级
🔽 降级到全球购，返回顶部并重新识别（不自动下滑）

===== 优先级 1，共 3 个商品 =====
--- 进入商品 1/3 ---
============================================================
搜索词 ：迪奥 桀骜男士EDT150ml
商品名 ：正品Dior迪奥桀骜男士运动淡香水75ml清新活力木香调持久留香散香【5天内发货】
品牌    ：迪奥 → 迪奥 | ✅
容量规格：{'150'} → {'75'} | ❌
色号    ：set() → set()
浓度    ： → 淡香 | ✅
简装    ： →  | ✅
套装    ：不含 → 不含 | ✅
清洗后  ：桀骜男士 → 桀骜男士运动水活力木香调散香
品名匹配：词袋(100.0%) | ✅
结果    ：❌ FAIL | 原因：规格不匹配
============================================================
🔧 校验失败原因为规格不匹配，尝试进入规格面板匹配...

[DEBUG][get_sku_price_auto] 开始匹配，搜索词: '迪奥 桀骜男士EDT150ml'
[DEBUG][get_sku_identifiers] 提取标识: ['150ml']
[DEBUG][get_sku_price_auto] 当前已选规格不匹配，尝试点击规格...
[DEBUG][get_sku_price_auto] 所有标识尝试完毕，仍无价格
⚠️ 规格匹配未获取到有效价格，已记录为匹配失败，校验结果强制为不通过

================================================================================
货品名称：正品Dior迪奥桀骜男士运动淡香水75ml清新活力木香调持久留香散香【5天内发货】
关键词：迪奥 桀骜男士EDT150ml
原价：545.0 | 现价：545.0
匹配规格：匹配失败 | 规格价格：
百亿补贴：否 | 日期：
校验通过：❌ False
================================================================================
--- 进入商品 2/3 ---
============================================================
搜索词 ：迪奥 桀骜男士EDT150ml
商品名 ：正品Dior迪奥桀骜男士运动淡香水75ml清新活力木香调持久留香散香【5天内发货】
品牌    ：迪奥 → 迪奥 | ✅
容量规格：{'150'} → {'75'} | ❌
色号    ：set() → set()
浓度    ： → 淡香 | ✅
简装    ： →  | ✅
套装    ：不含 → 不含 | ✅
清洗后  ：桀骜男士 → 桀骜男士运动水活力木香调散香
品名匹配：词袋(100.0%) | ✅
结果    ：❌ FAIL | 原因：规格不匹配
============================================================
🔧 校验失败原因为规格不匹配，尝试进入规格面板匹配...

[DEBUG][get_sku_price_auto] 开始匹配，搜索词: '迪奥 桀骜男士EDT150ml'
[DEBUG][get_sku_identifiers] 提取标识: ['150ml']
[DEBUG][get_sku_price_auto] 当前已选规格不匹配，尝试点击规格...
[DEBUG][get_sku_price_auto] 所有标识尝试完毕，仍无价格
⚠️ 规格匹配未获取到有效价格，已记录为匹配失败，校验结果强制为不通过

================================================================================
货品名称：正品Dior迪奥桀骜男士运动淡香水75ml清新活力木香调持久留香散香【5天内发货】
关键词：迪奥 桀骜男士EDT150ml
原价：545.0 | 现价：545.0
匹配规格：匹配失败 | 规格价格：
百亿补贴：否 | 日期：
校验通过：❌ False
================================================================================
--- 进入商品 3/3 ---
============================================================
搜索词 ：迪奥 桀骜男士EDT150ml
商品名 ：【Dior】迪奥 桀骜男士淡香水 50/100/150ml【法国直发】【5天内发货】
品牌    ：迪奥 → 迪奥 | ✅
容量规格：{'150'} → {'100', '150', '50'} | ✅
色号    ：set() → set()
浓度    ： → 淡香 | ✅
简装    ： →  | ✅
套装    ：不含 → 不含 | ✅
清洗后  ：桀骜男士 → 桀骜男士水
品名匹配：词袋(100.0%) | ✅
结果    ：✅ PASS | 原因：所有检查通过
============================================================
🔧 标题包含多规格 (容量:{'100', '150', '50'}, 色号:set())，尝试进入规格面板匹配...

[DEBUG][get_sku_price_auto] 开始匹配，搜索词: '迪奥 桀骜男士EDT150ml'
[DEBUG][get_sku_identifiers] 提取标识: ['150ml']
[DEBUG][get_sku_price_auto] 当前已选规格不匹配，尝试点击规格...
[DEBUG] 容量 150ml 找到 1 个控件
[DEBUG] 点击唯一容量控件: 150ml
[DEBUG] 容量 150ml 匹配成功，价格: 876
✅ 规格匹配成功，且品名已匹配，校验通过

================================================================================
货品名称：【Dior】迪奥 桀骜男士淡香水 50/100/150ml【法国直发】【5天内发货】
关键词：迪奥 桀骜男士EDT150ml
原价：620.0 | 现价：876
匹配规格：已选择： 150ml | 规格价格：876
百亿补贴：否 | 日期：
校验通过：✅ True
================================================================================
✅ 优先级 1 中已有商品通过校验，停止降级
📁 采集记录已保存，总行数：268
📋 校验记录已保存，总记录数：210
✅ 序号 525 已标记为已采集

⏸ 等待 1 秒后继续...
⏳ 等待下一个商品：[██████████████████████████████] 100% (1/1s)

🔍 搜索：迪奥 桀骜男士古龙EDP 75ml

===== 优先级 4，共 1 个商品 =====
--- 进入商品 1/1 ---
============================================================
搜索词 ：迪奥 桀骜男士古龙EDP 75ml
商品名 ：【迪奥】桀骜男士香水EDC75ml清新简约
品牌    ：迪奥 → 迪奥 | ✅
容量规格：{'75'} → {'75'} | ✅
色号    ：set() → set()
浓度    ：浓香 →  | ✅
简装    ： →  | ✅
套装    ：不含 → 不含 | ✅
清洗后  ：桀骜男士古龙 → 桀骜男士简约
品名匹配：词袋(60.0%) | ✅
结果    ：✅ PASS | 原因：所有检查通过
============================================================

================================================================================
货品名称：【迪奥】桀骜男士香水EDC75ml清新简约
关键词：迪奥 桀骜男士古龙EDP 75ml
原价：699.0 | 现价：553.0
百亿补贴：是 | 日期：2025-01-01
校验通过：✅ True
================================================================================
✅ 优先级 4 中已有商品通过校验，停止降级
📁 采集记录已保存，总行数：272
📋 校验记录已保存，总记录数：211
✅ 序号 526 已标记为已采集

⏸ 等待 1 秒后继续...
⏳ 等待下一个商品：[██████████████████████████████] 100% (1/1s)

🔍 搜索：迪奥 桀骜男士加强版EDP 50ml
🔽 降级到全球购，返回顶部并重新识别（不自动下滑）

===== 优先级 1，共 3 个商品 =====
--- 进入商品 1/3 ---
============================================================
搜索词 ：迪奥 桀骜男士加强版EDP 50ml
商品名 ：【Dior】迪奥Homme桀骜运动桀骜男士精粹精英加强版淡香水古龙水简装【5天内发货】
品牌    ：迪奥 → 迪奥 | ✅
容量规格：{'50'} → set() | ❌
色号    ：set() → set()
浓度    ：浓香 → 淡香 | ❌
简装    ： → 简装 | ✅
套装    ：不含 → 不含 | ✅
清洗后  ：桀骜男士加强 → homme桀骜运动桀骜男士精粹精英加强水古龙水简装
品名匹配：词袋(80.0%) | ✅
结果    ：❌ FAIL | 原因：规格不匹配；浓度不匹配
============================================================
🔧 校验失败原因为规格不匹配，尝试进入规格面板匹配...

[DEBUG][get_sku_price_auto] 开始匹配，搜索词: '迪奥 桀骜男士加强版EDP 50ml'
[DEBUG][get_sku_identifiers] 提取标识: ['50ml']
[DEBUG][get_sku_price_auto] 当前已选规格匹配，价格: 543
⚠️ 规格匹配成功但浓度不匹配，仍标记通过，原因已记录
✅ 规格匹配成功，且品名已匹配，校验通过

================================================================================
货品名称：【Dior】迪奥Homme桀骜运动桀骜男士精粹精英加强版淡香水古龙水简装【5天内发货】
关键词：迪奥 桀骜男士加强版EDP 50ml
原价：None | 现价：543
匹配规格：已选择： 桀骜EDT 50ML | 规格价格：543
百亿补贴：否 | 日期：
校验通过：✅ True
================================================================================
--- 进入商品 2/3 ---
============================================================
搜索词 ：迪奥 桀骜男士加强版EDP 50ml
商品名 ：【Dior】迪奥 迪奥桀骜男士香水 浓香「加强版」 50-150ml【法国直发【5天内发货】
品牌    ：迪奥 → 迪奥 | ✅
容量规格：{'50'} → {'150', '50'} | ✅
色号    ：set() → set()
浓度    ：浓香 → 浓香 | ✅
简装    ： →  | ✅
套装    ：不含 → 不含 | ✅
清洗后  ：桀骜男士加强 → 桀骜男士加强
品名匹配：词袋(100.0%) | ✅
结果    ：✅ PASS | 原因：所有检查通过
============================================================
🔧 标题包含多规格 (容量:{'150', '50'}, 色号:set())，尝试进入规格面板匹配...

[DEBUG][get_sku_price_auto] 开始匹配，搜索词: '迪奥 桀骜男士加强版EDP 50ml'
[DEBUG][get_sku_identifiers] 提取标识: ['50ml']
[DEBUG][get_sku_price_auto] 当前已选规格匹配，价格: 673
✅ 规格匹配成功，且品名已匹配，校验通过

================================================================================
货品名称：【Dior】迪奥 迪奥桀骜男士香水 浓香「加强版」 50-150ml【法国直发【5天内发货】
关键词：迪奥 桀骜男士加强版EDP 50ml
原价：673.0 | 现价：673
匹配规格：已选择： 50ml | 规格价格：673
百亿补贴：否 | 日期：
校验通过：✅ True
================================================================================
--- 进入商品 3/3 ---
============================================================
搜索词 ：迪奥 桀骜男士加强版EDP 50ml
商品名 ：CD DIOR HOMME迪奥桀骜先生INTENSE桀骜持久男士50/100ML
品牌    ：迪奥 → 迪奥 | ✅
容量规格：{'50'} → {'100', '50'} | ✅
色号    ：set() → set()
浓度    ：浓香 →  | ✅
简装    ： →  | ✅
套装    ：不含 → 不含 | ✅
清洗后  ：桀骜男士加强 → cdhomme桀骜先生intense桀骜男士
品名匹配：词袋(60.0%) | ✅
结果    ：✅ PASS | 原因：所有检查通过
============================================================
🔧 标题包含多规格 (容量:{'100', '50'}, 色号:set())，尝试进入规格面板匹配...

[DEBUG][get_sku_price_auto] 开始匹配，搜索词: '迪奥 桀骜男士加强版EDP 50ml'
[DEBUG][get_sku_identifiers] 提取标识: ['50ml']
[DEBUG][get_sku_price_auto] 未找到已选节点，尝试点击规格...
[DEBUG] 容量 50ml 找到 1 个控件
[DEBUG] 点击唯一容量控件: 50ml
[DEBUG][get_sku_price_auto] 所有标识尝试完毕，仍无价格
⚠️ 规格匹配未获取到有效价格，已记录为匹配失败，校验结果强制为不通过

================================================================================
货品名称：CD DIOR HOMME迪奥桀骜先生INTENSE桀骜持久男士50/100ML
关键词：迪奥 桀骜男士加强版EDP 50ml
原价：850.0 | 现价：850.0
匹配规格：匹配失败 | 规格价格：
百亿补贴：否 | 日期：
校验通过：❌ False
================================================================================
✅ 优先级 1 中已有商品通过校验，停止降级
📁 采集记录已保存，总行数：276
📋 校验记录已保存，总记录数：214
✅ 序号 527 已标记为已采集

⏸ 等待 1 秒后继续...
⏳ 等待下一个商品：[██████████████████████████████] 100% (1/1s)

🔍 搜索：迪奥 桀骜男士香水加强版EDP 100ml

===== 优先级 2，共 1 个商品 =====
--- 进入商品 1/1 ---
============================================================
搜索词 ：迪奥 桀骜男士香水加强版EDP 100ml
商品名 ：【正品行货】Dior/迪奥桀骜运动男士古龙淡香浓香清新持久送礼
品牌    ：迪奥 → 迪奥 | ✅
容量规格：{'100'} → set() | ❌
色号    ：set() → set()
浓度    ：浓香 → 浓香 | ✅
简装    ： →  | ✅
套装    ：不含 → 不含 | ✅
清洗后  ：桀骜男士加强 → 桀骜运动男士古龙送礼
品名匹配：词袋(40.0%) | ✅
结果    ：❌ FAIL | 原因：规格不匹配
============================================================
🔧 校验失败原因为规格不匹配，尝试进入规格面板匹配...

[DEBUG][get_sku_price_auto] 开始匹配，搜索词: '迪奥 桀骜男士香水加强版EDP 100ml'
[DEBUG][get_sku_identifiers] 提取标识: ['100ml']
[DEBUG][get_sku_price_auto] 当前已选规格不匹配，尝试点击规格...
[DEBUG][get_sku_price_auto] 所有标识尝试完毕，仍无价格
⚠️ 规格匹配未获取到有效价格，已记录为匹配失败，校验结果强制为不通过

================================================================================
货品名称：【正品行货】Dior/迪奥桀骜运动男士古龙淡香浓香清新持久送礼
关键词：迪奥 桀骜男士香水加强版EDP 100ml
原价：569.0 | 现价：569.0
匹配规格：匹配失败 | 规格价格：
百亿补贴：否 | 日期：
校验通过：❌ False
================================================================================
⚠️ 优先级 2 全部未通过，尝试下一优先级
🔽 降级到全球购，返回顶部并重新识别（不自动下滑）

===== 优先级 1，共 3 个商品 =====
--- 进入商品 1/3 ---
============================================================
搜索词 ：迪奥 桀骜男士香水加强版EDP 100ml
商品名 ：【Dior】迪奥 桀骜男士相熟EDP浓香水加强版 50/100/150ml【法国直发【5天内发货】
品牌    ：迪奥 → 迪奥 | ✅
容量规格：{'100'} → {'100', '150', '50'} | ✅
色号    ：set() → set()
浓度    ：浓香 → 浓香 | ✅
简装    ： →  | ✅
套装    ：不含 → 不含 | ✅
清洗后  ：桀骜男士加强 → 桀骜男士相熟水加强
品名匹配：词袋(80.0%) | ✅
结果    ：✅ PASS | 原因：所有检查通过
============================================================
🔧 标题包含多规格 (容量:{'100', '150', '50'}, 色号:set())，尝试进入规格面板匹配...

[DEBUG][get_sku_price_auto] 开始匹配，搜索词: '迪奥 桀骜男士香水加强版EDP 100ml'
[DEBUG][get_sku_identifiers] 提取标识: ['100ml']
[DEBUG][get_sku_price_auto] 当前已选规格不匹配，尝试点击规格...
[DEBUG] 容量 100ml 找到 1 个控件
[DEBUG] 点击唯一容量控件: 100ml
[DEBUG] 容量 100ml 匹配成功，价格: 838
✅ 规格匹配成功，且品名已匹配，校验通过

================================================================================
货品名称：【Dior】迪奥 桀骜男士相熟EDP浓香水加强版 50/100/150ml【法国直发【5天内发货】
关键词：迪奥 桀骜男士香水加强版EDP 100ml
原价：668.0 | 现价：838
匹配规格：已选择： 100ml | 规格价格：838
百亿补贴：否 | 日期：
校验通过：✅ True
================================================================================
--- 进入商品 2/3 ---
============================================================
搜索词 ：迪奥 桀骜男士香水加强版EDP 100ml
商品名 ：【Dior】迪奥 桀骜男士相熟EDP浓香水加强版 50/100/150ml【法国直发【5天内发货】
品牌    ：迪奥 → 迪奥 | ✅
容量规格：{'100'} → {'100', '150', '50'} | ✅
色号    ：set() → set()
浓度    ：浓香 → 浓香 | ✅
简装    ： →  | ✅
套装    ：不含 → 不含 | ✅
清洗后  ：桀骜男士加强 → 桀骜男士相熟水加强
品名匹配：词袋(80.0%) | ✅
结果    ：✅ PASS | 原因：所有检查通过
============================================================
🔧 标题包含多规格 (容量:{'100', '150', '50'}, 色号:set())，尝试进入规格面板匹配...

[DEBUG][get_sku_price_auto] 开始匹配，搜索词: '迪奥 桀骜男士香水加强版EDP 100ml'
[DEBUG][get_sku_identifiers] 提取标识: ['100ml']
[DEBUG][get_sku_price_auto] 当前已选规格不匹配，尝试点击规格...
[DEBUG] 容量 100ml 找到 1 个控件
[DEBUG] 点击唯一容量控件: 100ml
[DEBUG] 容量 100ml 匹配成功，价格: 843
✅ 规格匹配成功，且品名已匹配，校验通过

================================================================================
货品名称：【Dior】迪奥 桀骜男士相熟EDP浓香水加强版 50/100/150ml【法国直发【5天内发货】
关键词：迪奥 桀骜男士香水加强版EDP 100ml
原价：673.0 | 现价：843
匹配规格：已选择： 100ml | 规格价格：843
百亿补贴：否 | 日期：
校验通过：✅ True
================================================================================
--- 进入商品 3/3 ---
============================================================
搜索词 ：迪奥 桀骜男士香水加强版EDP 100ml
商品名 ：【Dior】迪奥桀骜相熟EDP浓香水「加强版」 50/100/150ml【法国直发】【5天内发货】
品牌    ：迪奥 → 迪奥 | ✅
容量规格：{'100'} → {'100', '150', '50'} | ✅
色号    ：set() → set()
浓度    ：浓香 → 浓香 | ✅
简装    ： →  | ✅
套装    ：不含 → 不含 | ✅
清洗后  ：桀骜男士加强 → 桀骜相熟水加强
品名匹配：词袋(40.0%) | ✅
结果    ：✅ PASS | 原因：所有检查通过
============================================================
🔧 标题包含多规格 (容量:{'100', '150', '50'}, 色号:set())，尝试进入规格面板匹配...

[DEBUG][get_sku_price_auto] 开始匹配，搜索词: '迪奥 桀骜男士香水加强版EDP 100ml'
[DEBUG][get_sku_identifiers] 提取标识: ['100ml']
[DEBUG][get_sku_price_auto] 未找到已选节点，尝试点击规格...
[DEBUG] 容量 100ml 找到 1 个控件
[DEBUG] 点击唯一容量控件: 100ml
[DEBUG] 容量 100ml 匹配成功，价格: 843
✅ 规格匹配成功，且品名已匹配，校验通过

================================================================================
货品名称：【Dior】迪奥桀骜相熟EDP浓香水「加强版」 50/100/150ml【法国直发】【5天内发货】
关键词：迪奥 桀骜男士香水加强版EDP 100ml
原价：673.0 | 现价：843
匹配规格：已选择： 100ml | 规格价格：843
百亿补贴：否 | 日期：
校验通过：✅ True
================================================================================
✅ 优先级 1 中已有商品通过校验，停止降级
📁 采集记录已保存，总行数：283
📋 校验记录已保存，总记录数：218
✅ 序号 528 已标记为已采集

⏸ 等待 1 秒后继续...
⏳ 等待下一个商品：[██████████████████████████████] 100% (1/1s)

🔍 搜索：迪奥 旷野沐浴露 250ml

===== 优先级 4，共 1 个商品 =====
--- 进入商品 1/1 ---
============================================================
搜索词 ：迪奥 旷野沐浴露 250ml
商品名 ：【正品行货】Dior迪奥旷野男士沐浴液250ml 清爽木质香旷野沐浴露
品牌    ：迪奥 → 迪奥 | ✅
容量规格：{'250'} → {'250'} | ✅
色号    ：set() → set()
浓度    ： →  | ✅
简装    ： →  | ✅
套装    ：不含 → 不含 | ✅
清洗后  ：旷野沐浴露 → 旷野男士沐浴液木质香旷野沐浴露
品名匹配：词袋(100.0%) | ✅
结果    ：✅ PASS | 原因：所有检查通过
============================================================

================================================================================
货品名称：【正品行货】Dior迪奥旷野男士沐浴液250ml 清爽木质香旷野沐浴露
关键词：迪奥 旷野沐浴露 250ml
原价：355.0 | 现价：296.0
百亿补贴：是 | 日期：2025-02-01
校验通过：✅ True
================================================================================
✅ 优先级 4 中已有商品通过校验，停止降级
📁 采集记录已保存，总行数：288
📋 校验记录已保存，总记录数：219
✅ 序号 529 已标记为已采集

⏸ 等待 1 秒后继续...
⏳ 等待下一个商品：[██████████████████████████████] 100% (1/1s)

🔍 搜索：迪奥 旷野男士EDP 100ml

===== 优先级 4，共 1 个商品 =====
--- 进入商品 1/1 ---
============================================================
搜索词 ：迪奥 旷野男士EDP 100ml
商品名 ：海外直邮Dior/迪奥 旷野男士香水 EDP 100ml旷野之上【5天内发货】
品牌    ：迪奥 → 迪奥 | ✅
容量规格：{'100'} → {'100'} | ✅
色号    ：set() → set()
浓度    ：浓香 → 浓香 | ✅
简装    ： →  | ✅
套装    ：不含 → 不含 | ✅
清洗后  ：旷野男士 → 海外旷野男士旷野之上
品名匹配：词袋(100.0%) | ✅
结果    ：✅ PASS | 原因：所有检查通过
============================================================

================================================================================
货品名称：海外直邮Dior/迪奥 旷野男士香水 EDP 100ml旷野之上【5天内发货】
关键词：迪奥 旷野男士EDP 100ml
原价：1090.0 | 现价：754.0
百亿补贴：是 | 日期：2026-03-01
校验通过：✅ True
================================================================================
✅ 优先级 4 中已有商品通过校验，停止降级
📁 采集记录已保存，总行数：290
📋 校验记录已保存，总记录数：220
✅ 序号 530 已标记为已采集

⏸ 等待 1 秒后继续...
⏳ 等待下一个商品：[██████████████████████████████] 100% (1/1s)

🔍 搜索：迪奥 旷野男士EDP 200ml

===== 优先级 2，共 2 个商品 =====
--- 进入商品 1/2 ---
============================================================
搜索词 ：迪奥 旷野男士EDP 200ml
商品名 ：【Dior】迪奥旷野男士 Sauvage木质调EDP浓香水
品牌    ：迪奥 → 迪奥 | ✅
容量规格：{'200'} → set() | ❌
色号    ：set() → set()
浓度    ：浓香 → 浓香 | ✅
简装    ： →  | ✅
套装    ：不含 → 不含 | ✅
清洗后  ：旷野男士 → 旷野男士sauvage水
品名匹配：词袋(100.0%) | ✅
结果    ：❌ FAIL | 原因：规格不匹配
============================================================
🔧 校验失败原因为规格不匹配，尝试进入规格面板匹配...

[DEBUG][get_sku_price_auto] 开始匹配，搜索词: '迪奥 旷野男士EDP 200ml'
[DEBUG][get_sku_identifiers] 提取标识: ['200ml']
[DEBUG][get_sku_price_auto] 当前已选规格不匹配，尝试点击规格...
[DEBUG][get_sku_price_auto] 所有标识尝试完毕，仍无价格
⚠️ 规格匹配未获取到有效价格，已记录为匹配失败，校验结果强制为不通过

================================================================================
货品名称：【Dior】迪奥旷野男士 Sauvage木质调EDP浓香水
关键词：迪奥 旷野男士EDP 200ml
原价：999.0 | 现价：999.0
匹配规格：匹配失败 | 规格价格：
百亿补贴：否 | 日期：2023-10-01
校验通过：❌ False
================================================================================
--- 进入商品 2/2 ---
============================================================
搜索词 ：迪奥 旷野男士EDP 200ml
商品名 ：【限定礼盒】Dior/迪奥香水旷野男士Sauvage木质调专柜送礼优选
品牌    ：迪奥 → 迪奥 | ✅
容量规格：{'200'} → set() | ❌
色号    ：set() → set()
浓度    ：浓香 →  | ✅
简装    ： →  | ✅
套装    ：不含 → 不含 | ✅
清洗后  ：旷野男士 → 旷野男士sauvage送礼优选
品名匹配：词袋(100.0%) | ✅
结果    ：❌ FAIL | 原因：规格不匹配
============================================================
🔧 校验失败原因为规格不匹配，尝试进入规格面板匹配...

[DEBUG][get_sku_price_auto] 开始匹配，搜索词: '迪奥 旷野男士EDP 200ml'
[DEBUG][get_sku_identifiers] 提取标识: ['200ml']
[DEBUG][get_sku_price_auto] 当前已选规格不匹配，尝试点击规格...
[DEBUG][get_sku_price_auto] 所有标识尝试完毕，仍无价格
⚠️ 规格匹配未获取到有效价格，已记录为匹配失败，校验结果强制为不通过

================================================================================
货品名称：【限定礼盒】Dior/迪奥香水旷野男士Sauvage木质调专柜送礼优选
关键词：迪奥 旷野男士EDP 200ml
原价：619.0 | 现价：619.0
匹配规格：匹配失败 | 规格价格：
百亿补贴：否 | 日期：
校验通过：❌ False
================================================================================
⚠️ 优先级 2 全部未通过，尝试下一优先级
🔽 降级到全球购，返回顶部并重新识别（不自动下滑）

===== 优先级 1，共 3 个商品 =====
--- 进入商品 1/3 ---
============================================================
搜索词 ：迪奥 旷野男士EDP 200ml
商品名 ：Dior/迪奥旷野香水经典男士淡/浓香氛EDP木质调持久留香礼盒正品
品牌    ：迪奥 → 迪奥 | ✅
容量规格：{'200'} → set() | ❌
色号    ：set() → set()
浓度    ：浓香 → 浓香 | ✅
简装    ： →  | ✅
套装    ：不含 → 不含 | ✅
清洗后  ：旷野男士 → 旷野经典男士淡氛礼盒
品名匹配：词袋(66.7%) | ✅
结果    ：❌ FAIL | 原因：规格不匹配
============================================================
🔧 校验失败原因为规格不匹配，尝试进入规格面板匹配...

[DEBUG][get_sku_price_auto] 开始匹配，搜索词: '迪奥 旷野男士EDP 200ml'
[DEBUG][get_sku_identifiers] 提取标识: ['200ml']
[DEBUG][get_sku_price_auto] 当前已选规格不匹配，尝试点击规格...
[DEBUG][get_sku_price_auto] 所有标识尝试完毕，仍无价格
⚠️ 规格匹配未获取到有效价格，已记录为匹配失败，校验结果强制为不通过

================================================================================
货品名称：Dior/迪奥旷野香水经典男士淡/浓香氛EDP木质调持久留香礼盒正品
关键词：迪奥 旷野男士EDP 200ml
原价：608.0 | 现价：608.0
匹配规格：匹配失败 | 规格价格：
百亿补贴：否 | 日期：2024-12-28
校验通过：❌ False
================================================================================
--- 进入商品 2/3 ---
============================================================
搜索词 ：迪奥 旷野男士EDP 200ml
商品名 ：【Dior】迪奥旷野男士典藏香精香水60/100ml EDP浓香水【法国直发】【5天内发货】
品牌    ：迪奥 → 迪奥 | ✅
容量规格：{'200'} → {'100', '60'} | ❌
色号    ：set() → set()
浓度    ：浓香 → 浓香 | ✅
简装    ： →  | ✅
套装    ：不含 → 不含 | ✅
清洗后  ：旷野男士 → 旷野男士典藏香精
品名匹配：词袋(100.0%) | ✅
结果    ：❌ FAIL | 原因：规格不匹配
============================================================
🔧 标题包含多规格 (容量:{'100', '60'}, 色号:set())，尝试进入规格面板匹配...

[DEBUG][get_sku_price_auto] 开始匹配，搜索词: '迪奥 旷野男士EDP 200ml'
[DEBUG][get_sku_identifiers] 提取标识: ['200ml']
[DEBUG][get_sku_price_auto] 未找到已选节点，尝试点击规格...
[DEBUG][get_sku_price_auto] 所有标识尝试完毕，仍无价格
⚠️ 规格匹配未获取到有效价格，已记录为匹配失败，校验结果强制为不通过

================================================================================
货品名称：【Dior】迪奥旷野男士典藏香精香水60/100ml EDP浓香水【法国直发】【5天内发货】
关键词：迪奥 旷野男士EDP 200ml
原价：1137.0 | 现价：1137.0
匹配规格：匹配失败 | 规格价格：
百亿补贴：否 | 日期：
校验通过：❌ False
================================================================================
--- 进入商品 3/3 ---
============================================================
搜索词 ：迪奥 旷野男士EDP 200ml
商品名 ：【Dior】迪奥旷野男士 Sauvage木质调EDP浓香水
品牌    ：迪奥 → 迪奥 | ✅
容量规格：{'200'} → set() | ❌
色号    ：set() → set()
浓度    ：浓香 → 浓香 | ✅
简装    ： →  | ✅
套装    ：不含 → 不含 | ✅
清洗后  ：旷野男士 → 旷野男士sauvage水
品名匹配：词袋(100.0%) | ✅
结果    ：❌ FAIL | 原因：规格不匹配
============================================================
🔧 校验失败原因为规格不匹配，尝试进入规格面板匹配...

[DEBUG][get_sku_price_auto] 开始匹配，搜索词: '迪奥 旷野男士EDP 200ml'
[DEBUG][get_sku_identifiers] 提取标识: ['200ml']
[DEBUG][get_sku_price_auto] 当前已选规格不匹配，尝试点击规格...
[DEBUG][get_sku_price_auto] 所有标识尝试完毕，仍无价格
⚠️ 规格匹配未获取到有效价格，已记录为匹配失败，校验结果强制为不通过

================================================================================
货品名称：【Dior】迪奥旷野男士 Sauvage木质调EDP浓香水
关键词：迪奥 旷野男士EDP 200ml
原价：999.0 | 现价：999.0
匹配规格：匹配失败 | 规格价格：
百亿补贴：否 | 日期：2023-10-01
校验通过：❌ False
================================================================================
⚠️ 优先级 1 全部未通过，尝试下一优先级
📁 采集记录已保存，总行数：295
📋 校验记录已保存，总记录数：225
✅ 序号 531 已标记为已采集

⏸ 等待 1 秒后继续...
⏳ 等待下一个商品：[██████████████████████████████] 100% (1/1s)

🔍 搜索：迪奥 旷野男士EDP 60ml

===== 优先级 4，共 1 个商品 =====
--- 进入商品 1/1 ---
============================================================
搜索词 ：迪奥 旷野男士EDP 60ml
商品名 ：海外直邮Dior/迪奥 旷野男士香水 EDP 100ml旷野之上【5天内发货】
品牌    ：迪奥 → 迪奥 | ✅
容量规格：{'60'} → {'100'} | ❌
色号    ：set() → set()
浓度    ：浓香 → 浓香 | ✅
简装    ： →  | ✅
套装    ：不含 → 不含 | ✅
清洗后  ：旷野男士 → 海外旷野男士旷野之上
品名匹配：词袋(100.0%) | ✅
结果    ：❌ FAIL | 原因：规格不匹配
============================================================
🔧 校验失败原因为规格不匹配，尝试进入规格面板匹配...

[DEBUG][get_sku_price_auto] 开始匹配，搜索词: '迪奥 旷野男士EDP 60ml'
[DEBUG][get_sku_identifiers] 提取标识: ['60ml']
[DEBUG][get_sku_price_auto] 当前已选规格不匹配，尝试点击规格...
[DEBUG][get_sku_price_auto] 所有标识尝试完毕，仍无价格
⚠️ 规格匹配未获取到有效价格，已记录为匹配失败，校验结果强制为不通过

================================================================================
货品名称：海外直邮Dior/迪奥 旷野男士香水 EDP 100ml旷野之上【5天内发货】
关键词：迪奥 旷野男士EDP 60ml
原价：1090.0 | 现价：754.0
匹配规格：匹配失败 | 规格价格：
百亿补贴：是 | 日期：2026-03-01
校验通过：❌ False
================================================================================
⚠️ 优先级 4 全部未通过，尝试下一优先级

===== 优先级 2，共 2 个商品 =====
--- 进入商品 1/2 ---
============================================================
搜索词 ：迪奥 旷野男士EDP 60ml
商品名 ：【Dior】迪奥旷野男士 Sauvage木质调EDP浓香水
品牌    ：迪奥 → 迪奥 | ✅
容量规格：{'60'} → set() | ❌
色号    ：set() → set()
浓度    ：浓香 → 浓香 | ✅
简装    ： →  | ✅
套装    ：不含 → 不含 | ✅
清洗后  ：旷野男士 → 旷野男士sauvage水
品名匹配：词袋(100.0%) | ✅
结果    ：❌ FAIL | 原因：规格不匹配
============================================================
🔧 校验失败原因为规格不匹配，尝试进入规格面板匹配...

[DEBUG][get_sku_price_auto] 开始匹配，搜索词: '迪奥 旷野男士EDP 60ml'
[DEBUG][get_sku_identifiers] 提取标识: ['60ml']
[DEBUG][get_sku_price_auto] 当前已选规格匹配，价格: 999
✅ 规格匹配成功，且品名已匹配，校验通过

================================================================================
货品名称：【Dior】迪奥旷野男士 Sauvage木质调EDP浓香水
关键词：迪奥 旷野男士EDP 60ml
原价：999.0 | 现价：999
匹配规格：已选择： 60mL 1瓶 | 规格价格：999
百亿补贴：否 | 日期：2023-10-01
校验通过：✅ True
================================================================================
--- 进入商品 2/2 ---
============================================================
搜索词 ：迪奥 旷野男士EDP 60ml
商品名 ：【限定礼盒】Dior/迪奥香水旷野男士Sauvage木质调专柜送礼优选
品牌    ：迪奥 → 迪奥 | ✅
容量规格：{'60'} → set() | ❌
色号    ：set() → set()
浓度    ：浓香 →  | ✅
简装    ： →  | ✅
套装    ：不含 → 不含 | ✅
清洗后  ：旷野男士 → 旷野男士sauvage送礼优选
品名匹配：词袋(100.0%) | ✅
结果    ：❌ FAIL | 原因：规格不匹配
============================================================
🔧 校验失败原因为规格不匹配，尝试进入规格面板匹配...

[DEBUG][get_sku_price_auto] 开始匹配，搜索词: '迪奥 旷野男士EDP 60ml'
[DEBUG][get_sku_identifiers] 提取标识: ['60ml']
[DEBUG][get_sku_price_auto] 当前已选规格匹配，价格: 619
✅ 规格匹配成功，且品名已匹配，校验通过

================================================================================
货品名称：【限定礼盒】Dior/迪奥香水旷野男士Sauvage木质调专柜送礼优选
关键词：迪奥 旷野男士EDP 60ml
原价：619.0 | 现价：619
匹配规格：已选择： 60mL 旷野淡香水EDT 限定礼盒 可代写祝福贺卡 专柜速发 | 规格价格：619
百亿补贴：否 | 日期：
校验通过：✅ True
================================================================================
✅ 优先级 2 中已有商品通过校验，停止降级
📁 采集记录已保存，总行数：302
📋 校验记录已保存，总记录数：228
✅ 序号 532 已标记为已采集

⏸ 等待 1 秒后继续...
⏳ 等待下一个商品：[██████████████████████████████] 100% (1/1s)

🔍 搜索：迪奥 旷野男士EDT 100ml

===== 优先级 2，共 3 个商品 =====
--- 进入商品 1/3 ---
============================================================
搜索词 ：迪奥 旷野男士EDT 100ml
商品名 ：【正品行货】Dior/迪奥旷野男士 淡香水 EDT 100ml
品牌    ：迪奥 → 迪奥 | ✅
容量规格：{'100'} → {'100'} | ✅
色号    ：set() → set()
浓度    ： → 淡香 | ✅
简装    ： →  | ✅
套装    ：不含 → 不含 | ✅
清洗后  ：旷野男士 → 旷野男士
品名匹配：词袋(100.0%) | ✅
结果    ：✅ PASS | 原因：所有检查通过
============================================================

================================================================================
货品名称：【正品行货】Dior/迪奥旷野男士 淡香水 EDT 100ml
关键词：迪奥 旷野男士EDT 100ml
原价：997.0 | 现价：997.0
百亿补贴：否 | 日期：2025-09-04
校验通过：✅ True
================================================================================
--- 进入商品 2/3 ---
============================================================
搜索词 ：迪奥 旷野男士EDT 100ml
商品名 ：【正品行货】Dior迪奥旷野男士香水Sauvage木质调持久清新淡浓香
品牌    ：迪奥 → 迪奥 | ✅
容量规格：{'100'} → set() | ❌
色号    ：set() → set()
浓度    ： → 浓香 | ✅
简装    ： →  | ✅
套装    ：不含 → 不含 | ✅
清洗后  ：旷野男士 → 旷野男士sauvage淡
品名匹配：词袋(100.0%) | ✅
结果    ：❌ FAIL | 原因：规格不匹配
============================================================
🔧 校验失败原因为规格不匹配，尝试进入规格面板匹配...

[DEBUG][get_sku_price_auto] 开始匹配，搜索词: '迪奥 旷野男士EDT 100ml'
[DEBUG][get_sku_identifiers] 提取标识: ['100ml']
[DEBUG][get_sku_price_auto] 当前已选规格不匹配，尝试点击规格...
[DEBUG][get_sku_price_auto] 所有标识尝试完毕，仍无价格
⚠️ 规格匹配未获取到有效价格，已记录为匹配失败，校验结果强制为不通过

================================================================================
货品名称：【正品行货】Dior迪奥旷野男士香水Sauvage木质调持久清新淡浓香
关键词：迪奥 旷野男士EDT 100ml
原价：851.0 | 现价：851.0
匹配规格：匹配失败 | 规格价格：
百亿补贴：否 | 日期：2025-03-20
校验通过：❌ False
================================================================================
--- 进入商品 3/3 ---
============================================================
搜索词 ：迪奥 旷野男士EDT 100ml
商品名 ：【Dior】迪奥旷野男香水Sauvage木质香持久清新淡香100ml
品牌    ：迪奥 → 迪奥 | ✅
容量规格：{'100'} → {'100'} | ✅
色号    ：set() → set()
浓度    ： → 淡香 | ✅
简装    ： →  | ✅
套装    ：不含 → 不含 | ✅
清洗后  ：旷野男士 → 旷野男sauvage木质香
品名匹配：词袋(66.7%) | ✅
结果    ：✅ PASS | 原因：所有检查通过
============================================================

================================================================================
货品名称：【Dior】迪奥旷野男香水Sauvage木质香持久清新淡香100ml
关键词：迪奥 旷野男士EDT 100ml
原价：760.0 | 现价：760.0
百亿补贴：否 | 日期：2025-03-01
校验通过：✅ True
================================================================================
✅ 优先级 2 中已有商品通过校验，停止降级
📁 采集记录已保存，总行数：308
📋 校验记录已保存，总记录数：231
✅ 序号 533 已标记为已采集

⏸ 等待 1 秒后继续...
⏳ 等待下一个商品：[██████████████████████████████] 100% (1/1s)

🔍 搜索：迪奥 旷野男士EDT 200ml

===== 优先级 2，共 1 个商品 =====
--- 进入商品 1/1 ---
============================================================
搜索词 ：迪奥 旷野男士EDT 200ml
商品名 ：【限定礼盒】Dior/迪奥香水旷野男士Sauvage木质调专柜送礼优选
品牌    ：迪奥 → 迪奥 | ✅
容量规格：{'200'} → set() | ❌
色号    ：set() → set()
浓度    ： →  | ✅
简装    ： →  | ✅
套装    ：不含 → 不含 | ✅
清洗后  ：旷野男士 → 旷野男士sauvage送礼优选
品名匹配：词袋(100.0%) | ✅
结果    ：❌ FAIL | 原因：规格不匹配
============================================================
🔧 校验失败原因为规格不匹配，尝试进入规格面板匹配...

[DEBUG][get_sku_price_auto] 开始匹配，搜索词: '迪奥 旷野男士EDT 200ml'
[DEBUG][get_sku_identifiers] 提取标识: ['200ml']
[DEBUG][get_sku_price_auto] 当前已选规格不匹配，尝试点击规格...
[DEBUG][get_sku_price_auto] 所有标识尝试完毕，仍无价格
⚠️ 规格匹配未获取到有效价格，已记录为匹配失败，校验结果强制为不通过

================================================================================
货品名称：【限定礼盒】Dior/迪奥香水旷野男士Sauvage木质调专柜送礼优选
关键词：迪奥 旷野男士EDT 200ml
原价：619.0 | 现价：619.0
匹配规格：匹配失败 | 规格价格：
百亿补贴：否 | 日期：
校验通过：❌ False
================================================================================
⚠️ 优先级 2 全部未通过，尝试下一优先级
🔽 降级到全球购，返回顶部并重新识别（不自动下滑）

===== 优先级 1，共 3 个商品 =====
--- 进入商品 1/3 ---
============================================================
搜索词 ：迪奥 旷野男士EDT 200ml
商品名 ：【专柜礼盒】Dior/迪奥旷野香水经典男士淡香氛EDP木质持久浓香氛
品牌    ：迪奥 → 迪奥 | ✅
容量规格：{'200'} → set() | ❌
色号    ：set() → set()
浓度    ： → 浓香 | ✅
简装    ： →  | ✅
套装    ：不含 → 不含 | ✅
清洗后  ：旷野男士 → 旷野经典男士氛木质氛
品名匹配：词袋(66.7%) | ✅
结果    ：❌ FAIL | 原因：规格不匹配
============================================================
🔧 校验失败原因为规格不匹配，尝试进入规格面板匹配...

[DEBUG][get_sku_price_auto] 开始匹配，搜索词: '迪奥 旷野男士EDT 200ml'
[DEBUG][get_sku_identifiers] 提取标识: ['200ml']
[DEBUG][get_sku_price_auto] 当前已选规格不匹配，尝试点击规格...
[DEBUG][get_sku_price_auto] 所有标识尝试完毕，仍无价格
⚠️ 规格匹配未获取到有效价格，已记录为匹配失败，校验结果强制为不通过

================================================================================
货品名称：【专柜礼盒】Dior/迪奥旷野香水经典男士淡香氛EDP木质持久浓香氛
关键词：迪奥 旷野男士EDT 200ml
原价：588.0 | 现价：588.0
匹配规格：匹配失败 | 规格价格：
百亿补贴：否 | 日期：
校验通过：❌ False
================================================================================
--- 进入商品 2/3 ---
============================================================
搜索词 ：迪奥 旷野男士EDT 200ml
商品名 ：【Dior】迪奥Sauvage狂野旷野男士浓淡香氛经典香水香精版典藏版简装【5天内发货】
品牌    ：迪奥 → 迪奥 | ✅
容量规格：{'200'} → set() | ❌
色号    ：set() → set()
浓度    ： → 浓香 | ✅
简装    ： → 简装 | ✅
套装    ：不含 → 不含 | ✅
清洗后  ：旷野男士 → sauvage狂野旷野男士浓氛经典香精典藏简装
品名匹配：词袋(100.0%) | ✅
结果    ：❌ FAIL | 原因：规格不匹配
============================================================
🔧 校验失败原因为规格不匹配，尝试进入规格面板匹配...

[DEBUG][get_sku_price_auto] 开始匹配，搜索词: '迪奥 旷野男士EDT 200ml'
[DEBUG][get_sku_identifiers] 提取标识: ['200ml']
[DEBUG][get_sku_price_auto] 未找到已选节点，尝试点击规格...
[DEBUG] 容量 200ml 找到 3 个控件
[DEBUG] 点击符合浓度 ['edt'] 的容量控件: 旷野edt 200ml 刚刚抢光
[DEBUG][get_sku_price_auto] 所有标识尝试完毕，仍无价格
⚠️ 规格匹配未获取到有效价格，已记录为匹配失败，校验结果强制为不通过

================================================================================
货品名称：【Dior】迪奥Sauvage狂野旷野男士浓淡香氛经典香水香精版典藏版简装【5天内发货】
关键词：迪奥 旷野男士EDT 200ml
原价：None | 现价：None
匹配规格：匹配失败 | 规格价格：
百亿补贴：否 | 日期：
校验通过：❌ False
================================================================================
--- 进入商品 3/3 ---
============================================================
搜索词 ：迪奥 旷野男士EDT 200ml
商品名 ：Dior/迪奥旷野香水经典男士淡/浓香氛EDP木质调持久留香礼盒正品
品牌    ：迪奥 → 迪奥 | ✅
容量规格：{'200'} → set() | ❌
色号    ：set() → set()
浓度    ： → 浓香 | ✅
简装    ： →  | ✅
套装    ：不含 → 不含 | ✅
清洗后  ：旷野男士 → 旷野经典男士淡氛礼盒
品名匹配：词袋(66.7%) | ✅
结果    ：❌ FAIL | 原因：规格不匹配
============================================================
🔧 校验失败原因为规格不匹配，尝试进入规格面板匹配...

[DEBUG][get_sku_price_auto] 开始匹配，搜索词: '迪奥 旷野男士EDT 200ml'
[DEBUG][get_sku_identifiers] 提取标识: ['200ml']
[DEBUG][get_sku_price_auto] 当前已选规格不匹配，尝试点击规格...
[DEBUG][get_sku_price_auto] 所有标识尝试完毕，仍无价格
⚠️ 规格匹配未获取到有效价格，已记录为匹配失败，校验结果强制为不通过

================================================================================
货品名称：Dior/迪奥旷野香水经典男士淡/浓香氛EDP木质调持久留香礼盒正品
关键词：迪奥 旷野男士EDT 200ml
原价：608.0 | 现价：608.0
匹配规格：匹配失败 | 规格价格：
百亿补贴：否 | 日期：2024-12-28
校验通过：❌ False
================================================================================
⚠️ 优先级 1 全部未通过，尝试下一优先级
📁 采集记录已保存，总行数：315
📋 校验记录已保存，总记录数：235
✅ 序号 534 已标记为已采集

⏸ 等待 1 秒后继续...
⏳ 等待下一个商品：[██████████████████████████████] 100% (1/1s)

🔍 搜索：迪奥 旷野男士EDT 60ml

===== 优先级 4，共 1 个商品 =====
--- 进入商品 1/1 ---
============================================================
搜索词 ：迪奥 旷野男士EDT 60ml
商品名 ：【正品行货】Dior/迪奥旷野男士淡香水60ml
品牌    ：迪奥 → 迪奥 | ✅
容量规格：{'60'} → {'60'} | ✅
色号    ：set() → set()
浓度    ： → 淡香 | ✅
简装    ： →  | ✅
套装    ：不含 → 不含 | ✅
清洗后  ：旷野男士 → 旷野男士水
品名匹配：词袋(100.0%) | ✅
结果    ：✅ PASS | 原因：所有检查通过
============================================================

================================================================================
货品名称：【正品行货】Dior/迪奥旷野男士淡香水60ml
关键词：迪奥 旷野男士EDT 60ml
原价：559.0 | 现价：500.0
百亿补贴：是 | 日期：2025-02-01
校验通过：✅ True
================================================================================
✅ 优先级 4 中已有商品通过校验，停止降级
📁 采集记录已保存，总行数：319
📋 校验记录已保存，总记录数：236
✅ 序号 535 已标记为已采集

⏸ 等待 1 秒后继续...
⏳ 等待下一个商品：[██████████████████████████████] 100% (1/1s)

🔍 搜索：迪奥 旷野男士典藏香精EDP 100ml

===== 优先级 4，共 1 个商品 =====
--- 进入商品 1/1 ---
============================================================
搜索词 ：迪奥 旷野男士典藏香精EDP 100ml
商品名 ：海外直邮Dior/迪奥 旷野男士香水 EDP 100ml旷野之上【5天内发货】
品牌    ：迪奥 → 迪奥 | ✅
容量规格：{'100'} → {'100'} | ✅
色号    ：set() → set()
浓度    ：浓香 → 浓香 | ✅
简装    ： →  | ✅
套装    ：不含 → 不含 | ✅
清洗后  ：旷野男士典藏香精 → 海外旷野男士旷野之上
品名匹配：词袋(42.9%) | ✅
结果    ：✅ PASS | 原因：所有检查通过
============================================================

================================================================================
货品名称：海外直邮Dior/迪奥 旷野男士香水 EDP 100ml旷野之上【5天内发货】
关键词：迪奥 旷野男士典藏香精EDP 100ml
原价：1090.0 | 现价：754.0
百亿补贴：是 | 日期：2026-03-01
校验通过：✅ True
================================================================================
✅ 优先级 4 中已有商品通过校验，停止降级
📁 采集记录已保存，总行数：321
📋 校验记录已保存，总记录数：237
✅ 序号 536 已标记为已采集

⏸ 等待 1 秒后继续...
⏳ 等待下一个商品：[██████████████████████████████] 100% (1/1s)

🔍 搜索：迪奥 旷野男士典藏香精版60ml

===== 优先级 2，共 1 个商品 =====
--- 进入商品 1/1 ---
============================================================
搜索词 ：迪奥 旷野男士典藏香精版60ml
商品名 ：【Dior】迪奥旷野男士 Sauvage木质调EDP浓香水
品牌    ：迪奥 → 迪奥 | ✅
容量规格：{'60'} → set() | ❌
色号    ：set() → set()
浓度    ：浓香 → 浓香 | ✅
简装    ： →  | ✅
套装    ：不含 → 不含 | ✅
清洗后  ：旷野男士典藏香精 → 旷野男士sauvage水
品名匹配：词袋(42.9%) | ✅
结果    ：❌ FAIL | 原因：规格不匹配
============================================================
🔧 校验失败原因为规格不匹配，尝试进入规格面板匹配...

[DEBUG][get_sku_price_auto] 开始匹配，搜索词: '迪奥 旷野男士典藏香精版60ml'
[DEBUG][get_sku_identifiers] 提取标识: ['60ml']
[DEBUG][get_sku_price_auto] 当前已选规格匹配，价格: 999
✅ 规格匹配成功，且品名已匹配，校验通过

================================================================================
货品名称：【Dior】迪奥旷野男士 Sauvage木质调EDP浓香水
关键词：迪奥 旷野男士典藏香精版60ml
原价：999.0 | 现价：999
匹配规格：已选择： 60mL 1瓶 | 规格价格：999
百亿补贴：否 | 日期：2023-10-01
校验通过：✅ True
================================================================================
✅ 优先级 2 中已有商品通过校验，停止降级
📁 采集记录已保存，总行数：323
📋 校验记录已保存，总记录数：238
✅ 序号 537 已标记为已采集

⏸ 等待 1 秒后继续...
⏳ 等待下一个商品：[██████████████████████████████] 100% (1/1s)

🔍 搜索：迪奥 旷野男士香氛止汗喷雾 150ml

===== 优先级 4，共 4 个商品 =====
--- 进入商品 1/4 ---
============================================================
搜索词 ：迪奥 旷野男士香氛止汗喷雾 150ml
商品名 ：香港直邮迪奥Dior旷野之心男士止汗露香体棒便携木质调魅力礼物【5天内发货】
品牌    ：迪奥 → 迪奥 | ✅
容量规格：{'150'} → set() | ❌
色号    ：set() → set()
浓度    ： →  | ✅
简装    ： →  | ✅
套装    ：不含 → 不含 | ✅
清洗后  ：旷野男士止汗喷雾 → 香港旷野之心男士止汗露香体棒便携魅力礼物
品名匹配：词袋(57.1%) | ✅
结果    ：❌ FAIL | 原因：规格不匹配
============================================================
🔧 校验失败原因为规格不匹配，尝试进入规格面板匹配...

[DEBUG][get_sku_price_auto] 开始匹配，搜索词: '迪奥 旷野男士香氛止汗喷雾 150ml'
[DEBUG][get_sku_identifiers] 提取标识: ['150ml']
[DEBUG][get_sku_price_auto] 当前已选规格不匹配，尝试点击规格...
[DEBUG][get_sku_price_auto] 所有标识尝试完毕，仍无价格
⚠️ 规格匹配未获取到有效价格，已记录为匹配失败，校验结果强制为不通过

================================================================================
货品名称：香港直邮迪奥Dior旷野之心男士止汗露香体棒便携木质调魅力礼物【5天内发货】
关键词：迪奥 旷野男士香氛止汗喷雾 150ml
原价：298.0 | 现价：209.0
匹配规格：匹配失败 | 规格价格：
百亿补贴：是 | 日期：2025-03-01
校验通过：❌ False
================================================================================
--- 进入商品 2/4 ---
============================================================
搜索词 ：迪奥 旷野男士香氛止汗喷雾 150ml
商品名 ：【Dior】迪奥 旷野男士淡香水 30ml【5天内发货】
品牌    ：迪奥 → 迪奥 | ✅
容量规格：{'150'} → {'30'} | ❌
色号    ：set() → set()
浓度    ： → 淡香 | ✅
简装    ： →  | ✅
套装    ：不含 → 不含 | ✅
清洗后  ：旷野男士止汗喷雾 → 旷野男士水
品名匹配：词袋(42.9%) | ✅
结果    ：❌ FAIL | 原因：规格不匹配
============================================================
🔧 校验失败原因为规格不匹配，尝试进入规格面板匹配...

[DEBUG][get_sku_price_auto] 开始匹配，搜索词: '迪奥 旷野男士香氛止汗喷雾 150ml'
[DEBUG][get_sku_identifiers] 提取标识: ['150ml']
[DEBUG][get_sku_price_auto] 当前已选规格不匹配，尝试点击规格...
[DEBUG][get_sku_price_auto] 所有标识尝试完毕，仍无价格
⚠️ 规格匹配未获取到有效价格，已记录为匹配失败，校验结果强制为不通过

================================================================================
货品名称：【Dior】迪奥 旷野男士淡香水 30ml【5天内发货】
关键词：迪奥 旷野男士香氛止汗喷雾 150ml
原价：479.0 | 现价：410.0
匹配规格：匹配失败 | 规格价格：
百亿补贴：是 | 日期：2026-01-01
校验通过：❌ False
================================================================================
--- 进入商品 3/4 ---
============================================================
搜索词 ：迪奥 旷野男士香氛止汗喷雾 150ml
商品名 ：瑞士进口Alivaya止汗露净异味防汗止汗腋下干爽持久香体修护汗腺【5天内发货】
品牌    ：迪奥 → 未匹配 | ❌
容量规格：{'150'} → set() | ❌
色号    ：set() → set()
浓度    ： →  | ✅
简装    ： →  | ✅
套装    ：不含 → 不含 | ✅
清洗后  ：旷野男士止汗喷雾 → 瑞士alivaya止汗露净异味防汗止汗腋下干爽香体汗腺
品名匹配：LCS子序列(37.5%) | ✅
结果    ：❌ FAIL | 原因：品牌不一致；规格不匹配
============================================================
🔧 校验失败原因为规格不匹配，尝试进入规格面板匹配...

[DEBUG][get_sku_price_auto] 开始匹配，搜索词: '迪奥 旷野男士香氛止汗喷雾 150ml'
[DEBUG][get_sku_identifiers] 提取标识: ['150ml']
[DEBUG][get_sku_price_auto] 当前已选规格不匹配，尝试点击规格...
[DEBUG][get_sku_price_auto] 所有标识尝试完毕，仍无价格
⚠️ 规格匹配未获取到有效价格，已记录为匹配失败，校验结果强制为不通过

================================================================================
货品名称：瑞士进口Alivaya止汗露净异味防汗止汗腋下干爽持久香体修护汗腺【5天内发货】
关键词：迪奥 旷野男士香氛止汗喷雾 150ml
原价：58.2 | 现价：58.2
匹配规格：匹配失败 | 规格价格：
百亿补贴：否 | 日期：2026-01-08
校验通过：❌ False
================================================================================
--- 进入商品 4/4 ---
============================================================
搜索词 ：迪奥 旷野男士香氛止汗喷雾 150ml
商品名 ：DIOR迪奥魅惑系列香水粉蕴紫蕴桃蕴EDP香水50ml【5天内发货】
品牌    ：迪奥 → 迪奥 | ✅
容量规格：{'150'} → {'50'} | ❌
色号    ：set() → set()
浓度    ： → 浓香 | ✅
简装    ： →  | ✅
套装    ：不含 → 不含 | ✅
清洗后  ：旷野男士止汗喷雾 → 魅惑系列粉蕴紫蕴桃蕴
品名匹配：LCS子序列(0.0%) | ❌
结果    ：❌ FAIL | 原因：规格不匹配；品名相似不足(ratio=0.0%)
============================================================
🔧 校验失败原因为规格不匹配，尝试进入规格面板匹配...

[DEBUG][get_sku_price_auto] 开始匹配，搜索词: '迪奥 旷野男士香氛止汗喷雾 150ml'
[DEBUG][get_sku_identifiers] 提取标识: ['150ml']
[DEBUG][get_sku_price_auto] 当前已选规格不匹配，尝试点击规格...
[DEBUG][get_sku_price_auto] 所有标识尝试完毕，仍无价格
⚠️ 规格匹配未获取到有效价格，已记录为匹配失败，校验结果强制为不通过

================================================================================
货品名称：DIOR迪奥魅惑系列香水粉蕴紫蕴桃蕴EDP香水50ml【5天内发货】
关键词：迪奥 旷野男士香氛止汗喷雾 150ml
原价：659.0 | 现价：450.0
匹配规格：匹配失败 | 规格价格：
百亿补贴：是 | 日期：2026-01-04
校验通过：❌ False
================================================================================
⚠️ 优先级 4 全部未通过，尝试下一优先级
📁 采集记录已保存，总行数：328
📋 校验记录已保存，总记录数：242
✅ 序号 538 已标记为已采集

⏸ 等待 1 秒后继续...
⏳ 等待下一个商品：[██████████████████████████████] 100% (1/1s)

🔍 搜索：迪奥 旷野止汗露75ml

===== 优先级 4，共 1 个商品 =====
--- 进入商品 1/1 ---
============================================================
搜索词 ：迪奥 旷野止汗露75ml
商品名 ：香港直邮迪奥Dior旷野之心男士止汗露香体棒便携木质调魅力礼物【5天内发货】
品牌    ：迪奥 → 迪奥 | ✅
容量规格：{'75'} → set() | ❌
色号    ：set() → set()
浓度    ： →  | ✅
简装    ： →  | ✅
套装    ：不含 → 不含 | ✅
清洗后  ：旷野止汗露 → 香港旷野之心男士止汗露香体棒便携魅力礼物
品名匹配：词袋(75.0%) | ✅
结果    ：❌ FAIL | 原因：规格不匹配
============================================================
🔧 校验失败原因为规格不匹配，尝试进入规格面板匹配...

[DEBUG][get_sku_price_auto] 开始匹配，搜索词: '迪奥 旷野止汗露75ml'
[DEBUG][get_sku_identifiers] 提取标识: ['75ml']
[DEBUG][get_sku_price_auto] 当前已选规格不匹配，尝试点击规格...
[DEBUG][get_sku_price_auto] 所有标识尝试完毕，仍无价格
⚠️ 规格匹配未获取到有效价格，已记录为匹配失败，校验结果强制为不通过

================================================================================
货品名称：香港直邮迪奥Dior旷野之心男士止汗露香体棒便携木质调魅力礼物【5天内发货】
关键词：迪奥 旷野止汗露75ml
原价：298.0 | 现价：209.0
匹配规格：匹配失败 | 规格价格：
百亿补贴：是 | 日期：2025-03-01
校验通过：❌ False
================================================================================
⚠️ 优先级 4 全部未通过，尝试下一优先级
🔽 降级到全球购，返回顶部并重新识别（不自动下滑）

===== 优先级 1，共 3 个商品 =====
--- 进入商品 1/3 ---
============================================================
搜索词 ：迪奥 旷野止汗露75ml
商品名 ：【Dior】迪奥 旷野香水男士止汗膏75g 香体露香膏干爽持久留香【5天内发货】
品牌    ：迪奥 → 迪奥 | ✅
容量规格：{'75'} → {'75'} | ✅
色号    ：set() → set()
浓度    ： →  | ✅
简装    ： →  | ✅
套装    ：不含 → 不含 | ✅
清洗后  ：旷野止汗露 → 旷野男士止汗膏香体露香膏干爽
品名匹配：词袋(50.0%) | ✅
结果    ：✅ PASS | 原因：所有检查通过
============================================================

================================================================================
货品名称：【Dior】迪奥 旷野香水男士止汗膏75g 香体露香膏干爽持久留香【5天内发货】
关键词：迪奥 旷野止汗露75ml
原价：226.0 | 现价：226.0
百亿补贴：否 | 日期：2025-03-01
校验通过：✅ True
================================================================================
--- 进入商品 2/3 ---
============================================================
搜索词 ：迪奥 旷野止汗露75ml
商品名 ：【Dior】迪奥 旷野男士香体止汗膏75G【法国直发】【5天内发货】
品牌    ：迪奥 → 迪奥 | ✅
容量规格：{'75'} → {'75'} | ✅
色号    ：set() → set()
浓度    ： →  | ✅
简装    ： →  | ✅
套装    ：不含 → 不含 | ✅
清洗后  ：旷野止汗露 → 旷野男士香体止汗膏
品名匹配：词袋(50.0%) | ✅
结果    ：✅ PASS | 原因：所有检查通过
============================================================

================================================================================
货品名称：【Dior】迪奥 旷野男士香体止汗膏75G【法国直发】【5天内发货】
关键词：迪奥 旷野止汗露75ml
原价：280.0 | 现价：280.0
百亿补贴：否 | 日期：
校验通过：✅ True
================================================================================
--- 进入商品 3/3 ---
============================================================
搜索词 ：迪奥 旷野止汗露75ml
商品名 ：【Dior】迪奥 旷野男士香体止汗膏75G【法国直发】【5天内发货】
品牌    ：迪奥 → 迪奥 | ✅
容量规格：{'75'} → {'75'} | ✅
色号    ：set() → set()
浓度    ： →  | ✅
简装    ： →  | ✅
套装    ：不含 → 不含 | ✅
清洗后  ：旷野止汗露 → 旷野男士香体止汗膏
品名匹配：词袋(50.0%) | ✅
结果    ：✅ PASS | 原因：所有检查通过
============================================================

================================================================================
货品名称：【Dior】迪奥 旷野男士香体止汗膏75G【法国直发】【5天内发货】
关键词：迪奥 旷野止汗露75ml
原价：280.0 | 现价：280.0
百亿补贴：否 | 日期：
校验通过：✅ True
================================================================================
✅ 优先级 1 中已有商品通过校验，停止降级
📁 采集记录已保存，总行数：335
📋 校验记录已保存，总记录数：246
✅ 序号 539 已标记为已采集

⏸ 等待 1 秒后继续...
⏳ 等待下一个商品：[██████████████████████████████] 100% (1/1s)

🔍 搜索：迪奥 玫瑰小姐/玫舞轻旋EDT 50ml

===== 优先级 4，共 3 个商品 =====
--- 进入商品 1/3 ---
============================================================
搜索词 ：迪奥 玫瑰小姐/玫舞轻旋EDT 50ml
商品名 ：【正品行货】迪奥口红+花漾甜心淡香水50ml
品牌    ：迪奥 → 迪奥 | ✅
容量规格：{'50'} → {'50'} | ✅
色号    ：set() → set()
浓度    ： → 淡香 | ✅
简装    ： →  | ✅
套装    ：不含 → 不含 | ✅
清洗后  ：小姐玫舞轻旋 → 口红花漾甜心水
品名匹配：LCS子序列(0.0%) | ❌
结果    ：❌ FAIL | 原因：品名相似不足(ratio=0.0%)
============================================================

================================================================================
货品名称：【正品行货】迪奥口红+花漾甜心淡香水50ml
关键词：迪奥 玫瑰小姐/玫舞轻旋EDT 50ml
原价：657.0 | 现价：657.0
百亿补贴：是 | 日期：2025-06-01
校验通过：❌ False
================================================================================
--- 进入商品 2/3 ---
============================================================
搜索词 ：迪奥 玫瑰小姐/玫舞轻旋EDT 50ml
商品名 ：【正品行货】Dior/迪奥香水花漾甜心淡香 30ml 女士香水专柜
品牌    ：迪奥 → 迪奥 | ✅
容量规格：{'50'} → {'30'} | ❌
色号    ：set() → set()
浓度    ： → 淡香 | ✅
简装    ： →  | ✅
套装    ：不含 → 不含 | ✅
清洗后  ：小姐玫舞轻旋 → 花漾甜心女士
品名匹配：LCS子序列(0.0%) | ❌
结果    ：❌ FAIL | 原因：规格不匹配；品名相似不足(ratio=0.0%)
============================================================
🔧 校验失败原因为规格不匹配，尝试进入规格面板匹配...

[DEBUG][get_sku_price_auto] 开始匹配，搜索词: '迪奥 玫瑰小姐/玫舞轻旋EDT 50ml'
[DEBUG][get_sku_identifiers] 提取标识: ['50ml']
[DEBUG][get_sku_price_auto] 当前已选规格不匹配，尝试点击规格...
[DEBUG][get_sku_price_auto] 所有标识尝试完毕，仍无价格
⚠️ 规格匹配未获取到有效价格，已记录为匹配失败，校验结果强制为不通过

================================================================================
货品名称：【正品行货】Dior/迪奥香水花漾甜心淡香 30ml 女士香水专柜
关键词：迪奥 玫瑰小姐/玫舞轻旋EDT 50ml
原价：770.0 | 现价：471.0
匹配规格：匹配失败 | 规格价格：
百亿补贴：是 | 日期：2025-08-24
校验通过：❌ False
================================================================================
--- 进入商品 3/3 ---
============================================================
搜索词 ：迪奥 玫瑰小姐/玫舞轻旋EDT 50ml
商品名 ：【Dior】迪奥迪奥小姐浓香EDP发香喷雾 30ml 呵护秀发持久留香【5天内发货】
品牌    ：迪奥 → 迪奥 | ✅
容量规格：{'50'} → {'30'} | ❌
色号    ：set() → set()
浓度    ： → 浓香 | ✅
简装    ： →  | ✅
套装    ：不含 → 不含 | ✅
清洗后  ：小姐玫舞轻旋 → 小姐发香喷雾呵护秀发
品名匹配：LCS子序列(33.3%) | ✅
结果    ：❌ FAIL | 原因：规格不匹配
============================================================
🔧 校验失败原因为规格不匹配，尝试进入规格面板匹配...

[DEBUG][get_sku_price_auto] 开始匹配，搜索词: '迪奥 玫瑰小姐/玫舞轻旋EDT 50ml'
[DEBUG][get_sku_identifiers] 提取标识: ['50ml']
[DEBUG][get_sku_price_auto] 当前已选规格不匹配，尝试点击规格...
[DEBUG][get_sku_price_auto] 所有标识尝试完毕，仍无价格
⚠️ 规格匹配未获取到有效价格，已记录为匹配失败，校验结果强制为不通过

================================================================================
货品名称：【Dior】迪奥迪奥小姐浓香EDP发香喷雾 30ml 呵护秀发持久留香【5天内发货】
关键词：迪奥 玫瑰小姐/玫舞轻旋EDT 50ml
原价：409.0 | 现价：272.46
匹配规格：匹配失败 | 规格价格：
百亿补贴：是 | 日期：2025-01-01
校验通过：❌ False
================================================================================
⚠️ 优先级 4 全部未通过，尝试下一优先级
🔽 降级到全球购，返回顶部并重新识别（不自动下滑）

===== 优先级 1，共 2 个商品 =====
--- 进入商品 1/2 ---
============================================================
搜索词 ：迪奥 玫瑰小姐/玫舞轻旋EDT 50ml
商品名 ：【Dior】迪奥小姐玫舞轻旋花漾女士淡香水全新瓶身花香女士50ML
品牌    ：迪奥 → 迪奥 | ✅
容量规格：{'50'} → {'50'} | ✅
色号    ：set() → set()
浓度    ： → 淡香 | ✅
简装    ： →  | ✅
套装    ：不含 → 不含 | ✅
清洗后  ：小姐玫舞轻旋 → 小姐玫舞轻旋花漾女士水全新瓶身花香女士
品名匹配：词袋(100.0%) | ✅
结果    ：✅ PASS | 原因：所有检查通过
============================================================

================================================================================
货品名称：【Dior】迪奥小姐玫舞轻旋花漾女士淡香水全新瓶身花香女士50ML
关键词：迪奥 玫瑰小姐/玫舞轻旋EDT 50ml
原价：560.0 | 现价：560.0
百亿补贴：否 | 日期：
校验通过：✅ True
================================================================================
--- 进入商品 2/2 ---
============================================================
搜索词 ：迪奥 玫瑰小姐/玫舞轻旋EDT 50ml
商品名 ：【Dior】迪奥小姐玫舞轻旋淡香水100ML 清新花香调 女生香氛 简装白盒【5天内发货】
品牌    ：迪奥 → 迪奥 | ✅
容量规格：{'50'} → {'100'} | ❌
色号    ：set() → set()
浓度    ： → 淡香 | ✅
简装    ： → 简装 | ✅
套装    ：不含 → 不含 | ✅
清洗后  ：小姐玫舞轻旋 → 小姐玫舞轻旋水女生简装白盒
品名匹配：词袋(100.0%) | ✅
结果    ：❌ FAIL | 原因：规格不匹配
============================================================
🔧 校验失败原因为规格不匹配，尝试进入规格面板匹配...

[DEBUG][get_sku_price_auto] 开始匹配，搜索词: '迪奥 玫瑰小姐/玫舞轻旋EDT 50ml'
[DEBUG][get_sku_identifiers] 提取标识: ['50ml']
[DEBUG][get_sku_price_auto] 当前已选规格不匹配，尝试点击规格...
[DEBUG][get_sku_price_auto] 所有标识尝试完毕，仍无价格
⚠️ 规格匹配未获取到有效价格，已记录为匹配失败，校验结果强制为不通过

================================================================================
货品名称：【Dior】迪奥小姐玫舞轻旋淡香水100ML 清新花香调 女生香氛 简装白盒【5天内发货】
关键词：迪奥 玫瑰小姐/玫舞轻旋EDT 50ml
原价：860.0 | 现价：618.98
匹配规格：匹配失败 | 规格价格：
百亿补贴：否 | 日期：
校验通过：❌ False
================================================================================
✅ 优先级 1 中已有商品通过校验，停止降级
📁 采集记录已保存，总行数：343
📋 校验记录已保存，总记录数：251
✅ 序号 540 已标记为已采集

⏸ 等待 1 秒后继续...
⏳ 等待下一个商品：[██████████████████████████████] 100% (1/1s)

🔍 搜索：迪奥 桃蕴橙魅惑100ml（新款）

===== 优先级 4，共 1 个商品 =====
--- 进入商品 1/1 ---
============================================================
搜索词 ：迪奥 桃蕴橙魅惑100ml（新款）
商品名 ：DIOR迪奥魅惑系列香水粉蕴紫蕴桃蕴EDP香水50ml【5天内发货】
品牌    ：迪奥 → 迪奥 | ✅
容量规格：{'100'} → {'50'} | ❌
色号    ：set() → set()
浓度    ： → 浓香 | ✅
简装    ： →  | ✅
套装    ：不含 → 不含 | ✅
清洗后  ：桃蕴橙魅惑 → 魅惑系列粉蕴紫蕴桃蕴
品名匹配：词袋(50.0%) | ✅
结果    ：❌ FAIL | 原因：规格不匹配
============================================================
🔧 校验失败原因为规格不匹配，尝试进入规格面板匹配...

[DEBUG][get_sku_price_auto] 开始匹配，搜索词: '迪奥 桃蕴橙魅惑100ml（新款）'
[DEBUG][get_sku_identifiers] 提取标识: ['100ml']
[DEBUG][get_sku_price_auto] 当前已选规格不匹配，尝试点击规格...
[DEBUG][get_sku_price_auto] 所有标识尝试完毕，仍无价格
⚠️ 规格匹配未获取到有效价格，已记录为匹配失败，校验结果强制为不通过

================================================================================
货品名称：DIOR迪奥魅惑系列香水粉蕴紫蕴桃蕴EDP香水50ml【5天内发货】
关键词：迪奥 桃蕴橙魅惑100ml（新款）
原价：659.0 | 现价：450.0
匹配规格：匹配失败 | 规格价格：
百亿补贴：是 | 日期：2026-01-04
校验通过：❌ False
================================================================================
⚠️ 优先级 4 全部未通过，尝试下一优先级
🔽 降级到全球购，返回顶部并重新识别（不自动下滑）

===== 优先级 1，共 3 个商品 =====
--- 进入商品 1/3 ---
============================================================
搜索词 ：迪奥 桃蕴橙魅惑100ml（新款）
商品名 ：【Dior】迪奥魅惑香水系列女士浓香EDP 30-50-100ml【法国直发】【5天内发货】
品牌    ：迪奥 → 迪奥 | ✅
容量规格：{'100'} → {'100', '50', '30'} | ✅
色号    ：set() → set()
浓度    ： → 浓香 | ✅
简装    ： →  | ✅
套装    ：不含 → 不含 | ✅
清洗后  ：桃蕴橙魅惑 → 魅惑系列女士
品名匹配：LCS子序列(40.0%) | ✅
结果    ：✅ PASS | 原因：所有检查通过
============================================================
🔧 标题包含多规格 (容量:{'100', '50', '30'}, 色号:set())，尝试进入规格面板匹配...

[DEBUG][get_sku_price_auto] 开始匹配，搜索词: '迪奥 桃蕴橙魅惑100ml（新款）'
[DEBUG][get_sku_identifiers] 提取标识: ['100ml']
[DEBUG][get_sku_price_auto] 当前已选规格不匹配，尝试点击规格...
[DEBUG] 容量 100ml 找到 3 个控件
[DEBUG] 多个容量无浓度要求，点击第一个: 100ml
[DEBUG] 容量 100ml 匹配成功，价格: 750
✅ 规格匹配成功，且品名已匹配，校验通过

================================================================================
货品名称：【Dior】迪奥魅惑香水系列女士浓香EDP 30-50-100ml【法国直发】【5天内发货】
关键词：迪奥 桃蕴橙魅惑100ml（新款）
原价：509.0 | 现价：750
匹配规格：已选择： 魅惑桃蕴-Addict Peachy Glow-100ml | 规格价格：750
百亿补贴：否 | 日期：
校验通过：✅ True
================================================================================
--- 进入商品 2/3 ---
============================================================
搜索词 ：迪奥 桃蕴橙魅惑100ml（新款）
商品名 ：【Dior】迪奥魅惑香水系列女士浓香EDP30-100ml 【法国直发【5天内发货】
品牌    ：迪奥 → 迪奥 | ✅
容量规格：{'100'} → {'100', '30'} | ✅
色号    ：set() → set()
浓度    ： → 浓香 | ✅
简装    ： →  | ✅
套装    ：不含 → 不含 | ✅
清洗后  ：桃蕴橙魅惑 → 魅惑系列女士
品名匹配：LCS子序列(40.0%) | ✅
结果    ：✅ PASS | 原因：所有检查通过
============================================================
🔧 标题包含多规格 (容量:{'100', '30'}, 色号:set())，尝试进入规格面板匹配...

[DEBUG][get_sku_price_auto] 开始匹配，搜索词: '迪奥 桃蕴橙魅惑100ml（新款）'
[DEBUG][get_sku_identifiers] 提取标识: ['100ml']
[DEBUG][get_sku_price_auto] 当前已选规格不匹配，尝试点击规格...
[DEBUG] 容量 100ml 找到 3 个控件
[DEBUG] 多个容量无浓度要求，点击第一个: 100ml
[DEBUG] 容量 100ml 匹配成功，价格: 745
✅ 规格匹配成功，且品名已匹配，校验通过

================================================================================
货品名称：【Dior】迪奥魅惑香水系列女士浓香EDP30-100ml 【法国直发【5天内发货】
关键词：迪奥 桃蕴橙魅惑100ml（新款）
原价：504.0 | 现价：745
匹配规格：已选择： 魅惑桃蕴-Addict Peachy Glow-100ml | 规格价格：745
百亿补贴：否 | 日期：
校验通过：✅ True
================================================================================
--- 进入商品 3/3 ---
============================================================
搜索词 ：迪奥 桃蕴橙魅惑100ml（新款）
商品名 ：【Dior】迪奥魅惑香水系列女士浓香EDP 30-50-100ml 【法国直发】【5天内发货】
品牌    ：迪奥 → 迪奥 | ✅
容量规格：{'100'} → {'100', '50', '30'} | ✅
色号    ：set() → set()
浓度    ： → 浓香 | ✅
简装    ： →  | ✅
套装    ：不含 → 不含 | ✅
清洗后  ：桃蕴橙魅惑 → 魅惑系列女士
品名匹配：LCS子序列(40.0%) | ✅
结果    ：✅ PASS | 原因：所有检查通过
============================================================
🔧 标题包含多规格 (容量:{'100', '50', '30'}, 色号:set())，尝试进入规格面板匹配...

[DEBUG][get_sku_price_auto] 开始匹配，搜索词: '迪奥 桃蕴橙魅惑100ml（新款）'
[DEBUG][get_sku_identifiers] 提取标识: ['100ml']
[DEBUG][get_sku_price_auto] 当前已选规格不匹配，尝试点击规格...
[DEBUG] 容量 100ml 找到 3 个控件
[DEBUG] 多个容量无浓度要求，点击第一个: 100ml
[DEBUG] 容量 100ml 匹配成功，价格: 750
✅ 规格匹配成功，且品名已匹配，校验通过

================================================================================
货品名称：【Dior】迪奥魅惑香水系列女士浓香EDP 30-50-100ml 【法国直发】【5天内发货】
关键词：迪奥 桃蕴橙魅惑100ml（新款）
原价：509.0 | 现价：750
匹配规格：已选择： 魅惑桃蕴-Addict Peachy Glow-100ml | 规格价格：750
百亿补贴：否 | 日期：
校验通过：✅ True
================================================================================
✅ 优先级 1 中已有商品通过校验，停止降级
📁 采集记录已保存，总行数：352
📋 校验记录已保存，总记录数：255
✅ 序号 541 已标记为已采集

⏸ 等待 1 秒后继续...
⏳ 等待下一个商品：[██████████████████████████████] 100% (1/1s)

🔍 搜索：迪奥 甜心小姐EDP 100ml新款带蝴蝶结
🔽 降级到全球购，返回顶部并重新识别（不自动下滑）

===== 优先级 1，共 3 个商品 =====
--- 进入商品 1/3 ---
============================================================
搜索词 ：迪奥 甜心小姐EDP 100ml新款带蝴蝶结
商品名 ：【Dior】迪奥 甜心小姐女士EDP浓香水100ML【5天内发货】
品牌    ：迪奥 → 迪奥 | ✅
容量规格：{'100'} → {'100'} | ✅
色号    ：set() → set()
浓度    ：浓香 → 浓香 | ✅
简装    ： →  | ✅
套装    ：不含 → 不含 | ✅
清洗后  ：甜心小姐新带蝴蝶结 → 甜心小姐女士水
品名匹配：词袋(37.5%) | ✅
结果    ：✅ PASS | 原因：所有检查通过
============================================================

================================================================================
货品名称：【Dior】迪奥 甜心小姐女士EDP浓香水100ML【5天内发货】
关键词：迪奥 甜心小姐EDP 100ml新款带蝴蝶结
原价：1200.0 | 现价：839.0
百亿补贴：否 | 日期：
校验通过：✅ True
================================================================================
--- 进入商品 2/3 ---
============================================================
搜索词 ：迪奥 甜心小姐EDP 100ml新款带蝴蝶结
商品名 ：正品Dior/迪奥甜心小姐女士EDP浓香型50ml清新花香调持久留香【5天内发货】
品牌    ：迪奥 → 迪奥 | ✅
容量规格：{'100'} → {'50'} | ❌
色号    ：set() → set()
浓度    ：浓香 → 浓香 | ✅
简装    ： →  | ✅
套装    ：不含 → 不含 | ✅
清洗后  ：甜心小姐新带蝴蝶结 → 甜心小姐女士
品名匹配：词袋(37.5%) | ✅
结果    ：❌ FAIL | 原因：规格不匹配
============================================================
🔧 校验失败原因为规格不匹配，尝试进入规格面板匹配...

[DEBUG][get_sku_price_auto] 开始匹配，搜索词: '迪奥 甜心小姐EDP 100ml新款带蝴蝶结'
[DEBUG][get_sku_identifiers] 提取标识: ['100ml']
[DEBUG][get_sku_price_auto] 当前已选规格不匹配，尝试点击规格...
[DEBUG][get_sku_price_auto] 所有标识尝试完毕，仍无价格
⚠️ 规格匹配未获取到有效价格，已记录为匹配失败，校验结果强制为不通过

================================================================================
货品名称：正品Dior/迪奥甜心小姐女士EDP浓香型50ml清新花香调持久留香【5天内发货】
关键词：迪奥 甜心小姐EDP 100ml新款带蝴蝶结
原价：656.0 | 现价：656.0
匹配规格：匹配失败 | 规格价格：
百亿补贴：否 | 日期：
校验通过：❌ False
================================================================================
--- 进入商品 3/3 ---
============================================================
搜索词 ：迪奥 甜心小姐EDP 100ml新款带蝴蝶结
商品名 ：【Dior】迪奥小姐女士香水30-50-100ml EDP浓香水【法国直发】【5天内发货】
品牌    ：迪奥 → 迪奥 | ✅
容量规格：{'100'} → {'100', '50', '30'} | ✅
色号    ：set() → set()
浓度    ：浓香 → 浓香 | ✅
简装    ： →  | ✅
套装    ：不含 → 不含 | ✅
清洗后  ：甜心小姐新带蝴蝶结 → 小姐女士
品名匹配：LCS子序列(22.2%) | ❌
结果    ：❌ FAIL | 原因：品名相似不足(ratio=22.2%)
============================================================
🔧 标题包含多规格 (容量:{'100', '50', '30'}, 色号:set())，尝试进入规格面板匹配...

[DEBUG][get_sku_price_auto] 开始匹配，搜索词: '迪奥 甜心小姐EDP 100ml新款带蝴蝶结'
[DEBUG][get_sku_identifiers] 提取标识: ['100ml']
[DEBUG][get_sku_price_auto] 当前已选规格不匹配，尝试点击规格...
[DEBUG] 容量 100ml 找到 1 个控件
[DEBUG] 点击唯一容量控件: 100ml
[DEBUG] 容量 100ml 匹配成功，价格: 986
⚠️ 规格匹配成功但品名不匹配，校验仍不通过

================================================================================
货品名称：【Dior】迪奥小姐女士香水30-50-100ml EDP浓香水【法国直发】【5天内发货】
关键词：迪奥 甜心小姐EDP 100ml新款带蝴蝶结
原价：583.0 | 现价：986
匹配规格：已选择： 100ml | 规格价格：986
百亿补贴：否 | 日期：
校验通过：❌ False
================================================================================
✅ 优先级 1 中已有商品通过校验，停止降级
📁 采集记录已保存，总行数：359
📋 校验记录已保存，总记录数：258
✅ 序号 542 已标记为已采集

⏸ 等待 1 秒后继续...
⏳ 等待下一个商品：[██████████████████████████████] 100% (1/1s)

🔍 搜索：迪奥 甜心小姐EDP 50ml新款带蝴蝶结
🔽 降级到全球购，返回顶部并重新识别（不自动下滑）

===== 优先级 1，共 3 个商品 =====
--- 进入商品 1/3 ---
============================================================
搜索词 ：迪奥 甜心小姐EDP 50ml新款带蝴蝶结
商品名 ：正品Dior/迪奥甜心小姐女士EDP浓香型50ml清新花香调持久留香【5天内发货】
品牌    ：迪奥 → 迪奥 | ✅
容量规格：{'50'} → {'50'} | ✅
色号    ：set() → set()
浓度    ：浓香 → 浓香 | ✅
简装    ： →  | ✅
套装    ：不含 → 不含 | ✅
清洗后  ：甜心小姐新带蝴蝶结 → 甜心小姐女士
品名匹配：词袋(37.5%) | ✅
结果    ：✅ PASS | 原因：所有检查通过
============================================================

================================================================================
货品名称：正品Dior/迪奥甜心小姐女士EDP浓香型50ml清新花香调持久留香【5天内发货】
关键词：迪奥 甜心小姐EDP 50ml新款带蝴蝶结
原价：656.0 | 现价：656.0
百亿补贴：否 | 日期：
校验通过：✅ True
================================================================================
--- 进入商品 2/3 ---
============================================================
搜索词 ：迪奥 甜心小姐EDP 50ml新款带蝴蝶结
商品名 ：【Dior】迪奥小姐女士香水50mlEDP浓香水 通勤日常 送朋友【5天内发货】
品牌    ：迪奥 → 迪奥 | ✅
容量规格：{'50'} → {'50'} | ✅
色号    ：set() → set()
浓度    ：浓香 → 浓香 | ✅
简装    ： →  | ✅
套装    ：不含 → 不含 | ✅
清洗后  ：甜心小姐新带蝴蝶结 → 小姐女士水通勤日常送朋友
品名匹配：LCS子序列(22.2%) | ❌
结果    ：❌ FAIL | 原因：品名相似不足(ratio=22.2%)
============================================================

================================================================================
货品名称：【Dior】迪奥小姐女士香水50mlEDP浓香水 通勤日常 送朋友【5天内发货】
关键词：迪奥 甜心小姐EDP 50ml新款带蝴蝶结
原价：599.0 | 现价：468.0
百亿补贴：否 | 日期：
校验通过：❌ False
================================================================================
--- 进入商品 3/3 ---
============================================================
搜索词 ：迪奥 甜心小姐EDP 50ml新款带蝴蝶结
商品名 ：【Dior】迪奥 甜心小姐女士EDP浓香水50ML【5天内发货】
品牌    ：迪奥 → 迪奥 | ✅
容量规格：{'50'} → {'50'} | ✅
色号    ：set() → set()
浓度    ：浓香 → 浓香 | ✅
简装    ： →  | ✅
套装    ：不含 → 不含 | ✅
清洗后  ：甜心小姐新带蝴蝶结 → 甜心小姐女士水
品名匹配：词袋(37.5%) | ✅
结果    ：✅ PASS | 原因：所有检查通过
============================================================

================================================================================
货品名称：【Dior】迪奥 甜心小姐女士EDP浓香水50ML【5天内发货】
关键词：迪奥 甜心小姐EDP 50ml新款带蝴蝶结
原价：980.0 | 现价：980.0
百亿补贴：否 | 日期：
校验通过：✅ True
================================================================================
✅ 优先级 1 中已有商品通过校验，停止降级
📁 采集记录已保存，总行数：365
📋 校验记录已保存，总记录数：261
✅ 序号 543 已标记为已采集

⏸ 等待 1 秒后继续...
⏳ 等待下一个商品：[██████████████████████████████] 100% (1/1s)

🔍 搜索：迪奥 小姐玫瑰香氛身体乳175ml（24年款）

===== 优先级 2，共 1 个商品 =====
--- 进入商品 1/1 ---
============================================================
搜索词 ：迪奥 小姐玫瑰香氛身体乳175ml（24年款）
商品名 ：【Dior】迪奥小姐花漾甜心玫瑰身体乳175ml保湿滋润留香嫩肤
品牌    ：迪奥 → 迪奥 | ✅
容量规格：{'175'} → {'175'} | ✅
色号    ：set() → set()
浓度    ： →  | ✅
简装    ： →  | ✅
套装    ：不含 → 不含 | ✅
清洗后  ：小姐身体乳 → 小姐花漾甜心身体乳嫩肤
品名匹配：词袋(75.0%) | ✅
结果    ：✅ PASS | 原因：所有检查通过
============================================================

================================================================================
货品名称：【Dior】迪奥小姐花漾甜心玫瑰身体乳175ml保湿滋润留香嫩肤
关键词：迪奥 小姐玫瑰香氛身体乳175ml（24年款）
原价：458.0 | 现价：458.0
百亿补贴：否 | 日期：2026-04-01
校验通过：✅ True
================================================================================
✅ 优先级 2 中已有商品通过校验，停止降级
📁 采集记录已保存，总行数：369
📋 校验记录已保存，总记录数：262
✅ 序号 544 已标记为已采集

⏸ 等待 1 秒后继续...
⏳ 等待下一个商品：[██████████████████████████████] 100% (1/1s)

🔍 搜索：迪奥 悦之欢璀璨EDP 50ml

===== 优先级 4，共 2 个商品 =====
--- 进入商品 1/2 ---
============================================================
搜索词 ：迪奥 悦之欢璀璨EDP 50ml
商品名 ：【Dior】迪奥悦之欢JOY女士浓香水50ml 柑橘花果木质香持久通勤约会【5天内发货】
品牌    ：迪奥 → 迪奥 | ✅
容量规格：{'50'} → {'50'} | ✅
色号    ：set() → set()
浓度    ：浓香 → 浓香 | ✅
简装    ： →  | ✅
套装    ：不含 → 不含 | ✅
清洗后  ：悦之欢璀璨 → 悦之欢joy女士水柑橘花果木质香通勤约会
品名匹配：词袋(50.0%) | ✅
结果    ：✅ PASS | 原因：所有检查通过
============================================================

================================================================================
货品名称：【Dior】迪奥悦之欢JOY女士浓香水50ml 柑橘花果木质香持久通勤约会【5天内发货】
关键词：迪奥 悦之欢璀璨EDP 50ml
原价：999.0 | 现价：662.6
百亿补贴：是 | 日期：2024-12-01
校验通过：✅ True
================================================================================
--- 进入商品 2/2 ---
============================================================
搜索词 ：迪奥 悦之欢璀璨EDP 50ml
商品名 ：【Dior】迪奥香水小样1m真我香氛试管香水
品牌    ：迪奥 → 迪奥 | ✅
容量规格：{'50'} → set() | ❌
色号    ：set() → {'1m'}
浓度    ：浓香 →  | ✅
简装    ： →  | ✅
套装    ：不含 → 不含 | ✅
清洗后  ：悦之欢璀璨 → 小样1m真我试管
品名匹配：LCS子序列(0.0%) | ❌
结果    ：❌ FAIL | 原因：规格不匹配；品名相似不足(ratio=0.0%)
============================================================
🔧 校验失败原因为规格不匹配，尝试进入规格面板匹配...

[DEBUG][get_sku_price_auto] 开始匹配，搜索词: '迪奥 悦之欢璀璨EDP 50ml'
[DEBUG][get_sku_identifiers] 提取标识: ['50ml']
[DEBUG][get_sku_price_auto] 当前已选规格不匹配，尝试点击规格...
[DEBUG][get_sku_price_auto] 所有标识尝试完毕，仍无价格
⚠️ 规格匹配未获取到有效价格，已记录为匹配失败，校验结果强制为不通过

================================================================================
货品名称：【Dior】迪奥香水小样1m真我香氛试管香水
关键词：迪奥 悦之欢璀璨EDP 50ml
原价：13.0 | 现价：10.5
匹配规格：匹配失败 | 规格价格：
百亿补贴：是 | 日期：2025-12-31
校验通过：❌ False
================================================================================
✅ 优先级 4 中已有商品通过校验，停止降级
📁 采集记录已保存，总行数：372
📋 校验记录已保存，总记录数：264
✅ 序号 545 已标记为已采集

⏸ 等待 1 秒后继续...
⏳ 等待下一个商品：[██████████████████████████████] 100% (1/1s)

🔍 搜索：迪奥 悦之欢璀璨EDP 90ml

===== 优先级 4，共 2 个商品 =====
--- 进入商品 1/2 ---
============================================================
搜索词 ：迪奥 悦之欢璀璨EDP 90ml
商品名 ：Dior/迪奥真我纯真香水EDP100ml花香调【5天内发货】
品牌    ：迪奥 → 迪奥 | ✅
容量规格：{'90'} → {'100'} | ❌
色号    ：set() → set()
浓度    ：浓香 → 浓香 | ✅
简装    ： →  | ✅
套装    ：不含 → 不含 | ✅
清洗后  ：悦之欢璀璨 → 真我纯真
品名匹配：LCS子序列(0.0%) | ❌
结果    ：❌ FAIL | 原因：规格不匹配；品名相似不足(ratio=0.0%)
============================================================
🔧 校验失败原因为规格不匹配，尝试进入规格面板匹配...

[DEBUG][get_sku_price_auto] 开始匹配，搜索词: '迪奥 悦之欢璀璨EDP 90ml'
[DEBUG][get_sku_identifiers] 提取标识: ['90ml']
[DEBUG][get_sku_price_auto] 当前已选规格不匹配，尝试点击规格...
[DEBUG][get_sku_price_auto] 所有标识尝试完毕，仍无价格
⚠️ 规格匹配未获取到有效价格，已记录为匹配失败，校验结果强制为不通过

================================================================================
货品名称：Dior/迪奥真我纯真香水EDP100ml花香调【5天内发货】
关键词：迪奥 悦之欢璀璨EDP 90ml
原价：999.0 | 现价：801.0
匹配规格：匹配失败 | 规格价格：
百亿补贴：是 | 日期：2025-09-01
校验通过：❌ False
================================================================================
--- 进入商品 2/2 ---
============================================================
搜索词 ：迪奥 悦之欢璀璨EDP 90ml
商品名 ：【Dior】迪奥香水小样1m真我香氛试管香水
品牌    ：迪奥 → 迪奥 | ✅
容量规格：{'90'} → set() | ❌
色号    ：set() → {'1m'}
浓度    ：浓香 →  | ✅
简装    ： →  | ✅
套装    ：不含 → 不含 | ✅
清洗后  ：悦之欢璀璨 → 小样1m真我试管
品名匹配：LCS子序列(0.0%) | ❌
结果    ：❌ FAIL | 原因：规格不匹配；品名相似不足(ratio=0.0%)
============================================================
🔧 校验失败原因为规格不匹配，尝试进入规格面板匹配...

[DEBUG][get_sku_price_auto] 开始匹配，搜索词: '迪奥 悦之欢璀璨EDP 90ml'
[DEBUG][get_sku_identifiers] 提取标识: ['90ml']
[DEBUG][get_sku_price_auto] 当前已选规格不匹配，尝试点击规格...
[DEBUG][get_sku_price_auto] 所有标识尝试完毕，仍无价格
⚠️ 规格匹配未获取到有效价格，已记录为匹配失败，校验结果强制为不通过

================================================================================
货品名称：【Dior】迪奥香水小样1m真我香氛试管香水
关键词：迪奥 悦之欢璀璨EDP 90ml
原价：13.0 | 现价：10.5
匹配规格：匹配失败 | 规格价格：
百亿补贴：是 | 日期：2025-12-31
校验通过：❌ False
================================================================================
⚠️ 优先级 4 全部未通过，尝试下一优先级

===== 优先级 2，共 1 个商品 =====
--- 进入商品 1/1 ---
============================================================
搜索词 ：迪奥 悦之欢璀璨EDP 90ml
商品名 ：国内专柜 Dior Joy迪奥悦之欢香水 女士香氛EDP 90ml花香调浓香氛
品牌    ：迪奥 → 迪奥 | ✅
容量规格：{'90'} → {'90'} | ✅
色号    ：set() → set()
浓度    ：浓香 → 浓香 | ✅
简装    ： →  | ✅
套装    ：不含 → 不含 | ✅
清洗后  ：悦之欢璀璨 → 国内joy悦之欢女士氛
品名匹配：词袋(50.0%) | ✅
结果    ：✅ PASS | 原因：所有检查通过
============================================================

================================================================================
货品名称：国内专柜 Dior Joy迪奥悦之欢香水 女士香氛EDP 90ml花香调浓香氛
关键词：迪奥 悦之欢璀璨EDP 90ml
原价：1267.0 | 现价：1267.0
百亿补贴：否 | 日期：2025-12-01
校验通过：✅ True
================================================================================
✅ 优先级 2 中已有商品通过校验，停止降级
📁 采集记录已保存，总行数：377
📋 校验记录已保存，总记录数：267
✅ 序号 546 已标记为已采集

⏸ 等待 1 秒后继续...
⏳ 等待下一个商品：[██████████████████████████████] 100% (1/1s)

🔍 搜索：迪奥 悦之欢女士EDP 50ml

===== 优先级 4，共 1 个商品 =====
--- 进入商品 1/1 ---
============================================================
搜索词 ：迪奥 悦之欢女士EDP 50ml
商品名 ：【Dior】迪奥悦之欢JOY女士浓香水50ml 柑橘花果木质香持久通勤约会【5天内发货】
品牌    ：迪奥 → 迪奥 | ✅
容量规格：{'50'} → {'50'} | ✅
色号    ：set() → set()
浓度    ：浓香 → 浓香 | ✅
简装    ： →  | ✅
套装    ：不含 → 不含 | ✅
清洗后  ：悦之欢女士 → 悦之欢joy女士水柑橘花果木质香通勤约会
品名匹配：词袋(100.0%) | ✅
结果    ：✅ PASS | 原因：所有检查通过
============================================================

================================================================================
货品名称：【Dior】迪奥悦之欢JOY女士浓香水50ml 柑橘花果木质香持久通勤约会【5天内发货】
关键词：迪奥 悦之欢女士EDP 50ml
原价：999.0 | 现价：662.6
百亿补贴：是 | 日期：2024-12-01
校验通过：✅ True
================================================================================
✅ 优先级 4 中已有商品通过校验，停止降级
📁 采集记录已保存，总行数：381
📋 校验记录已保存，总记录数：268
✅ 序号 547 已标记为已采集

⏸ 等待 1 秒后继续...
⏳ 等待下一个商品：[██████████████████████████████] 100% (1/1s)

🔍 搜索：迪奥 真我 EDP 150ml

===== 优先级 4，共 4 个商品 =====
--- 进入商品 1/4 ---
============================================================
搜索词 ：迪奥 真我 EDP 150ml
商品名 ：DIOR迪奥真我纯真系列香水纯白柔雾瓶茉莉木兰淡香通勤女生【5天内发货】
品牌    ：迪奥 → 迪奥 | ✅
容量规格：{'150'} → set() | ❌
色号    ：set() → set()
浓度    ：浓香 → 淡香 | ❌
简装    ： →  | ✅
套装    ：不含 → 不含 | ✅
清洗后  ：真我 → 真我纯真系列纯白瓶茉莉木兰通勤女生
品名匹配：词袋(100.0%) | ✅
结果    ：❌ FAIL | 原因：规格不匹配；浓度不匹配
============================================================
🔧 校验失败原因为规格不匹配，尝试进入规格面板匹配...

[DEBUG][get_sku_price_auto] 开始匹配，搜索词: '迪奥 真我 EDP 150ml'
[DEBUG][get_sku_identifiers] 提取标识: ['150ml']
[DEBUG][get_sku_price_auto] 当前已选规格不匹配，尝试点击规格...
[DEBUG][get_sku_price_auto] 所有标识尝试完毕，仍无价格
⚠️ 规格匹配未获取到有效价格，已记录为匹配失败，校验结果强制为不通过

================================================================================
货品名称：DIOR迪奥真我纯真系列香水纯白柔雾瓶茉莉木兰淡香通勤女生【5天内发货】
关键词：迪奥 真我 EDP 150ml
原价：899.0 | 现价：671.0
匹配规格：匹配失败 | 规格价格：
百亿补贴：是 | 日期：2024-11-01
校验通过：❌ False
================================================================================
--- 进入商品 2/4 ---
============================================================
搜索词 ：迪奥 真我 EDP 150ml
商品名 ：【Dior】迪奥真我缪丝浓香滚珠香水20ml EDP清新花香调送女友【5天内发货】
品牌    ：迪奥 → 迪奥 | ✅
容量规格：{'150'} → {'20'} | ❌
色号    ：set() → set()
浓度    ：浓香 → 浓香 | ✅
简装    ： →  | ✅
套装    ：不含 → 不含 | ✅
清洗后  ：真我 → 真我缪丝滚珠送女友
品名匹配：词袋(100.0%) | ✅
结果    ：❌ FAIL | 原因：规格不匹配
============================================================
🔧 校验失败原因为规格不匹配，尝试进入规格面板匹配...

[DEBUG][get_sku_price_auto] 开始匹配，搜索词: '迪奥 真我 EDP 150ml'
[DEBUG][get_sku_identifiers] 提取标识: ['150ml']
[DEBUG][get_sku_price_auto] 当前已选规格不匹配，尝试点击规格...
[DEBUG][get_sku_price_auto] 所有标识尝试完毕，仍无价格
⚠️ 规格匹配未获取到有效价格，已记录为匹配失败，校验结果强制为不通过

================================================================================
货品名称：【Dior】迪奥真我缪丝浓香滚珠香水20ml EDP清新花香调送女友【5天内发货】
关键词：迪奥 真我 EDP 150ml
原价：418.0 | 现价：320.0
匹配规格：匹配失败 | 规格价格：
百亿补贴：是 | 日期：2024-12-01
校验通过：❌ False
================================================================================
--- 进入商品 3/4 ---
============================================================
搜索词 ：迪奥 真我 EDP 150ml
商品名 ：海外直邮Dior 迪奥 真我香水EDP 100ml优雅知性【5天内发货】
品牌    ：迪奥 → 迪奥 | ✅
容量规格：{'150'} → {'100'} | ❌
色号    ：set() → set()
浓度    ：浓香 → 浓香 | ✅
简装    ： →  | ✅
套装    ：不含 → 不含 | ✅
清洗后  ：真我 → 海外真我优雅知性
品名匹配：词袋(100.0%) | ✅
结果    ：❌ FAIL | 原因：规格不匹配
============================================================
🔧 校验失败原因为规格不匹配，尝试进入规格面板匹配...

[DEBUG][get_sku_price_auto] 开始匹配，搜索词: '迪奥 真我 EDP 150ml'
[DEBUG][get_sku_identifiers] 提取标识: ['150ml']
[DEBUG][get_sku_price_auto] 当前已选规格不匹配，尝试点击规格...
[DEBUG][get_sku_price_auto] 所有标识尝试完毕，仍无价格
⚠️ 规格匹配未获取到有效价格，已记录为匹配失败，校验结果强制为不通过

================================================================================
货品名称：海外直邮Dior 迪奥 真我香水EDP 100ml优雅知性【5天内发货】
关键词：迪奥 真我 EDP 150ml
原价：1090.0 | 现价：850.0
匹配规格：匹配失败 | 规格价格：
百亿补贴：是 | 日期：2024-12-01
校验通过：❌ False
================================================================================
--- 进入商品 4/4 ---
============================================================
搜索词 ：迪奥 真我 EDP 150ml
商品名 ：【正品行货】Dior/迪奥真我香水女士浓香 淡香 50ml
品牌    ：迪奥 → 迪奥 | ✅
容量规格：{'150'} → {'50'} | ❌
色号    ：set() → set()
浓度    ：浓香 → 浓香 | ✅
简装    ： →  | ✅
套装    ：不含 → 不含 | ✅
清洗后  ：真我 → 真我女士
品名匹配：词袋(100.0%) | ✅
结果    ：❌ FAIL | 原因：规格不匹配
============================================================
🔧 校验失败原因为规格不匹配，尝试进入规格面板匹配...

[DEBUG][get_sku_price_auto] 开始匹配，搜索词: '迪奥 真我 EDP 150ml'
[DEBUG][get_sku_identifiers] 提取标识: ['150ml']
[DEBUG][get_sku_price_auto] 当前已选规格不匹配，尝试点击规格...
[DEBUG][get_sku_price_auto] 所有标识尝试完毕，仍无价格
⚠️ 规格匹配未获取到有效价格，已记录为匹配失败，校验结果强制为不通过

================================================================================
货品名称：【正品行货】Dior/迪奥真我香水女士浓香 淡香 50ml
关键词：迪奥 真我 EDP 150ml
原价：975.0 | 现价：618.0
匹配规格：匹配失败 | 规格价格：
百亿补贴：是 | 日期：2025-09-08
校验通过：❌ False
================================================================================
⚠️ 优先级 4 全部未通过，尝试下一优先级
📁 采集记录已保存，总行数：386
📋 校验记录已保存，总记录数：272
✅ 序号 548 已标记为已采集

⏸ 等待 1 秒后继续...
⏳ 等待下一个商品：[██████████████████████████████] 100% (1/1s)

🔍 搜索：迪奥 真我EDP 100ml新版

===== 优先级 2，共 1 个商品 =====
--- 进入商品 1/1 ---
============================================================
搜索词 ：迪奥 真我EDP 100ml新版
商品名 ：【礼盒礼袋】Dior迪奥真我女士香水纯真淡花香氛清新持久留香专柜
品牌    ：迪奥 → 迪奥 | ✅
容量规格：{'100'} → set() | ❌
色号    ：set() → set()
浓度    ：浓香 →  | ✅
简装    ： →  | ✅
套装    ：不含 → 不含 | ✅
清洗后  ：真我 → 真我女士纯真淡花
品名匹配：词袋(100.0%) | ✅
结果    ：❌ FAIL | 原因：规格不匹配
============================================================
🔧 校验失败原因为规格不匹配，尝试进入规格面板匹配...

[DEBUG][get_sku_price_auto] 开始匹配，搜索词: '迪奥 真我EDP 100ml新版'
[DEBUG][get_sku_identifiers] 提取标识: ['100ml']
[DEBUG][get_sku_price_auto] 当前已选规格不匹配，尝试点击规格...
[DEBUG] 容量 100ml 找到 2 个控件
[DEBUG] 点击符合浓度 ['edp'] 的容量控件: 100ml-真我浓香水edp +送礼首选
[DEBUG] 容量 100ml 匹配成功，价格: 1033
✅ 规格匹配成功，且品名已匹配，校验通过

================================================================================
货品名称：【礼盒礼袋】Dior迪奥真我女士香水纯真淡花香氛清新持久留香专柜
关键词：迪奥 真我EDP 100ml新版
原价：347.0 | 现价：1033
匹配规格：已选择： 100ml-真我浓香水EDP +送礼首选 限定礼盒 可代写祝福贺卡 专柜速发 | 规格价格：1033
百亿补贴：否 | 日期：
校验通过：✅ True
================================================================================
✅ 优先级 2 中已有商品通过校验，停止降级
📁 采集记录已保存，总行数：391
📋 校验记录已保存，总记录数：273
✅ 序号 549 已标记为已采集

⏸ 等待 1 秒后继续...
⏳ 等待下一个商品：[██████████████████████████████] 100% (1/1s)

🔍 搜索：迪奥 真我EDT 100ml
🔽 降级到全球购，返回顶部并重新识别（不自动下滑）

===== 优先级 1，共 3 个商品 =====
--- 进入商品 1/3 ---
============================================================
搜索词 ：迪奥 真我EDT 100ml
商品名 ：Dior/迪奥 真我香水EDT 100ml【5天内发货】
品牌    ：迪奥 → 迪奥 | ✅
容量规格：{'100'} → {'100'} | ✅
色号    ：set() → set()
浓度    ： →  | ✅
简装    ： →  | ✅
套装    ：不含 → 不含 | ✅
清洗后  ：真我 → 真我
品名匹配：词袋(100.0%) | ✅
结果    ：✅ PASS | 原因：所有检查通过
============================================================

================================================================================
货品名称：Dior/迪奥 真我香水EDT 100ml【5天内发货】
关键词：迪奥 真我EDT 100ml
原价：730.0 | 现价：730.0
百亿补贴：否 | 日期：
校验通过：✅ True
================================================================================
--- 进入商品 2/3 ---
============================================================
搜索词 ：迪奥 真我EDT 100ml
商品名 ：【Dior】迪奥CDJ'adore真我女士香水金色女郎心悦 Dior J'Adore InJoy【5天内发货】
品牌    ：迪奥 → 迪奥 | ✅
容量规格：{'100'} → set() | ❌
色号    ：set() → set()
浓度    ： →  | ✅
简装    ： →  | ✅
套装    ：不含 → 不含 | ✅
清洗后  ：真我 → cdjadore真我女士金色女郎心悦jadoreinjoy
品名匹配：词袋(100.0%) | ✅
结果    ：❌ FAIL | 原因：规格不匹配
============================================================
🔧 校验失败原因为规格不匹配，尝试进入规格面板匹配...

[DEBUG][get_sku_price_auto] 开始匹配，搜索词: '迪奥 真我EDT 100ml'
[DEBUG][get_sku_identifiers] 提取标识: ['100ml']
[DEBUG][get_sku_price_auto] 当前已选规格不匹配，尝试点击规格...
[DEBUG] 容量 100ml 找到 3 个控件
[DEBUG] 点击符合浓度 ['edt'] 的容量控件: 真我 edt 100ml 刚刚抢光
[DEBUG] 点击容量 100ml 后已选文本为 已选择： 真我 EDP 150ml，不包含目标容量，放弃
[DEBUG][get_sku_price_auto] 所有标识尝试完毕，仍无价格
⚠️ 规格匹配未获取到有效价格，已记录为匹配失败，校验结果强制为不通过

================================================================================
货品名称：【Dior】迪奥CDJ'adore真我女士香水金色女郎心悦 Dior J'Adore InJoy【5天内发货】
关键词：迪奥 真我EDT 100ml
原价：None | 现价：None
匹配规格：匹配失败 | 规格价格：
百亿补贴：否 | 日期：
校验通过：❌ False
================================================================================
--- 进入商品 3/3 ---
============================================================
搜索词 ：迪奥 真我EDT 100ml
商品名 ：正品Dior迪奥真我经典女士EDT淡香水100ml清新花香调持久散香留香【5天内发货】
品牌    ：迪奥 → 迪奥 | ✅
容量规格：{'100'} → {'100'} | ✅
色号    ：set() → set()
浓度    ： → 淡香 | ✅
简装    ： →  | ✅
套装    ：不含 → 不含 | ✅
清洗后  ：真我 → 真我经典女士水散香
品名匹配：词袋(100.0%) | ✅
结果    ：✅ PASS | 原因：所有检查通过
============================================================

================================================================================
货品名称：正品Dior迪奥真我经典女士EDT淡香水100ml清新花香调持久散香留香【5天内发货】
关键词：迪奥 真我EDT 100ml
原价：489.0 | 现价：489.0
百亿补贴：否 | 日期：
校验通过：✅ True
================================================================================
✅ 优先级 1 中已有商品通过校验，停止降级
📁 采集记录已保存，总行数：395
📋 校验记录已保存，总记录数：276
✅ 序号 550 已标记为已采集

⏸ 等待 1 秒后继续...
⏳ 等待下一个商品：[██████████████████████████████] 100% (1/1s)

🔍 搜索：迪奥 真我EDT 50ml
🔽 降级到全球购，返回顶部并重新识别（不自动下滑）

===== 优先级 1，共 3 个商品 =====
--- 进入商品 1/3 ---
============================================================
搜索词 ：迪奥 真我EDT 50ml
商品名 ：DIOR/迪奥真我女士EDT淡香水100ml经典清新花香调持久散香留香【5天内发货】
品牌    ：迪奥 → 迪奥 | ✅
容量规格：{'50'} → {'100'} | ❌
色号    ：set() → set()
浓度    ： → 淡香 | ✅
简装    ： →  | ✅
套装    ：不含 → 不含 | ✅
清洗后  ：真我 → 真我女士水经典散香
品名匹配：词袋(100.0%) | ✅
结果    ：❌ FAIL | 原因：规格不匹配
============================================================
🔧 校验失败原因为规格不匹配，尝试进入规格面板匹配...

[DEBUG][get_sku_price_auto] 开始匹配，搜索词: '迪奥 真我EDT 50ml'
[DEBUG][get_sku_identifiers] 提取标识: ['50ml']
[DEBUG][get_sku_price_auto] 当前已选规格不匹配，尝试点击规格...
[DEBUG][get_sku_price_auto] 所有标识尝试完毕，仍无价格
⚠️ 规格匹配未获取到有效价格，已记录为匹配失败，校验结果强制为不通过

================================================================================
货品名称：DIOR/迪奥真我女士EDT淡香水100ml经典清新花香调持久散香留香【5天内发货】
关键词：迪奥 真我EDT 50ml
原价：None | 现价：750.0
匹配规格：匹配失败 | 规格价格：
百亿补贴：否 | 日期：
校验通过：❌ False
================================================================================
--- 进入商品 2/3 ---
============================================================
搜索词 ：迪奥 真我EDT 50ml
商品名 ：【Dior】迪奥CDJ'adore真我女士香水金色女郎心悦 Dior J'Adore InJoy【5天内发货】
品牌    ：迪奥 → 迪奥 | ✅
容量规格：{'50'} → set() | ❌
色号    ：set() → set()
浓度    ： →  | ✅
简装    ： →  | ✅
套装    ：不含 → 不含 | ✅
清洗后  ：真我 → cdjadore真我女士金色女郎心悦jadoreinjoy
品名匹配：词袋(100.0%) | ✅
结果    ：❌ FAIL | 原因：规格不匹配
============================================================
🔧 校验失败原因为规格不匹配，尝试进入规格面板匹配...

[DEBUG][get_sku_price_auto] 开始匹配，搜索词: '迪奥 真我EDT 50ml'
[DEBUG][get_sku_identifiers] 提取标识: ['50ml']
[DEBUG][get_sku_price_auto] 当前已选规格匹配，价格: 1275
✅ 规格匹配成功，且品名已匹配，校验通过

================================================================================
货品名称：【Dior】迪奥CDJ'adore真我女士香水金色女郎心悦 Dior J'Adore InJoy【5天内发货】
关键词：迪奥 真我EDT 50ml
原价：None | 现价：1275
匹配规格：已选择： 真我 EDP 150ml | 规格价格：1275
百亿补贴：否 | 日期：
校验通过：✅ True
================================================================================
--- 进入商品 3/3 ---
============================================================
搜索词 ：迪奥 真我EDT 50ml
商品名 ：海外直邮 Dior 迪奥真我淡香50ml【5天内发货】
品牌    ：迪奥 → 迪奥 | ✅
容量规格：{'50'} → {'50'} | ✅
色号    ：set() → set()
浓度    ： → 淡香 | ✅
简装    ： →  | ✅
套装    ：不含 → 不含 | ✅
清洗后  ：真我 → 海外真我
品名匹配：词袋(100.0%) | ✅
结果    ：✅ PASS | 原因：所有检查通过
============================================================

================================================================================
货品名称：海外直邮 Dior 迪奥真我淡香50ml【5天内发货】
关键词：迪奥 真我EDT 50ml
原价：666.0 | 现价：666.0
百亿补贴：否 | 日期：2025-04-01
校验通过：✅ True
================================================================================
✅ 优先级 1 中已有商品通过校验，停止降级
📁 采集记录已保存，总行数：400
📋 校验记录已保存，总记录数：279
✅ 序号 551 已标记为已采集

⏸ 等待 1 秒后继续...
⏳ 等待下一个商品：[██████████████████████████████] 100% (1/1s)

🔍 搜索：迪奥 真我纯真EDP 100ml
🔽 降级到全球购，返回顶部并重新识别（不自动下滑）

===== 优先级 1，共 3 个商品 =====
--- 进入商品 1/3 ---
============================================================
搜索词 ：迪奥 真我纯真EDP 100ml
商品名 ：正品Dior迪奥jadore真我缪斯PARFUM D'EAU真我纯真女士浓香水EDP【5天内发货】
品牌    ：迪奥 → 迪奥 | ✅
容量规格：{'100'} → set() | ❌
色号    ：set() → set()
浓度    ：浓香 → 浓香 | ✅
简装    ： →  | ✅
套装    ：不含 → 不含 | ✅
清洗后  ：真我纯真 → jadore真我缪斯parfumdeau真我纯真女士水
品名匹配：词袋(100.0%) | ✅
结果    ：❌ FAIL | 原因：规格不匹配
============================================================
🔧 校验失败原因为规格不匹配，尝试进入规格面板匹配...

[DEBUG][get_sku_price_auto] 开始匹配，搜索词: '迪奥 真我纯真EDP 100ml'
[DEBUG][get_sku_identifiers] 提取标识: ['100ml']
[DEBUG][get_sku_price_auto] 当前已选规格不匹配，尝试点击规格...
[DEBUG] 容量 100ml 找到 2 个控件
[DEBUG] 点击符合浓度 ['edp'] 的容量控件: 真我纯真edp 100ml 刚刚抢光
[DEBUG] 点击容量 100ml 后已选文本为 已选择： 真我纯真EDP 30ML，不包含目标容量，放弃
[DEBUG][get_sku_price_auto] 所有标识尝试完毕，仍无价格
⚠️ 规格匹配未获取到有效价格，已记录为匹配失败，校验结果强制为不通过

================================================================================
货品名称：正品Dior迪奥jadore真我缪斯PARFUM D'EAU真我纯真女士浓香水EDP【5天内发货】
关键词：迪奥 真我纯真EDP 100ml
原价：None | 现价：None
匹配规格：匹配失败 | 规格价格：
百亿补贴：否 | 日期：
校验通过：❌ False
================================================================================
--- 进入商品 2/3 ---
============================================================
搜索词 ：迪奥 真我纯真EDP 100ml
商品名 ：【Dior】迪奥无酒精真我纯真女士香水30-50-100ml EDP【法国直发】【5天内发货】
品牌    ：迪奥 → 迪奥 | ✅
容量规格：{'100'} → {'100', '50', '30'} | ✅
色号    ：set() → set()
浓度    ：浓香 → 浓香 | ✅
简装    ： →  | ✅
套装    ：不含 → 不含 | ✅
清洗后  ：真我纯真 → 无酒精真我纯真女士
品名匹配：词袋(100.0%) | ✅
结果    ：✅ PASS | 原因：所有检查通过
============================================================
🔧 标题包含多规格 (容量:{'100', '50', '30'}, 色号:set())，尝试进入规格面板匹配...

[DEBUG][get_sku_price_auto] 开始匹配，搜索词: '迪奥 真我纯真EDP 100ml'
[DEBUG][get_sku_identifiers] 提取标识: ['100ml']
[DEBUG][get_sku_price_auto] 未找到已选节点，尝试点击规格...
[DEBUG] 容量 100ml 找到 1 个控件
[DEBUG] 点击唯一容量控件: 100ml
[DEBUG] 容量 100ml 匹配成功，价格: 952
✅ 规格匹配成功，且品名已匹配，校验通过

================================================================================
货品名称：【Dior】迪奥无酒精真我纯真女士香水30-50-100ml EDP【法国直发】【5天内发货】
关键词：迪奥 真我纯真EDP 100ml
原价：574.0 | 现价：952
匹配规格：已选择： 100mL | 规格价格：952
百亿补贴：否 | 日期：
校验通过：✅ True
================================================================================
--- 进入商品 3/3 ---
============================================================
搜索词 ：迪奥 真我纯真EDP 100ml
商品名 ：【Dior】迪奥无酒精真我纯真女士香水30-50-100mlEDP浓香【法国直发】【5天内发货】
品牌    ：迪奥 → 迪奥 | ✅
容量规格：{'100'} → {'100', '50', '30'} | ✅
色号    ：set() → set()
浓度    ：浓香 → 浓香 | ✅
简装    ： →  | ✅
套装    ：不含 → 不含 | ✅
清洗后  ：真我纯真 → 无酒精真我纯真女士
品名匹配：词袋(100.0%) | ✅
结果    ：✅ PASS | 原因：所有检查通过
============================================================
🔧 标题包含多规格 (容量:{'100', '50', '30'}, 色号:set())，尝试进入规格面板匹配...

[DEBUG][get_sku_price_auto] 开始匹配，搜索词: '迪奥 真我纯真EDP 100ml'
[DEBUG][get_sku_identifiers] 提取标识: ['100ml']
[DEBUG][get_sku_price_auto] 未找到已选节点，尝试点击规格...
[DEBUG] 容量 100ml 找到 1 个控件
[DEBUG] 点击唯一容量控件: 100ml
[DEBUG] 容量 100ml 匹配成功，价格: 952
✅ 规格匹配成功，且品名已匹配，校验通过

================================================================================
货品名称：【Dior】迪奥无酒精真我纯真女士香水30-50-100mlEDP浓香【法国直发】【5天内发货】
关键词：迪奥 真我纯真EDP 100ml
原价：574.0 | 现价：952
匹配规格：已选择： 100ml | 规格价格：952
百亿补贴：否 | 日期：
校验通过：✅ True
================================================================================
✅ 优先级 1 中已有商品通过校验，停止降级
📁 采集记录已保存，总行数：406
📋 校验记录已保存，总记录数：282
✅ 序号 552 已标记为已采集

⏸ 等待 1 秒后继续...
⏳ 等待下一个商品：[██████████████████████████████] 100% (1/1s)Traceback (most recent call last):
  File "/Users/vincentli/PycharmProjects/PythonProject/2026-4 群控/yolo/整合详情页采集/采集10.4 日志.py", line 849, in <module>
    main()
  File "/Users/vincentli/PycharmProjects/PythonProject/2026-4 群控/yolo/整合详情页采集/采集10.4 日志.py", line 839, in main
    wait_with_progress(SEARCH_INTERVAL_SECONDS)
  File "/Users/vincentli/PycharmProjects/PythonProject/2026-4 群控/yolo/整合详情页采集/采集10.4 日志.py", line 808, in wait_with_progress
    time.sleep(1)
KeyboardInterrupt
