📋 日志已保存至：logs/console_20260914_110121.log
🚀 启动采集 + 品牌规格品名四重校验
✅ 总商品数：643 | 待采集：358

🔍 搜索：黛珂牛油果乳液150ml
⚠️ 检测到‘进店’，下滑40%屏刷新商品列表

===== 优先级 4，共 4 个商品 =====
--- 进入商品 1/4 ---
============================================================
搜索词 ：黛珂牛油果乳液150ml
商品名 ：【正品行货】黛珂牛油草本水乳套装150ml+150ml保湿控油
品牌    ：黛珂 → 黛珂 | ✅
容量规格：{'150'} → {'150'} | ✅
色号    ：set() → set()
浓度    ： →  | ✅
简装    ： →  | ✅
套装    ：不含 → 含 | ❌
清洗后  ：牛油果乳液 → 牛油草本水乳套装
品名匹配：词袋(33.3%) | ✅
结果    ：❌ FAIL | 原因：套装状态不一致
============================================================

================================================================================
货品名称：【正品行货】黛珂牛油草本水乳套装150ml+150ml保湿控油
关键词：黛珂牛油果乳液150ml
原价：None | 现价：None
百亿补贴：是 | 日期：2023-09-02
校验通过：❌ False
================================================================================
--- 进入商品 2/4 ---
============================================================
搜索词 ：黛珂牛油果乳液150ml
商品名 ：【11.3万人回购该品牌】跨境正品黛珂牛油果植萃乳液祛痘控油保湿紧致150ml
品牌    ：黛珂 → 黛珂 | ✅
容量规格：{'150'} → {'150'} | ✅
色号    ：set() → {'11'}
浓度    ： →  | ✅
简装    ： →  | ✅
套装    ：不含 → 不含 | ✅
清洗后  ：牛油果乳液 → 跨境牛油果植萃乳液祛痘紧致
品名匹配：词袋(66.7%) | ✅
结果    ：✅ PASS | 原因：所有检查通过
============================================================

================================================================================
货品名称：【11.3万人回购该品牌】跨境正品黛珂牛油果植萃乳液祛痘控油保湿紧致150ml
关键词：黛珂牛油果乳液150ml
原价：98.0 | 现价：98.0
百亿补贴：否 | 日期：
校验通过：✅ True
================================================================================
--- 进入商品 3/4 ---
============================================================
搜索词 ：黛珂牛油果乳液150ml
商品名 ：【正品行货】黛珂牛油果植萃乳液祛痘控油保湿紧致150ml
品牌    ：黛珂 → 黛珂 | ✅
容量规格：{'150'} → {'150'} | ✅
色号    ：set() → set()
浓度    ： →  | ✅
简装    ： →  | ✅
套装    ：不含 → 不含 | ✅
清洗后  ：牛油果乳液 → 牛油果植萃乳液祛痘紧致
品名匹配：词袋(66.7%) | ✅
结果    ：✅ PASS | 原因：所有检查通过
============================================================

================================================================================
货品名称：【正品行货】黛珂牛油果植萃乳液祛痘控油保湿紧致150ml
关键词：黛珂牛油果乳液150ml
原价：None | 现价：None
百亿补贴：是 | 日期：2023-09-02
校验通过：✅ True
================================================================================
--- 进入商品 4/4 ---
============================================================
搜索词 ：黛珂牛油果乳液150ml
商品名 ：【特价清仓】DECORTE黛珂牛油果植萃乳液保湿控油柔滑肌肤150ml
品牌    ：黛珂 → 黛珂 | ✅
容量规格：{'150'} → {'150'} | ✅
色号    ：set() → set()
浓度    ： →  | ✅
简装    ： →  | ✅
套装    ：不含 → 不含 | ✅
清洗后  ：牛油果乳液 → 牛油果植萃乳液肌肤
品名匹配：词袋(66.7%) | ✅
结果    ：✅ PASS | 原因：所有检查通过
============================================================

================================================================================
货品名称：【特价清仓】DECORTE黛珂牛油果植萃乳液保湿控油柔滑肌肤150ml
关键词：黛珂牛油果乳液150ml
原价：None | 现价：None
百亿补贴：否 | 日期：
校验通过：✅ True
================================================================================
✅ 优先级 4 中已有商品通过校验，停止降级
📁 采集记录已保存，总行数：165
📋 校验记录已保存，总记录数：169
✅ 序号 81 已标记为已采集

⏸ 等待 1 秒后继续...
⏳ 等待下一个商品：[██████████████████████████████] 100% (1/1s)

🔍 搜索：黛珂沁活晶澈润肤精华水200ml

===== 优先级 4，共 3 个商品 =====
--- 进入商品 1/3 ---
============================================================
搜索词 ：黛珂沁活晶澈润肤精华水200ml
商品名 ：【三只松鼠】_风味小腊肠蜜汁味/香辣味150g迷你香肠即食解馋小零食
品牌    ：黛珂 → 未匹配 | ❌
容量规格：{'200'} → {'150'} | ❌
色号    ：set() → set()
浓度    ： →  | ✅
简装    ： →  | ✅
套装    ：不含 → 不含 | ✅
清洗后  ：沁活晶澈润肤水 → _风味小腊肠蜜汁味香辣味迷你香肠即食解馋小零食
品名匹配：LCS子序列(0.0%) | ❌
结果    ：❌ FAIL | 原因：品牌不一致；规格不匹配；品名相似不足(ratio=0.0%)
============================================================
🔧 校验失败原因为规格不匹配，尝试进入规格面板匹配...

[DEBUG][get_sku_price_auto] 开始匹配，搜索词: '黛珂沁活晶澈润肤精华水200ml'
[DEBUG][get_sku_identifiers] 提取标识: ['200ml']
[DEBUG][get_sku_price_auto] 当前已选规格不匹配，尝试点击规格...
[DEBUG][get_sku_price_auto] 所有标识尝试完毕，仍无价格
⚠️ 规格匹配未获取到有效价格，已记录为匹配失败，校验结果强制为不通过

================================================================================
货品名称：【三只松鼠】_风味小腊肠蜜汁味/香辣味150g迷你香肠即食解馋小零食
关键词：黛珂沁活晶澈润肤精华水200ml
原价：10.9 | 现价：10.9
匹配规格：匹配失败 | 规格价格：
百亿补贴：是 | 日期：
校验通过：❌ False
================================================================================
--- 进入商品 2/3 ---
============================================================
搜索词 ：黛珂沁活晶澈润肤精华水200ml
商品名 ：【黛珂】沁活晶澈精华水200ml 长效保湿焕亮 匀净肌肤柔润 透亮爽肤水
品牌    ：黛珂 → 黛珂 | ✅
容量规格：{'200'} → {'200'} | ✅
色号    ：set() → set()
浓度    ： →  | ✅
简装    ： →  | ✅
套装    ：不含 → 不含 | ✅
清洗后  ：沁活晶澈润肤水 → 沁活晶澈水长效匀净肌肤柔润透亮爽肤水
品名匹配：词袋(66.7%) | ✅
结果    ：✅ PASS | 原因：所有检查通过
============================================================

================================================================================
货品名称：【黛珂】沁活晶澈精华水200ml 长效保湿焕亮 匀净肌肤柔润 透亮爽肤水
关键词：黛珂沁活晶澈润肤精华水200ml
原价：108.0 | 现价：108.0
百亿补贴：否 | 日期：
校验通过：✅ True
================================================================================
--- 进入商品 3/3 ---
============================================================
搜索词 ：黛珂沁活晶澈润肤精华水200ml
商品名 ：【黛珂】沁活晶澈精华水200ml 补水保湿透亮 改善暗沉 细腻肌肤爽肤水
品牌    ：黛珂 → 黛珂 | ✅
容量规格：{'200'} → {'200'} | ✅
色号    ：set() → set()
浓度    ： →  | ✅
简装    ： →  | ✅
套装    ：不含 → 不含 | ✅
清洗后  ：沁活晶澈润肤水 → 沁活晶澈水补水透亮改善暗沉细腻肌肤爽肤水
品名匹配：词袋(66.7%) | ✅
结果    ：✅ PASS | 原因：所有检查通过
============================================================

================================================================================
货品名称：【黛珂】沁活晶澈精华水200ml 补水保湿透亮 改善暗沉 细腻肌肤爽肤水
关键词：黛珂沁活晶澈润肤精华水200ml
原价：98.0 | 现价：98.0
百亿补贴：否 | 日期：
校验通过：✅ True
================================================================================
✅ 优先级 4 中已有商品通过校验，停止降级
📁 采集记录已保存，总行数：169
📋 校验记录已保存，总记录数：172
✅ 序号 82 已标记为已采集

⏸ 等待 1 秒后继续...
⏳ 等待下一个商品：[██████████████████████████████] 100% (1/1s)

🔍 搜索：黛珂散粉01 24年新版

===== 优先级 4，共 3 个商品 =====
--- 进入商品 1/3 ---
============================================================
搜索词 ：黛珂散粉01 24年新版
商品名 ：【黛珂】心悦容光幻纱丝柔蜜粉#01细腻柔滑持久调光师定妆散粉
品牌    ：黛珂 → 黛珂 | ✅
容量规格：set() → set() | ✅
色号    ：{'01'} → {'01'}
浓度    ： →  | ✅
简装    ： →  | ✅
套装    ：不含 → 不含 | ✅
清洗后  ：散粉新 → 心悦容光幻纱蜜粉细腻调光师定妆散粉
品名匹配：词袋(50.0%) | ✅
结果    ：✅ PASS | 原因：所有检查通过
============================================================

================================================================================
货品名称：【黛珂】心悦容光幻纱丝柔蜜粉#01细腻柔滑持久调光师定妆散粉
关键词：黛珂散粉01 24年新版
原价：149.0 | 现价：107.0
百亿补贴：是 | 日期：2024-10-01
校验通过：✅ True
================================================================================
--- 进入商品 2/3 ---
============================================================
搜索词 ：黛珂散粉01 24年新版
商品名 ：【黛珂】2024新版心悦容光幻纱丝柔蜜粉细腻柔滑持久定妆
品牌    ：黛珂 → 黛珂 | ✅
容量规格：set() → set() | ❌
色号    ：{'01'} → set()
浓度    ： →  | ✅
简装    ： →  | ✅
套装    ：不含 → 不含 | ✅
清洗后  ：散粉新 → 新心悦容光幻纱蜜粉细腻定妆
品名匹配：词袋(50.0%) | ✅
结果    ：❌ FAIL | 原因：规格不匹配
============================================================
🔧 校验失败原因为规格不匹配，尝试进入规格面板匹配...

[DEBUG][get_sku_price_auto] 开始匹配，搜索词: '黛珂散粉01 24年新版'
[DEBUG][get_sku_identifiers] 提取标识: ['01']
[DEBUG][get_sku_price_auto] 当前已选规格不匹配，尝试点击规格...
[DEBUG][_click_sku_by_identifier] 尝试点击标识: '01'
[DEBUG][get_sku_price_auto] 所有标识尝试完毕，仍无价格
⚠️ 规格匹配未获取到有效价格，已记录为匹配失败，校验结果强制为不通过

================================================================================
货品名称：【黛珂】2024新版心悦容光幻纱丝柔蜜粉细腻柔滑持久定妆
关键词：黛珂散粉01 24年新版
原价：169.0 | 现价：169.0
匹配规格：匹配失败 | 规格价格：
百亿补贴：是 | 日期：2025-01-02
校验通过：❌ False
================================================================================
⚠️ 检测到优惠券弹窗，再次返回
--- 进入商品 3/3 ---
============================================================
搜索词 ：黛珂散粉01 24年新版
商品名 ：【累计热销86.5万+件】新款Cosme Decorte黛珂丝柔容光控油调光师定妆散粉
品牌    ：黛珂 → 黛珂 | ✅
容量规格：set() → set() | ❌
色号    ：{'01'} → set()
浓度    ： →  | ✅
简装    ： →  | ✅
套装    ：不含 → 不含 | ✅
清洗后  ：散粉新 → 新cosme容光调光师定妆散粉
品名匹配：词袋(50.0%) | ✅
结果    ：❌ FAIL | 原因：规格不匹配
============================================================
🔧 校验失败原因为规格不匹配，尝试进入规格面板匹配...

[DEBUG][get_sku_price_auto] 开始匹配，搜索词: '黛珂散粉01 24年新版'
[DEBUG][get_sku_identifiers] 提取标识: ['01']
[DEBUG][get_sku_price_auto] 当前已选规格不匹配，尝试点击规格...
[DEBUG][_click_sku_by_identifier] 尝试点击标识: '01'
[DEBUG][get_sku_price_auto] 所有标识尝试完毕，仍无价格
⚠️ 规格匹配未获取到有效价格，已记录为匹配失败，校验结果强制为不通过

================================================================================
货品名称：【累计热销86.5万+件】新款Cosme Decorte黛珂丝柔容光控油调光师定妆散粉
关键词：黛珂散粉01 24年新版
原价：123.0 | 现价：109.0
匹配规格：匹配失败 | 规格价格：
百亿补贴：是 | 日期：2025-02-01
校验通过：❌ False
================================================================================
✅ 优先级 4 中已有商品通过校验，停止降级
📁 采集记录已保存，总行数：175
📋 校验记录已保存，总记录数：175
✅ 序号 83 已标记为已采集

⏸ 等待 1 秒后继续...
⏳ 等待下一个商品：[██████████████████████████████] 100% (1/1s)

🔍 搜索：黛珂散粉光肌00 24年新版

===== 优先级 2，共 2 个商品 =====
--- 进入商品 1/2 ---
============================================================
搜索词 ：黛珂散粉光肌00 24年新版
商品名 ：【11.3万人回购该品牌】新版黛珂蜜粉心悦容光幻纱定妆散粉透亮持妆升级00色
品牌    ：黛珂 → 黛珂 | ✅
容量规格：set() → set() | ✅
色号    ：{'00'} → {'00', '11'}
浓度    ： →  | ✅
简装    ： →  | ✅
套装    ：不含 → 不含 | ✅
清洗后  ：散粉光肌新 → 新蜜粉心悦容光幻纱定妆散粉透亮持妆升级色
品名匹配：词袋(25.0%) | ✅
结果    ：✅ PASS | 原因：所有检查通过
============================================================
🔧 标题包含多规格 (容量:set(), 色号:{'00', '11'})，尝试进入规格面板匹配...

[DEBUG][get_sku_price_auto] 开始匹配，搜索词: '黛珂散粉光肌00 24年新版'
[DEBUG][get_sku_identifiers] 提取标识: ['00']
[DEBUG][get_sku_price_auto] 当前已选规格匹配，价格: 159
✅ 规格匹配成功，且品名已匹配，校验通过

================================================================================
货品名称：【11.3万人回购该品牌】新版黛珂蜜粉心悦容光幻纱定妆散粉透亮持妆升级00色
关键词：黛珂散粉光肌00 24年新版
原价：159.0 | 现价：159
匹配规格：已选: 20g 00#珠光肌 | 规格价格：159
百亿补贴：否 | 日期：2024-10-01
校验通过：✅ True
================================================================================
--- 进入商品 2/2 ---
============================================================
搜索词 ：黛珂散粉光肌00 24年新版
商品名 ：Decorte黛珂散粉定妆蜜粉心悦容丝绒00控油新版定妆长效持久【5天内发货】
品牌    ：黛珂 → 黛珂 | ✅
容量规格：set() → set() | ✅
色号    ：{'00'} → {'00'}
浓度    ： →  | ✅
简装    ： →  | ✅
套装    ：不含 → 不含 | ✅
清洗后  ：散粉光肌新 → 散粉定妆蜜粉心悦容丝绒新定妆长效
品名匹配：词袋(25.0%) | ✅
结果    ：✅ PASS | 原因：所有检查通过
============================================================

================================================================================
货品名称：Decorte黛珂散粉定妆蜜粉心悦容丝绒00控油新版定妆长效持久【5天内发货】
关键词：黛珂散粉光肌00 24年新版
原价：145.0 | 现价：145.0
百亿补贴：否 | 日期：
校验通过：✅ True
================================================================================
✅ 优先级 2 中已有商品通过校验，停止降级
📁 采集记录已保存，总行数：180
📋 校验记录已保存，总记录数：177
✅ 序号 84 已标记为已采集

⏸ 等待 1 秒后继续...
⏳ 等待下一个商品：[██████████████████████████████] 100% (1/1s)

🔍 搜索：黛珂紫苏水 300ml

===== 优先级 4，共 1 个商品 =====
--- 进入商品 1/1 ---
============================================================
搜索词 ：黛珂紫苏水 300ml
商品名 ：【黛珂】紫苏水300ml+牛油果乳液300ml水乳补水舒缓保湿
品牌    ：黛珂 → 黛珂 | ✅
容量规格：{'300'} → {'300'} | ✅
色号    ：{'紫色'} → {'紫色'}
浓度    ： →  | ✅
简装    ： →  | ✅
套装    ：不含 → 不含 | ✅
清洗后  ：紫苏水 → 紫苏水牛油果乳液水乳补水舒缓
品名匹配：词袋(100.0%) | ✅
结果    ：✅ PASS | 原因：所有检查通过
============================================================

================================================================================
货品名称：【黛珂】紫苏水300ml+牛油果乳液300ml水乳补水舒缓保湿
关键词：黛珂紫苏水 300ml
原价：459.0 | 现价：298.0
百亿补贴：是 | 日期：2025-06-01
校验通过：✅ True
================================================================================
✅ 优先级 4 中已有商品通过校验，停止降级
📁 采集记录已保存，总行数：183
📋 校验记录已保存，总记录数：178
✅ 序号 85 已标记为已采集

⏸ 等待 1 秒后继续...
⏳ 等待下一个商品：[██████████████████████████████] 100% (1/1s)

🔍 搜索：黛珂紫苏水150ml

===== 优先级 4，共 1 个商品 =====
--- 进入商品 1/1 ---
============================================================
搜索词 ：黛珂紫苏水150ml
商品名 ：川崎品牌官方正品，100%保障
品牌    ：黛珂 → 未匹配 | ❌
容量规格：{'150'} → set() | ❌
色号    ：{'紫色'} → {'100'}
浓度    ： →  | ✅
简装    ： →  | ✅
套装    ：不含 → 不含 | ✅
清洗后  ：紫苏水 → 川崎品牌官方保障
品名匹配：LCS子序列(0.0%) | ❌
结果    ：❌ FAIL | 原因：品牌不一致；规格不匹配；品名相似不足(ratio=0.0%)
============================================================
🔧 校验失败原因为规格不匹配，尝试进入规格面板匹配...

[DEBUG][get_sku_price_auto] 开始匹配，搜索词: '黛珂紫苏水150ml'
[DEBUG][get_sku_identifiers] 提取中文颜色标识: 紫
[DEBUG][get_sku_identifiers] 提取标识: ['紫色', '150ml', '紫']
[DEBUG][get_sku_price_auto] 当前已选规格不匹配，尝试点击规格...
[DEBUG][_click_sku_by_identifier] 尝试点击标识: '紫色'
[DEBUG][_click_sku_by_identifier] 尝试点击标识: '紫'
[DEBUG][get_sku_price_auto] 所有标识尝试完毕，仍无价格
⚠️ 规格匹配未获取到有效价格，已记录为匹配失败，校验结果强制为不通过

================================================================================
货品名称：川崎品牌官方正品，100%保障
关键词：黛珂紫苏水150ml
原价：16.9 | 现价：16.9
匹配规格：匹配失败 | 规格价格：
百亿补贴：是 | 日期：
校验通过：❌ False
================================================================================
⚠️ 优先级 4 全部未通过，尝试下一优先级
🔽 降级到全球购，返回顶部并重新识别（不自动下滑）

===== 优先级 1，共 3 个商品 =====
--- 进入商品 1/3 ---
============================================================
搜索词 ：黛珂紫苏水150ml
商品名 ：【黛珂】紫苏水精华爽肤水粗糙清爽保湿控油抗痘150ml补水保湿
品牌    ：黛珂 → 黛珂 | ✅
容量规格：{'150'} → {'150'} | ✅
色号    ：{'紫色'} → {'紫色'}
浓度    ： →  | ✅
简装    ： →  | ✅
套装    ：不含 → 不含 | ✅
清洗后  ：紫苏水 → 紫苏水爽肤水粗糙抗痘补水
品名匹配：词袋(100.0%) | ✅
结果    ：✅ PASS | 原因：所有检查通过
============================================================

================================================================================
货品名称：【黛珂】紫苏水精华爽肤水粗糙清爽保湿控油抗痘150ml补水保湿
关键词：黛珂紫苏水150ml
原价：98.2 | 现价：98.2
百亿补贴：否 | 日期：
校验通过：✅ True
================================================================================
--- 进入商品 2/3 ---
============================================================
搜索词 ：黛珂紫苏水150ml
商品名 ：【黛珂】正品紫苏水植萃精华爽肤水清爽保湿控油祛痘
品牌    ：黛珂 → 黛珂 | ✅
容量规格：{'150'} → set() | ✅
色号    ：{'紫色'} → {'紫色'}
浓度    ： →  | ✅
简装    ： →  | ✅
套装    ：不含 → 不含 | ✅
清洗后  ：紫苏水 → 紫苏水植萃爽肤水祛痘
品名匹配：词袋(100.0%) | ✅
结果    ：✅ PASS | 原因：所有检查通过
============================================================

================================================================================
货品名称：【黛珂】正品紫苏水植萃精华爽肤水清爽保湿控油祛痘
关键词：黛珂紫苏水150ml
原价：98.2 | 现价：98.2
百亿补贴：否 | 日期：
校验通过：✅ True
================================================================================
--- 进入商品 3/3 ---
============================================================
搜索词 ：黛珂紫苏水150ml
商品名 ：【黛珂】紫苏水150ml精华爽肤水粗糙清爽保湿控油抗痘补水保湿
品牌    ：黛珂 → 黛珂 | ✅
容量规格：{'150'} → {'150'} | ✅
色号    ：{'紫色'} → {'紫色'}
浓度    ： →  | ✅
简装    ： →  | ✅
套装    ：不含 → 不含 | ✅
清洗后  ：紫苏水 → 紫苏水爽肤水粗糙抗痘补水
品名匹配：词袋(100.0%) | ✅
结果    ：✅ PASS | 原因：所有检查通过
============================================================

================================================================================
货品名称：【黛珂】紫苏水150ml精华爽肤水粗糙清爽保湿控油抗痘补水保湿
关键词：黛珂紫苏水150ml
原价：98.2 | 现价：98.2
百亿补贴：否 | 日期：
校验通过：✅ True
================================================================================
✅ 优先级 1 中已有商品通过校验，停止降级
📁 采集记录已保存，总行数：188
📋 校验记录已保存，总记录数：182
✅ 序号 86 已标记为已采集

⏸ 等待 1 秒后继续...
⏳ 等待下一个商品：[██████████████████████████████] 100% (1/1s)

🔍 搜索：德美乐嘉多维面膜涂抹面膜75ml
🔽 降级到全球购，返回顶部并重新识别（不自动下滑）

===== 优先级 1，共 3 个商品 =====
--- 进入商品 1/3 ---
============================================================
搜索词 ：德美乐嘉多维面膜涂抹面膜75ml
商品名 ：【德美乐嘉】多维面膜75ml滋养修护保湿紧致熬夜救急胡萝卜涂抹面膜
品牌    ：德美乐嘉 → 德美乐嘉 | ✅
容量规格：{'75'} → {'75'} | ✅
色号    ：set() → set()
浓度    ： →  | ✅
简装    ： →  | ✅
套装    ：不含 → 不含 | ✅
清洗后  ：多维面膜涂抹面膜 → 多维面膜滋养紧致熬夜救急胡萝卜涂抹面膜
品名匹配：词袋(83.3%) | ✅
结果    ：✅ PASS | 原因：所有检查通过
============================================================

================================================================================
货品名称：【德美乐嘉】多维面膜75ml滋养修护保湿紧致熬夜救急胡萝卜涂抹面膜
关键词：德美乐嘉多维面膜涂抹面膜75ml
原价：220.0 | 现价：169.0
百亿补贴：否 | 日期：2025-03-01
校验通过：✅ True
================================================================================
--- 进入商品 2/3 ---
============================================================
搜索词 ：德美乐嘉多维面膜涂抹面膜75ml
商品名 ：【Dermalogica】德美乐嘉新包装多维面膜75ml熬夜救急补水涂抹面膜
品牌    ：德美乐嘉 → 德美乐嘉 | ✅
容量规格：{'75'} → {'75'} | ✅
色号    ：set() → set()
浓度    ： →  | ✅
简装    ： →  | ✅
套装    ：不含 → 不含 | ✅
清洗后  ：多维面膜涂抹面膜 → 新包装多维面膜熬夜救急补水涂抹面膜
品名匹配：词袋(83.3%) | ✅
结果    ：✅ PASS | 原因：所有检查通过
============================================================

================================================================================
货品名称：【Dermalogica】德美乐嘉新包装多维面膜75ml熬夜救急补水涂抹面膜
关键词：德美乐嘉多维面膜涂抹面膜75ml
原价：104.0 | 现价：104.0
百亿补贴：否 | 日期：
校验通过：✅ True
================================================================================
--- 进入商品 3/3 ---
============================================================
搜索词 ：德美乐嘉多维面膜涂抹面膜75ml
商品名 ：【德美乐嘉】多维胡萝卜面膜75ml熬夜急救去黄紧致修护提亮涂抹面膜
品牌    ：德美乐嘉 → 德美乐嘉 | ✅
容量规格：{'75'} → {'75'} | ✅
色号    ：set() → set()
浓度    ： →  | ✅
简装    ： →  | ✅
套装    ：不含 → 不含 | ✅
清洗后  ：多维面膜涂抹面膜 → 多维胡萝卜面膜熬夜急救去黄紧致提亮涂抹面膜
品名匹配：词袋(66.7%) | ✅
结果    ：✅ PASS | 原因：所有检查通过
============================================================

================================================================================
货品名称：【德美乐嘉】多维胡萝卜面膜75ml熬夜急救去黄紧致修护提亮涂抹面膜
关键词：德美乐嘉多维面膜涂抹面膜75ml
原价：98.8 | 现价：98.8
百亿补贴：否 | 日期：
校验通过：✅ True
================================================================================
✅ 优先级 1 中已有商品通过校验，停止降级
📁 采集记录已保存，总行数：195
📋 校验记录已保存，总记录数：185
✅ 序号 87 已标记为已采集

⏸ 等待 1 秒后继续...
⏳ 等待下一个商品：[██████████████████████████████] 100% (1/1s)

🔍 搜索：费列罗榛果巧克力制品T24
⚠️ 检测到‘进店’，下滑40%屏刷新商品列表

===== 优先级 2，共 1 个商品 =====
--- 进入商品 1/1 ---
============================================================
搜索词 ：费列罗榛果巧克力制品T24
商品名 ：
品牌    ：费列罗 → 未匹配 | ❌
容量规格：set() → set() | ❌
色号    ：{'24', 't24'} → set()
浓度    ： →  | ✅
简装    ： →  | ✅
套装    ：不含 → 不含 | ✅
清洗后  ：罗榛果巧克力制品t → 
品名匹配：LCS子序列(0.0%) | ❌
结果    ：❌ FAIL | 原因：品牌不一致；规格不匹配；品名相似不足(ratio=0.0%)
============================================================
🔧 校验失败原因为规格不匹配，尝试进入规格面板匹配...

[DEBUG][get_sku_price_auto] 开始匹配，搜索词: '费列罗榛果巧克力制品T24'
[DEBUG][get_sku_identifiers] 提取标识: ['24', 't24']
[DEBUG][get_sku_price_auto] 当前已选规格不匹配，尝试点击规格...
[DEBUG][_click_sku_by_identifier] 尝试点击标识: 't24'
[DEBUG][_click_sku_by_identifier] 尝试点击标识: '24'
[DEBUG][get_sku_price_auto] 所有标识尝试完毕，仍无价格
⚠️ 规格匹配未获取到有效价格，已记录为匹配失败，校验结果强制为不通过

================================================================================
货品名称：
关键词：费列罗榛果巧克力制品T24
原价：17.9 | 现价：17.9
匹配规格：匹配失败 | 规格价格：
百亿补贴：否 | 日期：2025-12-31
校验通过：❌ False
================================================================================
⚠️ 优先级 2 全部未通过，尝试下一优先级
🔽 降级到全球购，返回顶部并重新识别（不自动下滑）

===== 优先级 1，共 1 个商品 =====
--- 进入商品 1/1 ---
============================================================
搜索词 ：费列罗榛果巧克力制品T24
商品名 ：【费列罗】意大利进口巧克力费列罗T24金莎杂莎榛果朱古力礼盒装喜糖
品牌    ：费列罗 → 费列罗 | ✅
容量规格：set() → set() | ✅
色号    ：{'24', 't24'} → {'24', 't24'}
浓度    ： →  | ✅
简装    ： →  | ✅
套装    ：不含 → 不含 | ✅
清洗后  ：罗榛果巧克力制品t → 意大利巧克力罗t金莎杂莎榛果朱古力礼盒装喜糖
品名匹配：词袋(42.9%) | ✅
结果    ：✅ PASS | 原因：所有检查通过
============================================================
🔧 标题包含多规格 (容量:set(), 色号:{'24', 't24'})，尝试进入规格面板匹配...

[DEBUG][get_sku_price_auto] 开始匹配，搜索词: '费列罗榛果巧克力制品T24'
[DEBUG][get_sku_identifiers] 提取标识: ['24', 't24']
[DEBUG][get_sku_price_auto] 当前已选规格匹配，价格: 78.8
✅ 规格匹配成功，且品名已匹配，校验通过

================================================================================
货品名称：【费列罗】意大利进口巧克力费列罗T24金莎杂莎榛果朱古力礼盒装喜糖
关键词：费列罗榛果巧克力制品T24
原价：76.0 | 现价：78.8
匹配规格：已选: 进口金莎t24（版本随机） | 规格价格：78.8
百亿补贴：否 | 日期：2026-01-20
校验通过：✅ True
================================================================================
✅ 优先级 1 中已有商品通过校验，停止降级
📁 采集记录已保存，总行数：200
📋 校验记录已保存，总记录数：187
✅ 序号 88 已标记为已采集

⏸ 等待 1 秒后继续...
⏳ 等待下一个商品：[██████████████████████████████] 100% (1/1s)

🔍 搜索：拱辰享洁面180ml

===== 优先级 4，共 4 个商品 =====
--- 进入商品 1/4 ---
============================================================
搜索词 ：拱辰享洁面180ml
商品名 ：【338.4万人收藏该品牌】韩国Whoo后拱辰享君男士洗面奶180ml清洁控油味道清新泡沫绵密
品牌    ：未匹配 → 后 | ✅
容量规格：{'180'} → {'180'} | ✅
色号    ：set() → {'338'}
浓度    ： →  | ✅
简装    ： →  | ✅
套装    ：不含 → 不含 | ✅
清洗后  ：拱辰享洁面 → 韩国拱辰享君男士洗面奶清洁味道泡沫绵密
品名匹配：词袋(75.0%) | ✅
结果    ：✅ PASS | 原因：所有检查通过
============================================================

================================================================================
货品名称：【338.4万人收藏该品牌】韩国Whoo后拱辰享君男士洗面奶180ml清洁控油味道清新泡沫绵密
关键词：拱辰享洁面180ml
原价：49.6 | 现价：49.6
百亿补贴：是 | 日期：2026-04-20
校验通过：✅ True
================================================================================
--- 进入商品 2/4 ---
============================================================
搜索词 ：拱辰享洁面180ml
商品名 ：【Whoo/后】新款拱辰享净澈洁面膏清洁洗面奶180ml
品牌    ：未匹配 → 后 | ✅
容量规格：{'180'} → {'180'} | ✅
色号    ：set() → set()
浓度    ： →  | ✅
简装    ： →  | ✅
套装    ：不含 → 不含 | ✅
清洗后  ：拱辰享洁面 → 新拱辰享净澈洁面膏清洁洗面奶
品名匹配：词袋(75.0%) | ✅
结果    ：✅ PASS | 原因：所有检查通过
============================================================

================================================================================
货品名称：【Whoo/后】新款拱辰享净澈洁面膏清洁洗面奶180ml
关键词：拱辰享洁面180ml
原价：None | 现价：None
百亿补贴：是 | 日期：2025-03-14
校验通过：✅ True
================================================================================
--- 进入商品 3/4 ---
============================================================
搜索词 ：拱辰享洁面180ml
商品名 ：【WHOO/后】韩国后洗面奶深层清洁拱辰享保湿洁面膏180ml
品牌    ：未匹配 → 后 | ✅
容量规格：{'180'} → {'180'} | ✅
色号    ：set() → set()
浓度    ： →  | ✅
简装    ： →  | ✅
套装    ：不含 → 不含 | ✅
清洗后  ：拱辰享洁面 → 韩国洗面奶深层清洁拱辰享洁面膏
品名匹配：词袋(100.0%) | ✅
结果    ：✅ PASS | 原因：所有检查通过
============================================================

================================================================================
货品名称：【WHOO/后】韩国后洗面奶深层清洁拱辰享保湿洁面膏180ml
关键词：拱辰享洁面180ml
原价：208.0 | 现价：208.0
百亿补贴：是 | 日期：2026-01-10
校验通过：✅ True
================================================================================
--- 进入商品 4/4 ---
============================================================
搜索词 ：拱辰享洁面180ml
商品名 ：【WHOO/后】新款拱辰享净澈深层清洁保湿洁面膏180ml
品牌    ：未匹配 → 后 | ✅
容量规格：{'180'} → {'180'} | ✅
色号    ：set() → set()
浓度    ： →  | ✅
简装    ： →  | ✅
套装    ：不含 → 不含 | ✅
清洗后  ：拱辰享洁面 → 新拱辰享净澈深层清洁洁面膏
品名匹配：词袋(75.0%) | ✅
结果    ：✅ PASS | 原因：所有检查通过
============================================================

================================================================================
货品名称：【WHOO/后】新款拱辰享净澈深层清洁保湿洁面膏180ml
关键词：拱辰享洁面180ml
原价：None | 现价：None
百亿补贴：是 | 日期：2025-01-01
校验通过：✅ True
================================================================================
✅ 优先级 4 中已有商品通过校验，停止降级
📁 采集记录已保存，总行数：206
📋 校验记录已保存，总记录数：192
✅ 序号 89 已标记为已采集

⏸ 等待 1 秒后继续...
⏳ 等待下一个商品：[██████████████████████████████] 100% (1/1s)

🔍 搜索：古驰花悦绽放女士浓香50ml

===== 优先级 4，共 1 个商品 =====
--- 进入商品 1/1 ---
============================================================
搜索词 ：古驰花悦绽放女士浓香50ml
商品名 ：古驰花悦绽放女士香水EDP浓香50ml持久留香【9月22日发完】
品牌    ：古驰 → 古驰 | ✅
容量规格：{'50'} → {'50'} | ✅
色号    ：set() → set()
浓度    ：浓香 → 浓香 | ✅
简装    ： →  | ✅
套装    ：不含 → 不含 | ✅
清洗后  ：花悦绽放女士 → 花悦绽放女士
品名匹配：词袋(100.0%) | ✅
结果    ：✅ PASS | 原因：所有检查通过
============================================================

================================================================================
货品名称：古驰花悦绽放女士香水EDP浓香50ml持久留香【9月22日发完】
关键词：古驰花悦绽放女士浓香50ml
原价：399.0 | 现价：399.0
百亿补贴：是 | 日期：2025-02-01
校验通过：✅ True
================================================================================
✅ 优先级 4 中已有商品通过校验，停止降级
📁 采集记录已保存，总行数：209
📋 校验记录已保存，总记录数：193
✅ 序号 90 已标记为已采集

⏸ 等待 1 秒后继续...
⏳ 等待下一个商品：[██████████████████████████████] 100% (1/1s)

🔍 搜索：古驰金管217哑光

===== 优先级 2，共 1 个商品 =====
--- 进入商品 1/1 ---
============================================================
搜索词 ：古驰金管217哑光
商品名 ：【正品行货】GUCCI古驰口红217金管哑光绒雾礼盒装 生日礼物女友
品牌    ：古驰 → 古驰 | ✅
容量规格：set() → set() | ✅
色号    ：{'217'} → {'217'}
浓度    ： →  | ✅
简装    ： →  | ✅
套装    ：不含 → 不含 | ✅
清洗后  ：金管哑光 → 口红金管哑光绒雾礼盒装生日礼物女友
品名匹配：词袋(100.0%) | ✅
结果    ：✅ PASS | 原因：所有检查通过
============================================================

================================================================================
货品名称：【正品行货】GUCCI古驰口红217金管哑光绒雾礼盒装 生日礼物女友
关键词：古驰金管217哑光
原价：167.0 | 现价：167.0
百亿补贴：否 | 日期：2025-06-01
校验通过：✅ True
================================================================================
✅ 优先级 2 中已有商品通过校验，停止降级
📁 采集记录已保存，总行数：211
📋 校验记录已保存，总记录数：194
✅ 序号 91 已标记为已采集

⏸ 等待 1 秒后继续...
⏳ 等待下一个商品：[██████████████████████████████] 100% (1/1s)

🔍 搜索：古驰金管哑光口红208#

===== 优先级 2，共 2 个商品 =====
--- 进入商品 1/2 ---
============================================================
搜索词 ：古驰金管哑光口红208#
商品名 ：【累计热销85.7万+件】GUCCI/古驰金丝绒金管口红208#倾色绒雾唇膏哑光3.5g送礼正品
品牌    ：古驰 → 古驰 | ✅
容量规格：set() → {'3.5'} | ✅
色号    ：{'208'} → {'208'}
浓度    ： →  | ✅
简装    ： →  | ✅
套装    ：不含 → 不含 | ✅
清洗后  ：金管哑光口红 → 金丝绒金管口红倾色绒雾唇膏哑光送礼
品名匹配：词袋(50.0%) | ✅
结果    ：✅ PASS | 原因：所有检查通过
============================================================

================================================================================
货品名称：【累计热销85.7万+件】GUCCI/古驰金丝绒金管口红208#倾色绒雾唇膏哑光3.5g送礼正品
关键词：古驰金管哑光口红208#
原价：188.0 | 现价：188.0
百亿补贴：否 | 日期：2025-06-01
校验通过：✅ True
================================================================================
--- 进入商品 2/2 ---
============================================================
搜索词 ：古驰金管哑光口红208#
商品名 ：【专柜正品行货】GUCCI古驰口红208金管哑光217滋润 520礼物
品牌    ：古驰 → 古驰 | ✅
容量规格：set() → set() | ✅
色号    ：{'208'} → {'520', '217', '208'}
浓度    ： →  | ✅
简装    ： →  | ✅
套装    ：不含 → 不含 | ✅
清洗后  ：金管哑光口红 → 口红金管哑光礼物
品名匹配：词袋(75.0%) | ✅
结果    ：✅ PASS | 原因：所有检查通过
============================================================
🔧 标题包含多规格 (容量:set(), 色号:{'520', '217', '208'})，尝试进入规格面板匹配...

[DEBUG][get_sku_price_auto] 开始匹配，搜索词: '古驰金管哑光口红208#'
[DEBUG][get_sku_identifiers] 提取标识: ['208']
[DEBUG][get_sku_price_auto] 当前已选规格匹配，价格: 175
✅ 规格匹配成功，且品名已匹配，校验通过

================================================================================
货品名称：【专柜正品行货】GUCCI古驰口红208金管哑光217滋润 520礼物
关键词：古驰金管哑光口红208#
原价：309.0 | 现价：175
匹配规格：已选: 绒雾哑光208#[礼盒装] | 规格价格：175
百亿补贴：否 | 日期：2025-06-01
校验通过：✅ True
================================================================================
✅ 优先级 2 中已有商品通过校验，停止降级
📁 采集记录已保存，总行数：214
📋 校验记录已保存，总记录数：196
✅ 序号 92 已标记为已采集

⏸ 等待 1 秒后继续...
⏳ 等待下一个商品：[██████████████████████████████] 100% (1/1s)

🔍 搜索：古驰绮梦香草兰香型30ml

===== 优先级 2，共 1 个商品 =====
--- 进入商品 1/1 ---
============================================================
搜索词 ：古驰绮梦香草兰香型30ml
商品名 ：【GUCCI】古驰 绮梦香草兰香型女士浓香水30ML 水生美食调
品牌    ：古驰 → 古驰 | ✅
容量规格：{'30'} → {'30'} | ✅
色号    ：set() → set()
浓度    ： → 浓香 | ✅
简装    ： →  | ✅
套装    ：不含 → 不含 | ✅
清洗后  ：香草兰香 → 香草兰香女士水水生美食调
品名匹配：词袋(100.0%) | ✅
结果    ：✅ PASS | 原因：所有检查通过
============================================================

================================================================================
货品名称：【GUCCI】古驰 绮梦香草兰香型女士浓香水30ML 水生美食调
关键词：古驰绮梦香草兰香型30ml
原价：218.0 | 现价：218.0
百亿补贴：否 | 日期：2025-11-13
校验通过：✅ True
================================================================================
✅ 优先级 2 中已有商品通过校验，停止降级
📁 采集记录已保存，总行数：217
📋 校验记录已保存，总记录数：197
✅ 序号 93 已标记为已采集

⏸ 等待 1 秒后继续...
⏳ 等待下一个商品：[██████████████████████████████] 100% (1/1s)

🔍 搜索：古驰细管口红#25*
🔽 降级到全球购，返回顶部并重新识别（不自动下滑）

===== 优先级 1，共 3 个商品 =====
--- 进入商品 1/3 ---
============================================================
搜索词 ：古驰细管口红#25*
商品名 ：【原装正品】正装Gucci/古驰经典倾色琉光水光#25细管口红1.8g
品牌    ：古驰 → 古驰 | ✅
容量规格：set() → {'1.8'} | ✅
色号    ：{'25'} → {'25'}
浓度    ： →  | ✅
简装    ： →  | ✅
套装    ：不含 → 不含 | ✅
清洗后  ：细管口红 → 正装经典倾色琉光细管口红
品名匹配：词袋(100.0%) | ✅
结果    ：✅ PASS | 原因：所有检查通过
============================================================

================================================================================
货品名称：【原装正品】正装Gucci/古驰经典倾色琉光水光#25细管口红1.8g
关键词：古驰细管口红#25*
原价：94.0 | 现价：94.0
百亿补贴：否 | 日期：2024-09-01
校验通过：✅ True
================================================================================
--- 进入商品 2/3 ---
============================================================
搜索词 ：古驰细管口红#25*
商品名 ：【原装正品】Gucci/古驰倾色琉光细管水光镜面#25细管口红1.8g
品牌    ：古驰 → 古驰 | ✅
容量规格：set() → {'1.8'} | ✅
色号    ：{'25'} → {'25'}
浓度    ： →  | ✅
简装    ： →  | ✅
套装    ：不含 → 不含 | ✅
清洗后  ：细管口红 → 倾色琉光细管镜面细管口红
品名匹配：词袋(100.0%) | ✅
结果    ：✅ PASS | 原因：所有检查通过
============================================================

================================================================================
货品名称：【原装正品】Gucci/古驰倾色琉光细管水光镜面#25细管口红1.8g
关键词：古驰细管口红#25*
原价：94.0 | 现价：94.0
百亿补贴：否 | 日期：2024-09-01
校验通过：✅ True
================================================================================
--- 进入商品 3/3 ---
============================================================
搜索词 ：古驰细管口红#25*
商品名 ：【GUCCI】古驰新品水润细管唇膏口红25【5天内发货】
品牌    ：古驰 → 古驰 | ✅
容量规格：set() → set() | ✅
色号    ：{'25'} → {'25'}
浓度    ： →  | ✅
简装    ： →  | ✅
套装    ：不含 → 不含 | ✅
清洗后  ：细管口红 → 水润细管唇膏口红
品名匹配：词袋(66.7%) | ✅
结果    ：✅ PASS | 原因：所有检查通过
============================================================

================================================================================
货品名称：【GUCCI】古驰新品水润细管唇膏口红25【5天内发货】
关键词：古驰细管口红#25*
原价：104.9 | 现价：103.9
百亿补贴：否 | 日期：2024-09-30
校验通过：✅ True
================================================================================
✅ 优先级 1 中已有商品通过校验，停止降级
📁 采集记录已保存，总行数：221
📋 校验记录已保存，总记录数：200
✅ 序号 94 已标记为已采集

⏸ 等待 1 秒后继续...
⏳ 等待下一个商品：[██████████████████████████████] 100% (1/1s)

🔍 搜索：古驰倾色绒雾唇膏505（金色短管）

===== 优先级 2，共 3 个商品 =====
--- 进入商品 1/3 ---
============================================================
搜索词 ：古驰倾色绒雾唇膏505（金色短管）
商品名 ：【GUCCI】古驰倾色绒雾唇膏#505 金管哑光 铁锈红 复古珍妮特 3.5g
品牌    ：古驰 → 古驰 | ✅
容量规格：set() → {'3.5'} | ✅
色号    ：{'505'} → {'505'}
浓度    ： →  | ✅
简装    ： →  | ✅
套装    ：不含 → 不含 | ✅
清洗后  ：倾色绒雾唇膏金色短管 → 倾色绒雾唇膏金管哑光铁锈红复古珍妮特
品名匹配：词袋(85.7%) | ✅
结果    ：✅ PASS | 原因：所有检查通过
============================================================

================================================================================
货品名称：【GUCCI】古驰倾色绒雾唇膏#505 金管哑光 铁锈红 复古珍妮特 3.5g
关键词：古驰倾色绒雾唇膏505（金色短管）
原价：169.0 | 现价：169.0
百亿补贴：否 | 日期：2025-03-13
校验通过：✅ True
================================================================================
--- 进入商品 2/3 ---
============================================================
搜索词 ：古驰倾色绒雾唇膏505（金色短管）
商品名 ：【GUCCI】古驰倾色绒雾唇膏#505金管哑光 珍妮复古红 铁锈红
品牌    ：古驰 → 古驰 | ✅
容量规格：set() → set() | ✅
色号    ：{'505'} → {'505'}
浓度    ： →  | ✅
简装    ： →  | ✅
套装    ：不含 → 不含 | ✅
清洗后  ：倾色绒雾唇膏金色短管 → 倾色绒雾唇膏金管哑光珍妮复古红铁锈红
品名匹配：词袋(85.7%) | ✅
结果    ：✅ PASS | 原因：所有检查通过
============================================================

================================================================================
货品名称：【GUCCI】古驰倾色绒雾唇膏#505金管哑光 珍妮复古红 铁锈红
关键词：古驰倾色绒雾唇膏505（金色短管）
原价：169.0 | 现价：169.0
百亿补贴：否 | 日期：2025-12-14
校验通过：✅ True
================================================================================
--- 进入商品 3/3 ---
============================================================
搜索词 ：古驰倾色绒雾唇膏505（金色短管）
商品名 ：【累计热销85.7万+件】GUCCI/古驰金丝绒金管口红505#倾色绒雾唇膏哑光
品牌    ：古驰 → 古驰 | ✅
容量规格：set() → set() | ✅
色号    ：{'505'} → {'505'}
浓度    ： →  | ✅
简装    ： →  | ✅
套装    ：不含 → 不含 | ✅
清洗后  ：倾色绒雾唇膏金色短管 → 金丝绒金管口红倾色绒雾唇膏哑光
品名匹配：词袋(71.4%) | ✅
结果    ：✅ PASS | 原因：所有检查通过
============================================================

================================================================================
货品名称：【累计热销85.7万+件】GUCCI/古驰金丝绒金管口红505#倾色绒雾唇膏哑光
关键词：古驰倾色绒雾唇膏505（金色短管）
原价：119.0 | 现价：119.0
百亿补贴：否 | 日期：2024-06-01
校验通过：✅ True
================================================================================
✅ 优先级 2 中已有商品通过校验，停止降级
📁 采集记录已保存，总行数：227
📋 校验记录已保存，总记录数：203
✅ 序号 95 已标记为已采集

⏸ 等待 1 秒后继续...
⏳ 等待下一个商品：[██████████████████████████████] 100% (1/1s)

🔍 搜索：古驰倾色云雾唇釉505（红色长管）

===== 优先级 4，共 1 个商品 =====
--- 进入商品 1/1 ---
============================================================
搜索词 ：古驰倾色云雾唇釉505（红色长管）
商品名 ：【正品行货】GUCCI古驰倾色云雾唇釉505意式红棕口红礼盒装送女友
品牌    ：古驰 → 古驰 | ✅
容量规格：set() → set() | ✅
色号    ：{'505'} → {'505'}
浓度    ： →  | ✅
简装    ： →  | ✅
套装    ：不含 → 不含 | ✅
清洗后  ：倾色云雾唇釉红色长管 → 倾色云雾唇釉意式红棕口红礼盒装送女友
品名匹配：词袋(55.6%) | ✅
结果    ：✅ PASS | 原因：所有检查通过
============================================================

================================================================================
货品名称：【正品行货】GUCCI古驰倾色云雾唇釉505意式红棕口红礼盒装送女友
关键词：古驰倾色云雾唇釉505（红色长管）
原价：189.0 | 现价：189.0
百亿补贴：是 | 日期：2026-01-01
校验通过：✅ True
================================================================================
✅ 优先级 4 中已有商品通过校验，停止降级
📁 采集记录已保存，总行数：231
📋 校验记录已保存，总记录数：204
✅ 序号 96 已标记为已采集

⏸ 等待 1 秒后继续...
⏳ 等待下一个商品：[██████████████████████████████] 100% (1/1s)

🔍 搜索：古驰竹韵淡香50ml

===== 优先级 4，共 2 个商品 =====
--- 进入商品 1/2 ---
============================================================
搜索词 ：古驰竹韵淡香50ml
商品名 ：【GUCCI】古驰竹韵女士EDT50ml淡香水留香木质花香调高级送礼礼物
品牌    ：古驰 → 古驰 | ✅
容量规格：{'50'} → {'50'} | ✅
色号    ：set() → set()
浓度    ：淡香 → 淡香 | ✅
简装    ： →  | ✅
套装    ：不含 → 不含 | ✅
清洗后  ：竹韵 → 竹韵女士水木质高级送礼礼物
品名匹配：词袋(100.0%) | ✅
结果    ：✅ PASS | 原因：所有检查通过
============================================================

================================================================================
货品名称：【GUCCI】古驰竹韵女士EDT50ml淡香水留香木质花香调高级送礼礼物
关键词：古驰竹韵淡香50ml
原价：280.0 | 现价：280.0
百亿补贴：是 | 日期：2024-08-01
校验通过：✅ True
================================================================================
--- 进入商品 2/2 ---
============================================================
搜索词 ：古驰竹韵淡香50ml
商品名 ：【古驰】竹韵女士香水淡香EDT50ml清新木质持久花香调
品牌    ：古驰 → 古驰 | ✅
容量规格：{'50'} → {'50'} | ✅
色号    ：set() → set()
浓度    ：淡香 → 淡香 | ✅
简装    ： →  | ✅
套装    ：不含 → 不含 | ✅
清洗后  ：竹韵 → 竹韵女士木质
品名匹配：词袋(100.0%) | ✅
结果    ：✅ PASS | 原因：所有检查通过
============================================================

================================================================================
货品名称：【古驰】竹韵女士香水淡香EDT50ml清新木质持久花香调
关键词：古驰竹韵淡香50ml
原价：319.0 | 现价：319.0
百亿补贴：是 | 日期：2026-02-01
校验通过：✅ True
================================================================================
✅ 优先级 4 中已有商品通过校验，停止降级
📁 采集记录已保存，总行数：234
📋 校验记录已保存，总记录数：206
✅ 序号 97 已标记为已采集

⏸ 等待 1 秒后继续...
⏳ 等待下一个商品：[██████████████████████████████] 100% (1/1s)

🔍 搜索：古驰罪爱男香50ml

===== 优先级 4，共 3 个商品 =====
--- 进入商品 1/3 ---
============================================================
搜索词 ：古驰罪爱男香50ml
商品名 ：【累计热销85.7万+件】GUCCI/古驰罪爱男士香水木质调持久淡香水50ML男生高级礼物
品牌    ：古驰 → 古驰 | ✅
容量规格：{'50'} → {'50'} | ✅
色号    ：set() → set()
浓度    ： → 淡香 | ✅
简装    ： →  | ✅
套装    ：不含 → 不含 | ✅
清洗后  ：罪爱男香 → 罪爱男士水男生高级礼物
品名匹配：词袋(66.7%) | ✅
结果    ：✅ PASS | 原因：所有检查通过
============================================================

================================================================================
货品名称：【累计热销85.7万+件】GUCCI/古驰罪爱男士香水木质调持久淡香水50ML男生高级礼物
关键词：古驰罪爱男香50ml
原价：249.0 | 现价：249.0
百亿补贴：是 | 日期：2024-08-01
校验通过：✅ True
================================================================================
--- 进入商品 2/3 ---
============================================================
搜索词 ：古驰罪爱男香50ml
商品名 ：【品牌好评65.4万+条】Gucci古驰罪爱男士淡香水50ml清新持久留香
品牌    ：古驰 → 古驰 | ✅
容量规格：{'50'} → {'50'} | ✅
色号    ：set() → set()
浓度    ： → 淡香 | ✅
简装    ： →  | ✅
套装    ：不含 → 不含 | ✅
清洗后  ：罪爱男香 → 罪爱男士水
品名匹配：词袋(66.7%) | ✅
结果    ：✅ PASS | 原因：所有检查通过
============================================================

================================================================================
货品名称：【品牌好评65.4万+条】Gucci古驰罪爱男士淡香水50ml清新持久留香
关键词：古驰罪爱男香50ml
原价：198.0 | 现价：198.0
百亿补贴：是 | 日期：2025-01-01
校验通过：✅ True
================================================================================
--- 进入商品 3/3 ---
============================================================
搜索词 ：古驰罪爱男香50ml
商品名 ：【正品行货】GUCCI古驰罪爱男士浓香水经典系列男神雪松EDP 50ml
品牌    ：古驰 → 古驰 | ✅
容量规格：{'50'} → {'50'} | ✅
色号    ：set() → set()
浓度    ： → 浓香 | ✅
简装    ： →  | ✅
套装    ：不含 → 不含 | ✅
清洗后  ：罪爱男香 → 罪爱男士水经典系列男神雪松
品名匹配：词袋(66.7%) | ✅
结果    ：✅ PASS | 原因：所有检查通过
============================================================

================================================================================
货品名称：【正品行货】GUCCI古驰罪爱男士浓香水经典系列男神雪松EDP 50ml
关键词：古驰罪爱男香50ml
原价：338.0 | 现价：321.0
百亿补贴：是 | 日期：2024-06-22
校验通过：✅ True
================================================================================
✅ 优先级 4 中已有商品通过校验，停止降级
📁 采集记录已保存，总行数：239
📋 校验记录已保存，总记录数：209
✅ 序号 98 已标记为已采集

⏸ 等待 1 秒后继续...
⏳ 等待下一个商品：[██████████████████████████████] 100% (1/1s)

🔍 搜索：海蓝之谜唇膜9g
🔽 降级到全球购，返回顶部并重新识别（不自动下滑）

===== 优先级 1，共 3 个商品 =====
--- 进入商品 1/3 ---
============================================================
搜索词 ：海蓝之谜唇膜9g
商品名 ：LA MER海蓝之谜润唇膜9g唇膏保湿滋润舒缓修护淡化唇纹【5天内发货】
品牌    ：海蓝之谜 → 海蓝之谜 | ✅
容量规格：{'9'} → {'9'} | ✅
色号    ：set() → set()
浓度    ： →  | ✅
简装    ： →  | ✅
套装    ：不含 → 不含 | ✅
清洗后  ：唇膜 → lamer润唇膜唇膏舒缓淡化唇纹
品名匹配：词袋(100.0%) | ✅
结果    ：✅ PASS | 原因：所有检查通过
============================================================

================================================================================
货品名称：LA MER海蓝之谜润唇膜9g唇膏保湿滋润舒缓修护淡化唇纹【5天内发货】
关键词：海蓝之谜唇膜9g
原价：399.0 | 现价：399.0
百亿补贴：否 | 日期：
校验通过：✅ True
================================================================================
--- 进入商品 2/3 ---
============================================================
搜索词 ：海蓝之谜唇膜9g
商品名 ：LA MER海蓝之谜润唇膜9g唇膏保湿滋润舒缓修护淡化唇纹【5天内发货】
品牌    ：海蓝之谜 → 海蓝之谜 | ✅
容量规格：{'9'} → {'9'} | ✅
色号    ：set() → set()
浓度    ： →  | ✅
简装    ： →  | ✅
套装    ：不含 → 不含 | ✅
清洗后  ：唇膜 → lamer润唇膜唇膏舒缓淡化唇纹
品名匹配：词袋(100.0%) | ✅
结果    ：✅ PASS | 原因：所有检查通过
============================================================

================================================================================
货品名称：LA MER海蓝之谜润唇膜9g唇膏保湿滋润舒缓修护淡化唇纹【5天内发货】
关键词：海蓝之谜唇膜9g
原价：300.0 | 现价：300.0
百亿补贴：否 | 日期：
校验通过：✅ True
================================================================================
--- 进入商品 3/3 ---
============================================================
搜索词 ：海蓝之谜唇膜9g
商品名 ：LA MER/海蓝之谜修护润唇膏唇膜9g保湿滋润淡化唇纹舒缓干燥新版【5天内发货】
品牌    ：海蓝之谜 → 海蓝之谜 | ✅
容量规格：{'9'} → {'9'} | ✅
色号    ：set() → set()
浓度    ： →  | ✅
简装    ： →  | ✅
套装    ：不含 → 不含 | ✅
清洗后  ：唇膜 → 润唇膏唇膜淡化唇纹舒缓干燥新
品名匹配：词袋(100.0%) | ✅
结果    ：✅ PASS | 原因：所有检查通过
============================================================

================================================================================
货品名称：LA MER/海蓝之谜修护润唇膏唇膜9g保湿滋润淡化唇纹舒缓干燥新版【5天内发货】
关键词：海蓝之谜唇膜9g
原价：320.0 | 现价：292.0
百亿补贴：否 | 日期：
校验通过：✅ True
================================================================================
✅ 优先级 1 中已有商品通过校验，停止降级
📁 采集记录已保存，总行数：245
📋 校验记录已保存，总记录数：212
✅ 序号 99 已标记为已采集

⏸ 等待 1 秒后继续...
⏳ 等待下一个商品：[██████████████████████████████] 100% (1/1s)

🔍 搜索：海蓝之谜精粹水 150ml 新版

===== 优先级 4，共 4 个商品 =====
--- 进入商品 1/4 ---
============================================================
搜索词 ：海蓝之谜精粹水 150ml 新版
商品名 ：【海蓝之谜】LA MER修护经典套装精萃水精萃乳精华教师节日礼物礼盒装
品牌    ：海蓝之谜 → 海蓝之谜 | ✅
容量规格：{'150'} → set() | ❌
色号    ：set() → set()
浓度    ： →  | ✅
简装    ： →  | ✅
套装    ：不含 → 含 | ❌
清洗后  ：精粹水 → 经典套装精萃水精萃乳教师节日礼物礼盒装
品名匹配：LCS子序列(66.7%) | ✅
结果    ：❌ FAIL | 原因：规格不匹配；套装状态不一致
============================================================
🔧 校验失败原因为规格不匹配，尝试进入规格面板匹配...

[DEBUG][get_sku_price_auto] 开始匹配，搜索词: '海蓝之谜精粹水 150ml 新版'
[DEBUG][get_sku_identifiers] 提取标识: ['150ml']
[DEBUG][get_sku_price_auto] 当前已选规格不匹配，尝试点击规格...
[DEBUG] 容量 150ml 找到 1 个控件
[DEBUG] 点击唯一容量控件: 150ml
[DEBUG] 容量 150ml 匹配成功，价格: 3999
⚠️ 规格匹配成功但套装不一致，校验不通过

================================================================================
货品名称：【海蓝之谜】LA MER修护经典套装精萃水精萃乳精华教师节日礼物礼盒装
关键词：海蓝之谜精粹水 150ml 新版
原价：1890.0 | 现价：3999
匹配规格：已选: 精萃水150ml+精萃乳50ml+精华15ml 套组九件套 海蓝之谜经典礼盒礼袋包装 | 规格价格：3999
百亿补贴：是 | 日期：2025-11-20
校验通过：❌ False
================================================================================
--- 进入商品 2/4 ---
============================================================
搜索词 ：海蓝之谜精粹水 150ml 新版
商品名 ：【海蓝之谜】焕透精粹水150ml磨砂瓶 修护补水
品牌    ：海蓝之谜 → 海蓝之谜 | ✅
容量规格：{'150'} → {'150'} | ✅
色号    ：set() → set()
浓度    ： →  | ✅
简装    ： →  | ✅
套装    ：不含 → 不含 | ✅
清洗后  ：精粹水 → 焕透精粹水磨砂瓶补水
品名匹配：词袋(100.0%) | ✅
结果    ：✅ PASS | 原因：所有检查通过
============================================================

================================================================================
货品名称：【海蓝之谜】焕透精粹水150ml磨砂瓶 修护补水
关键词：海蓝之谜精粹水 150ml 新版
原价：805.0 | 现价：591.0
百亿补贴：是 | 日期：2025-03-02
校验通过：✅ True
================================================================================
--- 进入商品 3/4 ---
============================================================
搜索词 ：海蓝之谜精粹水 150ml 新版
商品名 ：【LA MER】 海蓝之谜 清爽版精粹水150ml 25年新版
品牌    ：海蓝之谜 → 海蓝之谜 | ✅
容量规格：{'150'} → {'150'} | ✅
色号    ：set() → set()
浓度    ： →  | ✅
简装    ： →  | ✅
套装    ：不含 → 不含 | ✅
清洗后  ：精粹水 → 精粹水新
品名匹配：词袋(100.0%) | ✅
结果    ：✅ PASS | 原因：所有检查通过
============================================================

================================================================================
货品名称：【LA MER】 海蓝之谜 清爽版精粹水150ml 25年新版
关键词：海蓝之谜精粹水 150ml 新版
原价：629.0 | 现价：580.0
百亿补贴：是 | 日期：2025-02-01
校验通过：✅ True
================================================================================
--- 进入商品 4/4 ---
============================================================
搜索词 ：海蓝之谜精粹水 150ml 新版
商品名 ：【品牌好评119.3万+条】LAMER海蓝之谜精萃水乳套装礼盒紧致舒缓抗皱教师节中秋限定礼盒
品牌    ：海蓝之谜 → 海蓝之谜 | ✅
容量规格：{'150'} → set() | ❌
色号    ：set() → set()
浓度    ： →  | ✅
简装    ： →  | ✅
套装    ：不含 → 含 | ❌
清洗后  ：精粹水 → 精萃水乳套装礼盒紧致舒缓抗皱教师节中秋限定礼盒
品名匹配：LCS子序列(66.7%) | ✅
结果    ：❌ FAIL | 原因：规格不匹配；套装状态不一致
============================================================
🔧 校验失败原因为规格不匹配，尝试进入规格面板匹配...

[DEBUG][get_sku_price_auto] 开始匹配，搜索词: '海蓝之谜精粹水 150ml 新版'
[DEBUG][get_sku_identifiers] 提取标识: ['150ml']
[DEBUG][get_sku_price_auto] 当前已选规格匹配，价格: 2059
⚠️ 规格匹配成功但套装不一致，校验不通过

================================================================================
货品名称：【品牌好评119.3万+条】LAMER海蓝之谜精萃水乳套装礼盒紧致舒缓抗皱教师节中秋限定礼盒
关键词：海蓝之谜精粹水 150ml 新版
原价：2988.0 | 现价：2059
匹配规格：已选: 精萃水150ml+精萃乳50ml 情人节礼盒8件套 | 规格价格：2059
百亿补贴：是 | 日期：2025-11-20
校验通过：❌ False
================================================================================
✅ 优先级 4 中已有商品通过校验，停止降级
📁 采集记录已保存，总行数：252
📋 校验记录已保存，总记录数：216
✅ 序号 100 已标记为已采集

⏸ 等待 1 秒后继续...
⏳ 等待下一个商品：[██████████████████████████████] 100% (1/1s)

🔍 搜索：海蓝之谜精粹水150ml

===== 优先级 4，共 4 个商品 =====
--- 进入商品 1/4 ---
============================================================
搜索词 ：海蓝之谜精粹水150ml
商品名 ：【累计热销141.7万+件】两瓶 单品 LAMER海蓝之谜精粹水150ml
品牌    ：海蓝之谜 → 海蓝之谜 | ✅
容量规格：{'150'} → {'150', '2'} | ✅
色号    ：set() → set()
浓度    ： →  | ✅
简装    ： →  | ✅
套装    ：不含 → 不含 | ✅
清洗后  ：精粹水 → 精粹水
品名匹配：词袋(100.0%) | ✅
结果    ：✅ PASS | 原因：所有检查通过
============================================================
🔧 标题包含多规格 (容量:{'150', '2'}, 色号:set())，尝试进入规格面板匹配...

[DEBUG][get_sku_price_auto] 开始匹配，搜索词: '海蓝之谜精粹水150ml'
[DEBUG][get_sku_identifiers] 提取标识: ['150ml']
[DEBUG][get_sku_price_auto] 当前已选规格匹配，价格: 1243
✅ 规格匹配成功，且品名已匹配，校验通过

================================================================================
货品名称：【累计热销141.7万+件】两瓶 单品 LAMER海蓝之谜精粹水150ml
关键词：海蓝之谜精粹水150ml
原价：1459.0 | 现价：1243
匹配规格：已选: 150mL 2瓶 | 规格价格：1243
百亿补贴：是 | 日期：2025-10-01
校验通过：✅ True
================================================================================
--- 进入商品 2/4 ---
============================================================
搜索词 ：海蓝之谜精粹水150ml
商品名 ：【正品行货】海蓝之谜修护焕新精萃水150ml*2 滋润保湿补水
品牌    ：海蓝之谜 → 海蓝之谜 | ✅
容量规格：{'150'} → {'150', '2'} | ✅
色号    ：set() → set()
浓度    ： →  | ✅
简装    ： →  | ✅
套装    ：不含 → 不含 | ✅
清洗后  ：精粹水 → 焕新精萃水补水
品名匹配：LCS子序列(66.7%) | ✅
结果    ：✅ PASS | 原因：所有检查通过
============================================================
🔧 标题包含多规格 (容量:{'150', '2'}, 色号:set())，尝试进入规格面板匹配...

[DEBUG][get_sku_price_auto] 开始匹配，搜索词: '海蓝之谜精粹水150ml'
[DEBUG][get_sku_identifiers] 提取标识: ['150ml']
[DEBUG][get_sku_price_auto] 当前已选规格匹配，价格: 1100
✅ 规格匹配成功，且品名已匹配，校验通过

================================================================================
货品名称：【正品行货】海蓝之谜修护焕新精萃水150ml*2 滋润保湿补水
关键词：海蓝之谜精粹水150ml
原价：1999.0 | 现价：1100
匹配规格：已选: 150mL 2瓶 | 规格价格：1100
百亿补贴：是 | 日期：2025-01-01
校验通过：✅ True
================================================================================
--- 进入商品 3/4 ---
============================================================
搜索词 ：海蓝之谜精粹水150ml
商品名 ：【海蓝之谜】修护精粹液精华水肌底保湿修护紧致150ml
品牌    ：海蓝之谜 → 海蓝之谜 | ✅
容量规格：{'150'} → {'150'} | ✅
色号    ：set() → set()
浓度    ： →  | ✅
简装    ： →  | ✅
套装    ：不含 → 不含 | ✅
清洗后  ：精粹水 → 精粹液水肌底紧致
品名匹配：词袋(50.0%) | ✅
结果    ：✅ PASS | 原因：所有检查通过
============================================================

================================================================================
货品名称：【海蓝之谜】修护精粹液精华水肌底保湿修护紧致150ml
关键词：海蓝之谜精粹水150ml
原价：1005.0 | 现价：1005.0
百亿补贴：是 | 日期：
校验通过：✅ True
================================================================================
--- 进入商品 4/4 ---
============================================================
搜索词 ：海蓝之谜精粹水150ml
商品名 ：【海蓝之谜】LA MER精萃水乳精萃乳护肤品情人节礼盒保湿补水七夕礼物
品牌    ：海蓝之谜 → 海蓝之谜 | ✅
容量规格：{'150'} → set() | ❌
色号    ：set() → set()
浓度    ： →  | ✅
简装    ： →  | ✅
套装    ：不含 → 不含 | ✅
清洗后  ：精粹水 → 精萃水乳精萃乳护肤品情人节礼盒补水七夕礼物
品名匹配：LCS子序列(66.7%) | ✅
结果    ：❌ FAIL | 原因：规格不匹配
============================================================
🔧 校验失败原因为规格不匹配，尝试进入规格面板匹配...

[DEBUG][get_sku_price_auto] 开始匹配，搜索词: '海蓝之谜精粹水150ml'
[DEBUG][get_sku_identifiers] 提取标识: ['150ml']
[DEBUG][get_sku_price_auto] 当前已选规格匹配，价格: 2129
✅ 规格匹配成功，且品名已匹配，校验通过

================================================================================
货品名称：【海蓝之谜】LA MER精萃水乳精萃乳护肤品情人节礼盒保湿补水七夕礼物
关键词：海蓝之谜精粹水150ml
原价：1708.0 | 现价：2129
匹配规格：已选: 精粹乳50ml+精萃水150ml 七夕爱心礼盒七件套 | 规格价格：2129
百亿补贴：是 | 日期：2025-11-22
校验通过：✅ True
================================================================================
✅ 优先级 4 中已有商品通过校验，停止降级
📁 采集记录已保存，总行数：260
📋 校验记录已保存，总记录数：220
✅ 序号 101 已标记为已采集

⏸ 等待 1 秒后继续...
⏳ 等待下一个商品：[██████████████████████████████] 100% (1/1s)

🔍 搜索：海蓝之谜精华面霜60ml

===== 优先级 4，共 3 个商品 =====
--- 进入商品 1/3 ---
============================================================
搜索词 ：海蓝之谜精华面霜60ml
商品名 ：【品牌好评119.3万+条】LA MER/海蓝之谜云绒霜奇迹面霜精华乳霜抗皱紧致保湿修护60ml
品牌    ：海蓝之谜 → 海蓝之谜 | ✅
容量规格：{'60'} → {'60'} | ✅
色号    ：set() → set()
浓度    ： →  | ✅
简装    ： →  | ✅
套装    ：不含 → 不含 | ✅
清洗后  ：面霜 → 云绒霜奇迹面霜乳霜抗皱紧致
品名匹配：词袋(100.0%) | ✅
结果    ：✅ PASS | 原因：所有检查通过
============================================================

================================================================================
货品名称：【品牌好评119.3万+条】LA MER/海蓝之谜云绒霜奇迹面霜精华乳霜抗皱紧致保湿修护60ml
关键词：海蓝之谜精华面霜60ml
原价：1999.0 | 现价：1999.0
百亿补贴：是 | 日期：2025-06-14
校验通过：✅ True
================================================================================
--- 进入商品 2/3 ---
============================================================
搜索词 ：海蓝之谜精华面霜60ml
商品名 ：【2.69万人评价品牌正品】LA MER/海蓝之谜精华面霜经典传奇面霜60ml提拉紧致
品牌    ：海蓝之谜 → 海蓝之谜 | ✅
容量规格：{'60'} → {'60'} | ✅
色号    ：set() → set()
浓度    ： →  | ✅
简装    ： →  | ✅
套装    ：不含 → 不含 | ✅
清洗后  ：面霜 → 面霜经典传奇面霜提拉紧致
品名匹配：词袋(100.0%) | ✅
结果    ：✅ PASS | 原因：所有检查通过
============================================================

================================================================================
货品名称：【2.69万人评价品牌正品】LA MER/海蓝之谜精华面霜经典传奇面霜60ml提拉紧致
关键词：海蓝之谜精华面霜60ml
原价：1699.0 | 现价：1160.0
百亿补贴：是 | 日期：2025-06-02
校验通过：✅ True
================================================================================
--- 进入商品 3/3 ---
============================================================
搜索词 ：海蓝之谜精华面霜60ml
商品名 ：【正品行货】LA MER/海蓝之谜神奇经典奇迹精华面霜60ml修护滋润
品牌    ：海蓝之谜 → 海蓝之谜 | ✅
容量规格：{'60'} → {'60'} | ✅
色号    ：set() → set()
浓度    ： →  | ✅
简装    ： →  | ✅
套装    ：不含 → 不含 | ✅
清洗后  ：面霜 → 神奇经典奇迹面霜
品名匹配：词袋(100.0%) | ✅
结果    ：✅ PASS | 原因：所有检查通过
============================================================

================================================================================
货品名称：【正品行货】LA MER/海蓝之谜神奇经典奇迹精华面霜60ml修护滋润
关键词：海蓝之谜精华面霜60ml
原价：1580.0 | 现价：1168.0
百亿补贴：是 | 日期：2025-01-01
校验通过：✅ True
================================================================================
✅ 优先级 4 中已有商品通过校验，停止降级
📁 采集记录已保存，总行数：267
📋 校验记录已保存，总记录数：223
✅ 序号 102 已标记为已采集

⏸ 等待 1 秒后继续...
⏳ 等待下一个商品：[██████████████████████████████] 100% (1/1s)

🔍 搜索：海蓝之谜绿眼霜15ml

===== 优先级 4，共 1 个商品 =====
--- 进入商品 1/1 ---
============================================================
搜索词 ：海蓝之谜绿眼霜15ml
商品名 ：【正品行货】海蓝之谜浓缩眼霜淡化细纹改善黑眼圈出差旅行必备
品牌    ：海蓝之谜 → 海蓝之谜 | ✅
容量规格：{'15'} → set() | ❌
色号    ：{'绿色'} → set()
浓度    ： →  | ✅
简装    ： →  | ✅
套装    ：不含 → 不含 | ✅
清洗后  ：绿眼霜 → 浓缩眼霜淡化细纹改善黑眼圈出差旅行必备
品名匹配：词袋(50.0%) | ✅
结果    ：❌ FAIL | 原因：规格不匹配
============================================================
🔧 校验失败原因为规格不匹配，尝试进入规格面板匹配...

[DEBUG][get_sku_price_auto] 开始匹配，搜索词: '海蓝之谜绿眼霜15ml'
[DEBUG][get_sku_identifiers] 提取中文颜色标识: 绿
[DEBUG][get_sku_identifiers] 提取标识: ['绿色', '15ml', '绿']
[DEBUG][get_sku_price_auto] 当前已选规格匹配，价格: 685.1
✅ 规格匹配成功，且品名已匹配，校验通过

================================================================================
货品名称：【正品行货】海蓝之谜浓缩眼霜淡化细纹改善黑眼圈出差旅行必备
关键词：海蓝之谜绿眼霜15ml
原价：999.0 | 现价：685.1
匹配规格：已选: 15mL 不支持拆封试用 海蓝之谜绿眼霜15ml | 规格价格：685.1
百亿补贴：是 | 日期：2025-01-01
校验通过：✅ True
================================================================================
✅ 优先级 4 中已有商品通过校验，停止降级
📁 采集记录已保存，总行数：271
📋 校验记录已保存，总记录数：224
✅ 序号 103 已标记为已采集

⏸ 等待 1 秒后继续...
⏳ 等待下一个商品：[██████████████████████████████] 100% (1/1s)

🔍 搜索：海蓝之谜面霜100ml

===== 优先级 4，共 4 个商品 =====
--- 进入商品 1/4 ---
============================================================
搜索词 ：海蓝之谜面霜100ml
商品名 ：【生日礼物】海蓝之谜分时抗老修护套装礼盒抗皱紧致舒缓护肤礼盒
品牌    ：海蓝之谜 → 海蓝之谜 | ✅
容量规格：{'100'} → set() | ❌
色号    ：set() → set()
浓度    ： →  | ✅
简装    ： →  | ✅
套装    ：不含 → 含 | ❌
清洗后  ：面霜 → 分时抗老套装礼盒抗皱紧致舒缓护肤礼盒
品名匹配：LCS子序列(0.0%) | ❌
结果    ：❌ FAIL | 原因：规格不匹配；套装状态不一致；品名相似不足(ratio=0.0%)
============================================================
🔧 校验失败原因为规格不匹配，尝试进入规格面板匹配...

[DEBUG][get_sku_price_auto] 开始匹配，搜索词: '海蓝之谜面霜100ml'
[DEBUG][get_sku_identifiers] 提取标识: ['100ml']
[DEBUG][get_sku_price_auto] 当前已选规格不匹配，尝试点击规格...
[DEBUG][get_sku_price_auto] 所有标识尝试完毕，仍无价格
⚠️ 规格匹配未获取到有效价格，已记录为匹配失败，校验结果强制为不通过

================================================================================
货品名称：【生日礼物】海蓝之谜分时抗老修护套装礼盒抗皱紧致舒缓护肤礼盒
关键词：海蓝之谜面霜100ml
原价：2632.0 | 现价：2632.0
匹配规格：匹配失败 | 规格价格：
百亿补贴：是 | 日期：2025-05-01
校验通过：❌ False
================================================================================
--- 进入商品 2/4 ---
============================================================
搜索词 ：海蓝之谜面霜100ml
商品名 ：【正品行货】海蓝之谜经典精华面霜 淡纹滋养保湿强韧精华100ML
品牌    ：海蓝之谜 → 海蓝之谜 | ✅
容量规格：{'100'} → {'100'} | ✅
色号    ：set() → set()
浓度    ： →  | ✅
简装    ： →  | ✅
套装    ：不含 → 不含 | ✅
清洗后  ：面霜 → 经典面霜淡纹滋养强韧
品名匹配：词袋(100.0%) | ✅
结果    ：✅ PASS | 原因：所有检查通过
============================================================

================================================================================
货品名称：【正品行货】海蓝之谜经典精华面霜 淡纹滋养保湿强韧精华100ML
关键词：海蓝之谜面霜100ml
原价：2700.0 | 现价：1715.0
百亿补贴：是 | 日期：2025-01-05
校验通过：✅ True
================================================================================
--- 进入商品 3/4 ---
============================================================
搜索词 ：海蓝之谜面霜100ml
商品名 ：【百补品牌热销113.8万件】LA MER/海蓝之谜云绒面霜 100ml滋润肌底保湿补水
品牌    ：海蓝之谜 → 海蓝之谜 | ✅
容量规格：{'100'} → {'100'} | ✅
色号    ：set() → set()
浓度    ： →  | ✅
简装    ： →  | ✅
套装    ：不含 → 不含 | ✅
清洗后  ：面霜 → 云绒面霜肌底补水
品名匹配：词袋(100.0%) | ✅
结果    ：✅ PASS | 原因：所有检查通过
============================================================

================================================================================
货品名称：【百补品牌热销113.8万件】LA MER/海蓝之谜云绒面霜 100ml滋润肌底保湿补水
关键词：海蓝之谜面霜100ml
原价：2599.0 | 现价：2599.0
百亿补贴：是 | 日期：2025-07-01
校验通过：✅ True
================================================================================
--- 进入商品 4/4 ---
============================================================
搜索词 ：海蓝之谜面霜100ml
商品名 ：【原装正品】LA MER/海蓝之谜经典奇迹面霜精华霜100ml【5天内发货】
品牌    ：海蓝之谜 → 海蓝之谜 | ✅
容量规格：{'100'} → {'100'} | ✅
色号    ：set() → set()
浓度    ： →  | ✅
简装    ： →  | ✅
套装    ：不含 → 不含 | ✅
清洗后  ：面霜 → 经典奇迹面霜霜
品名匹配：词袋(100.0%) | ✅
结果    ：✅ PASS | 原因：所有检查通过
============================================================

================================================================================
货品名称：【原装正品】LA MER/海蓝之谜经典奇迹面霜精华霜100ml【5天内发货】
关键词：海蓝之谜面霜100ml
原价：1710.0 | 现价：1620.0
百亿补贴：否 | 日期：2025-01-01
校验通过：✅ True
================================================================================
✅ 优先级 4 中已有商品通过校验，停止降级
📁 采集记录已保存，总行数：276
📋 校验记录已保存，总记录数：228
✅ 序号 104 已标记为已采集

⏸ 等待 1 秒后继续...
⏳ 等待下一个商品：[██████████████████████████████] 100% (1/1s)

🔍 搜索：海蓝之谜气垫1号

===== 优先级 4，共 1 个商品 =====
--- 进入商品 1/1 ---
============================================================
搜索词 ：海蓝之谜气垫1号
商品名 ：【匹克】加厚人体工学椅护腰坐垫办公室椅腰部支撑久坐不累美腰挺腰器
品牌    ：海蓝之谜 → 未匹配 | ❌
容量规格：set() → set() | ✅
色号    ：set() → set()
浓度    ： →  | ✅
简装    ： →  | ✅
套装    ：不含 → 不含 | ✅
清洗后  ：气垫1号 → 加厚人体工学椅护腰坐垫办公室椅腰部支撑久坐不累美腰挺腰器
品名匹配：LCS子序列(25.0%) | ❌
结果    ：❌ FAIL | 原因：品牌不一致；品名相似不足(ratio=25.0%)
============================================================

================================================================================
货品名称：【匹克】加厚人体工学椅护腰坐垫办公室椅腰部支撑久坐不累美腰挺腰器
关键词：海蓝之谜气垫1号
原价：39.9 | 现价：26.3
百亿补贴：是 | 日期：
校验通过：❌ False
================================================================================
⚠️ 优先级 4 全部未通过，尝试下一优先级
🔽 降级到全球购，返回顶部并重新识别（不自动下滑）

===== 优先级 1，共 3 个商品 =====
--- 进入商品 1/3 ---
============================================================
搜索词 ：海蓝之谜气垫1号
商品名 ：【原装正品】Lamer海蓝之谜鎏光焕变气垫遮瑕养肤粉底液01#03【5天内发货】
品牌    ：海蓝之谜 → 海蓝之谜 | ✅
容量规格：set() → set() | ✅
色号    ：set() → {'03', '01'}
浓度    ： →  | ✅
简装    ： →  | ✅
套装    ：不含 → 不含 | ✅
清洗后  ：气垫1号 → 鎏光焕变气垫养肤粉底液
品名匹配：词袋(50.0%) | ✅
结果    ：✅ PASS | 原因：所有检查通过
============================================================

================================================================================
货品名称：【原装正品】Lamer海蓝之谜鎏光焕变气垫遮瑕养肤粉底液01#03【5天内发货】
关键词：海蓝之谜气垫1号
原价：799.0 | 现价：799.0
百亿补贴：否 | 日期：2025-09-01
校验通过：✅ True
================================================================================
--- 进入商品 2/3 ---
============================================================
搜索词 ：海蓝之谜气垫1号
商品名 ：Lamer海蓝之谜鎏金气垫轻盈粉底BB遮瑕带替换芯12g*2【5天内发货】
品牌    ：海蓝之谜 → 海蓝之谜 | ✅
容量规格：set() → {'12', '2'} | ✅
色号    ：set() → set()
浓度    ： →  | ✅
简装    ： →  | ✅
套装    ：不含 → 不含 | ✅
清洗后  ：气垫1号 → 鎏金气垫轻盈粉底bb带替换芯
品名匹配：词袋(50.0%) | ✅
结果    ：✅ PASS | 原因：所有检查通过
============================================================

================================================================================
货品名称：Lamer海蓝之谜鎏金气垫轻盈粉底BB遮瑕带替换芯12g*2【5天内发货】
关键词：海蓝之谜气垫1号
原价：699.0 | 现价：699.0
百亿补贴：否 | 日期：2025-07-01
校验通过：✅ True
================================================================================
--- 进入商品 3/3 ---
============================================================
搜索词 ：海蓝之谜气垫1号
商品名 ：Lamer海蓝之谜鎏金气垫轻盈粉底BB遮瑕带替换芯12g*2【5天内发货】
品牌    ：海蓝之谜 → 海蓝之谜 | ✅
容量规格：set() → {'12', '2'} | ✅
色号    ：set() → set()
浓度    ： →  | ✅
简装    ： →  | ✅
套装    ：不含 → 不含 | ✅
清洗后  ：气垫1号 → 鎏金气垫轻盈粉底bb带替换芯
品名匹配：词袋(50.0%) | ✅
结果    ：✅ PASS | 原因：所有检查通过
============================================================

================================================================================
货品名称：Lamer海蓝之谜鎏金气垫轻盈粉底BB遮瑕带替换芯12g*2【5天内发货】
关键词：海蓝之谜气垫1号
原价：650.0 | 现价：650.0
百亿补贴：否 | 日期：2025-05-01
校验通过：✅ True
================================================================================
✅ 优先级 1 中已有商品通过校验，停止降级
📁 采集记录已保存，总行数：284
📋 校验记录已保存，总记录数：232
✅ 序号 105 已标记为已采集

⏸ 等待 1 秒后继续...
⏳ 等待下一个商品：[██████████████████████████████] 100% (1/1s)

🔍 搜索：赫莲娜 黑绷带50ml

===== 优先级 4，共 4 个商品 =====
--- 进入商品 1/4 ---
============================================================
搜索词 ：赫莲娜 黑绷带50ml
商品名 ：【赫莲娜】HR新黑绷带面霜小露珠精华保湿护肤品化妆品教师节中秋礼盒
品牌    ：赫莲娜 → 赫莲娜 | ✅
容量规格：{'50'} → set() | ❌
色号    ：set() → set()
浓度    ： →  | ✅
简装    ： →  | ✅
套装    ：不含 → 不含 | ✅
清洗后  ：黑绷带 → 新黑绷带面霜小露珠护肤品化妆品教师节中秋礼盒
品名匹配：词袋(100.0%) | ✅
结果    ：❌ FAIL | 原因：规格不匹配
============================================================
🔧 校验失败原因为规格不匹配，尝试进入规格面板匹配...

[DEBUG][get_sku_price_auto] 开始匹配，搜索词: '赫莲娜 黑绷带50ml'
[DEBUG][get_sku_identifiers] 提取标识: ['50ml']
[DEBUG][get_sku_price_auto] 当前已选规格不匹配，尝试点击规格...
[DEBUG] 容量 50ml 找到 1 个控件
[DEBUG] 点击唯一容量控件: 50ml
[DEBUG] 容量 50ml 匹配成功，价格: 4588
✅ 规格匹配成功，且品名已匹配，校验通过

================================================================================
货品名称：【赫莲娜】HR新黑绷带面霜小露珠精华保湿护肤品化妆品教师节中秋礼盒
关键词：赫莲娜 黑绷带50ml
原价：2390.0 | 现价：4588
匹配规格：已选: 小露珠100ml+黑绷带50ml 礼盒11件套 | 规格价格：4588
百亿补贴：是 | 日期：2025-05-21
校验通过：✅ True
================================================================================
--- 进入商品 2/4 ---
============================================================
搜索词 ：赫莲娜 黑绷带50ml
商品名 ：【赫莲娜】HR黑绷带面霜白绷带保湿抗皱护肤品套装教师节中秋限定礼盒
品牌    ：赫莲娜 → 赫莲娜 | ✅
容量规格：{'50'} → set() | ❌
色号    ：set() → set()
浓度    ： →  | ✅
简装    ： →  | ✅
套装    ：不含 → 含 | ❌
清洗后  ：黑绷带 → 黑绷带面霜白绷带抗皱护肤品套装教师节中秋限定礼盒
品名匹配：词袋(100.0%) | ✅
结果    ：❌ FAIL | 原因：规格不匹配；套装状态不一致
============================================================
🔧 校验失败原因为规格不匹配，尝试进入规格面板匹配...

[DEBUG][get_sku_price_auto] 开始匹配，搜索词: '赫莲娜 黑绷带50ml'
[DEBUG][get_sku_identifiers] 提取标识: ['50ml']
[DEBUG][get_sku_price_auto] 当前已选规格匹配，价格: 5998
⚠️ 规格匹配成功但套装不一致，校验不通过

================================================================================
货品名称：【赫莲娜】HR黑绷带面霜白绷带保湿抗皱护肤品套装教师节中秋限定礼盒
关键词：赫莲娜 黑绷带50ml
原价：4188.0 | 现价：5998
匹配规格：已选: 全新黑绷带50ml+白绷带50ml 套装十四件 赫莲娜情人节限定礼盒礼袋包装 | 规格价格：5998
百亿补贴：是 | 日期：2025-11-20
校验通过：❌ False
================================================================================
--- 进入商品 3/4 ---
============================================================
搜索词 ：赫莲娜 黑绷带50ml
商品名 ：【HR】赫莲娜黑绷带面霜50%玻色因溶液新版白绷带修护七夕情人节礼盒
品牌    ：赫莲娜 → 赫莲娜 | ✅
容量规格：{'50'} → set() | ❌
色号    ：set() → {'50'}
浓度    ： →  | ✅
简装    ： →  | ✅
套装    ：不含 → 不含 | ✅
清洗后  ：黑绷带 → 黑绷带面霜玻色因溶液新白绷带七夕情人节礼盒
品名匹配：词袋(100.0%) | ✅
结果    ：❌ FAIL | 原因：规格不匹配
============================================================
🔧 校验失败原因为规格不匹配，尝试进入规格面板匹配...

[DEBUG][get_sku_price_auto] 开始匹配，搜索词: '赫莲娜 黑绷带50ml'
[DEBUG][get_sku_identifiers] 提取标识: ['50ml']
[DEBUG][get_sku_price_auto] 当前已选规格匹配，价格: 4588
✅ 规格匹配成功，且品名已匹配，校验通过

================================================================================
货品名称：【HR】赫莲娜黑绷带面霜50%玻色因溶液新版白绷带修护七夕情人节礼盒
关键词：赫莲娜 黑绷带50ml
原价：5890.0 | 现价：4588
匹配规格：已选: 黑绷带50ml+白绷带50ml 套组6件装 赫莲娜礼盒礼袋包装 | 规格价格：4588
百亿补贴：是 | 日期：2025-02-12
校验通过：✅ True
================================================================================
--- 进入商品 4/4 ---
============================================================
搜索词 ：赫莲娜 黑绷带50ml
商品名 ：【HR】 赫莲娜黑绷带面霜眼霜抗皱七夕情人节礼物女补水保湿护肤礼盒
品牌    ：赫莲娜 → 赫莲娜 | ✅
容量规格：{'50'} → set() | ❌
色号    ：set() → set()
浓度    ： →  | ✅
简装    ： →  | ✅
套装    ：不含 → 不含 | ✅
清洗后  ：黑绷带 → 黑绷带面霜眼霜抗皱七夕情人节礼物女补水护肤礼盒
品名匹配：词袋(100.0%) | ✅
结果    ：❌ FAIL | 原因：规格不匹配
============================================================
🔧 校验失败原因为规格不匹配，尝试进入规格面板匹配...

[DEBUG][get_sku_price_auto] 开始匹配，搜索词: '赫莲娜 黑绷带50ml'
[DEBUG][get_sku_identifiers] 提取标识: ['50ml']
[DEBUG][get_sku_price_auto] 当前已选规格匹配，价格: 4455
✅ 规格匹配成功，且品名已匹配，校验通过

================================================================================
货品名称：【HR】 赫莲娜黑绷带面霜眼霜抗皱七夕情人节礼物女补水保湿护肤礼盒
关键词：赫莲娜 黑绷带50ml
原价：6580.0 | 现价：4455
匹配规格：已选: 黑绷带50ml+黑绷带眼霜15ml 套组13件 赫莲娜礼盒礼袋包装 | 规格价格：4455
百亿补贴：是 | 日期：2025-07-07
校验通过：✅ True
================================================================================
✅ 优先级 4 中已有商品通过校验，停止降级
📁 采集记录已保存，总行数：292
📋 校验记录已保存，总记录数：236
✅ 序号 106 已标记为已采集

⏸ 等待 1 秒后继续...
⏳ 等待下一个商品：[██████████████████████████████] 100% (1/1s)

🔍 搜索：赫莲娜黑绷带100ml

===== 优先级 4，共 4 个商品 =====
--- 进入商品 1/4 ---
============================================================
搜索词 ：赫莲娜黑绷带100ml
商品名 ：【HR】赫莲娜黑绷带玻色因溶液面霜眼霜抗皱紧致生日情人节七夕礼盒装
品牌    ：赫莲娜 → 赫莲娜 | ✅
容量规格：{'100'} → set() | ❌
色号    ：set() → set()
浓度    ： →  | ✅
简装    ： →  | ✅
套装    ：不含 → 不含 | ✅
清洗后  ：黑绷带 → 黑绷带玻色因溶液面霜眼霜抗皱紧致生日情人节七夕礼盒装
品名匹配：词袋(100.0%) | ✅
结果    ：❌ FAIL | 原因：规格不匹配
============================================================
🔧 校验失败原因为规格不匹配，尝试进入规格面板匹配...

[DEBUG][get_sku_price_auto] 开始匹配，搜索词: '赫莲娜黑绷带100ml'
[DEBUG][get_sku_identifiers] 提取标识: ['100ml']
[DEBUG][get_sku_price_auto] 当前已选规格匹配，价格: 7688
✅ 规格匹配成功，且品名已匹配，校验通过

================================================================================
货品名称：【HR】赫莲娜黑绷带玻色因溶液面霜眼霜抗皱紧致生日情人节七夕礼盒装
关键词：赫莲娜黑绷带100ml
原价：9850.0 | 现价：7688
匹配规格：已选: 新黑绷带100ml+黑绷带眼霜15ml  到手20件 赫莲娜礼盒礼袋包装 | 规格价格：7688
百亿补贴：是 | 日期：2025-07-07
校验通过：✅ True
================================================================================
--- 进入商品 2/4 ---
============================================================
搜索词 ：赫莲娜黑绷带100ml
商品名 ：【HR】赫莲娜活颜至浓修护晚霜50PX 100ml 黑绷带面霜50%高浓度玻色因
品牌    ：赫莲娜 → 赫莲娜 | ✅
容量规格：{'100'} → {'100'} | ✅
色号    ：set() → {'50'}
浓度    ： →  | ✅
简装    ： →  | ✅
套装    ：不含 → 不含 | ✅
清洗后  ：黑绷带 → 活颜至浓晚霜px黑绷带面霜高浓度玻色因
品名匹配：词袋(100.0%) | ✅
结果    ：✅ PASS | 原因：所有检查通过
============================================================

================================================================================
货品名称：【HR】赫莲娜活颜至浓修护晚霜50PX 100ml 黑绷带面霜50%高浓度玻色因
关键词：赫莲娜黑绷带100ml
原价：3599.0 | 现价：3599.0
百亿补贴：是 | 日期：2026-01-01
校验通过：✅ True
================================================================================
--- 进入商品 3/4 ---
============================================================
搜索词 ：赫莲娜黑绷带100ml
商品名 ：【赫莲娜】HR黑绷带面霜抗皱紧致保湿护肤品化妆品礼盒情人节七夕礼物
品牌    ：赫莲娜 → 赫莲娜 | ✅
容量规格：{'100'} → set() | ❌
色号    ：set() → set()
浓度    ： →  | ✅
简装    ： →  | ✅
套装    ：不含 → 不含 | ✅
清洗后  ：黑绷带 → 黑绷带面霜抗皱紧致护肤品化妆品礼盒情人节七夕礼物
品名匹配：词袋(100.0%) | ✅
结果    ：❌ FAIL | 原因：规格不匹配
============================================================
🔧 校验失败原因为规格不匹配，尝试进入规格面板匹配...

[DEBUG][get_sku_price_auto] 开始匹配，搜索词: '赫莲娜黑绷带100ml'
[DEBUG][get_sku_identifiers] 提取标识: ['100ml']
[DEBUG][get_sku_price_auto] 当前已选规格不匹配，尝试点击规格...
[DEBUG] 容量 100ml 找到 1 个控件
[DEBUG] 点击唯一容量控件: 100ml
[DEBUG] 容量 100ml 匹配成功，价格: 5688
✅ 规格匹配成功，且品名已匹配，校验通过

================================================================================
货品名称：【赫莲娜】HR黑绷带面霜抗皱紧致保湿护肤品化妆品礼盒情人节七夕礼物
关键词：赫莲娜黑绷带100ml
原价：4088.0 | 现价：5688
匹配规格：已选: 新版黑绷带面霜100ml 礼盒10件套 | 规格价格：5688
百亿补贴：是 | 日期：2025-03-05
校验通过：✅ True
================================================================================
--- 进入商品 4/4 ---
============================================================
搜索词 ：赫莲娜黑绷带100ml
商品名 ：【赫莲娜】HR新黑绷带面霜小露珠精华水护肤化妆品发女友中秋限定礼盒
品牌    ：赫莲娜 → 赫莲娜 | ✅
容量规格：{'100'} → set() | ❌
色号    ：set() → set()
浓度    ： →  | ✅
简装    ： →  | ✅
套装    ：不含 → 不含 | ✅
清洗后  ：黑绷带 → 新黑绷带面霜小露珠水护肤化妆品发女友中秋限定礼盒
品名匹配：词袋(100.0%) | ✅
结果    ：❌ FAIL | 原因：规格不匹配
============================================================
🔧 校验失败原因为规格不匹配，尝试进入规格面板匹配...

[DEBUG][get_sku_price_auto] 开始匹配，搜索词: '赫莲娜黑绷带100ml'
[DEBUG][get_sku_identifiers] 提取标识: ['100ml']
[DEBUG][get_sku_price_auto] 当前已选规格匹配，价格: 2188
✅ 规格匹配成功，且品名已匹配，校验通过

================================================================================
货品名称：【赫莲娜】HR新黑绷带面霜小露珠精华水护肤化妆品发女友中秋限定礼盒
关键词：赫莲娜黑绷带100ml
原价：2580.0 | 现价：2188
匹配规格：已选: 新黑绷带面霜15ml+小露珠饱满水100ml 套组六件 | 规格价格：2188
百亿补贴：是 | 日期：2025-10-06
校验通过：✅ True
================================================================================
✅ 优先级 4 中已有商品通过校验，停止降级
📁 采集记录已保存，总行数：300
📋 校验记录已保存，总记录数：240
✅ 序号 107 已标记为已采集

⏸ 等待 1 秒后继续...
⏳ 等待下一个商品：[██████████████████████████████] 100% (1/1s)

🔍 搜索：赫莲娜黑绷带活颜修护舒缓晚霜115ML

===== 优先级 4，共 3 个商品 =====
--- 进入商品 1/3 ---
============================================================
搜索词 ：赫莲娜黑绷带活颜修护舒缓晚霜115ML
商品名 ：【赫莲娜】HR新黑绷带面晚霜抗皱紧致保湿护肤化妆品礼盒情人节七夕礼
品牌    ：赫莲娜 → 赫莲娜 | ✅
容量规格：{'115'} → set() | ❌
色号    ：set() → set()
浓度    ： →  | ✅
简装    ： →  | ✅
套装    ：不含 → 不含 | ✅
清洗后  ：黑绷带活颜舒缓晚霜 → 新黑绷带面晚霜抗皱紧致护肤化妆品礼盒情人节七夕礼
品名匹配：词袋(37.5%) | ✅
结果    ：❌ FAIL | 原因：规格不匹配
============================================================
🔧 校验失败原因为规格不匹配，尝试进入规格面板匹配...

[DEBUG][get_sku_price_auto] 开始匹配，搜索词: '赫莲娜黑绷带活颜修护舒缓晚霜115ML'
[DEBUG][get_sku_identifiers] 提取标识: ['115ml']
[DEBUG][get_sku_price_auto] 当前已选规格不匹配，尝试点击规格...
[DEBUG][get_sku_price_auto] 所有标识尝试完毕，仍无价格
⚠️ 规格匹配未获取到有效价格，已记录为匹配失败，校验结果强制为不通过

================================================================================
货品名称：【赫莲娜】HR新黑绷带面晚霜抗皱紧致保湿护肤化妆品礼盒情人节七夕礼
关键词：赫莲娜黑绷带活颜修护舒缓晚霜115ML
原价：4550.0 | 现价：4550.0
匹配规格：匹配失败 | 规格价格：
百亿补贴：是 | 日期：2025-07-07
校验通过：❌ False
================================================================================
--- 进入商品 2/3 ---
============================================================
搜索词 ：赫莲娜黑绷带活颜修护舒缓晚霜115ML
商品名 ：【HR】赫莲娜活颜修复舒缓晚霜 50ml 抗老玻色因黑绷带面霜
品牌    ：赫莲娜 → 赫莲娜 | ✅
容量规格：{'115'} → {'50'} | ❌
色号    ：set() → set()
浓度    ： →  | ✅
简装    ： →  | ✅
套装    ：不含 → 不含 | ✅
清洗后  ：黑绷带活颜舒缓晚霜 → 活颜修复舒缓晚霜抗老玻色因黑绷带面霜
品名匹配：词袋(75.0%) | ✅
结果    ：❌ FAIL | 原因：规格不匹配
============================================================
🔧 校验失败原因为规格不匹配，尝试进入规格面板匹配...

[DEBUG][get_sku_price_auto] 开始匹配，搜索词: '赫莲娜黑绷带活颜修护舒缓晚霜115ML'
[DEBUG][get_sku_identifiers] 提取标识: ['115ml']
[DEBUG][get_sku_price_auto] 当前已选规格不匹配，尝试点击规格...
[DEBUG][get_sku_price_auto] 所有标识尝试完毕，仍无价格
⚠️ 规格匹配未获取到有效价格，已记录为匹配失败，校验结果强制为不通过

================================================================================
货品名称：【HR】赫莲娜活颜修复舒缓晚霜 50ml 抗老玻色因黑绷带面霜
关键词：赫莲娜黑绷带活颜修护舒缓晚霜115ML
原价：1999.0 | 现价：1575.0
匹配规格：匹配失败 | 规格价格：
百亿补贴：是 | 日期：2025-01-01
校验通过：❌ False
================================================================================
--- 进入商品 3/3 ---
============================================================
搜索词 ：赫莲娜黑绷带活颜修护舒缓晚霜115ML
商品名 ：【赫莲娜】HR黑绷带面霜白绷带小露珠肤品化妆品教师节中秋限定礼盒
品牌    ：赫莲娜 → 赫莲娜 | ✅
容量规格：{'115'} → set() | ❌
色号    ：set() → set()
浓度    ： →  | ✅
简装    ： →  | ✅
套装    ：不含 → 不含 | ✅
清洗后  ：黑绷带活颜舒缓晚霜 → 黑绷带面霜白绷带小露珠肤品化妆品教师节中秋限定礼盒
品名匹配：LCS子序列(44.4%) | ✅
结果    ：❌ FAIL | 原因：规格不匹配
============================================================
🔧 校验失败原因为规格不匹配，尝试进入规格面板匹配...

[DEBUG][get_sku_price_auto] 开始匹配，搜索词: '赫莲娜黑绷带活颜修护舒缓晚霜115ML'
[DEBUG][get_sku_identifiers] 提取标识: ['115ml']
[DEBUG][get_sku_price_auto] 当前已选规格不匹配，尝试点击规格...
[DEBUG][get_sku_price_auto] 所有标识尝试完毕，仍无价格
⚠️ 规格匹配未获取到有效价格，已记录为匹配失败，校验结果强制为不通过

================================================================================
货品名称：【赫莲娜】HR黑绷带面霜白绷带小露珠肤品化妆品教师节中秋限定礼盒
关键词：赫莲娜黑绷带活颜修护舒缓晚霜115ML
原价：4999.0 | 现价：4999.0
匹配规格：匹配失败 | 规格价格：
百亿补贴：是 | 日期：2025-11-20
校验通过：❌ False
================================================================================
⚠️ 优先级 4 全部未通过，尝试下一优先级
🔽 降级到全球购，返回顶部并重新识别（不自动下滑）

===== 优先级 1，共 1 个商品 =====
--- 进入商品 1/1 ---
============================================================
搜索词 ：赫莲娜黑绷带活颜修护舒缓晚霜115ML
商品名 ：【正品】HR赫莲娜 活颜修护舒缓晚霜面霜「黑绷带」新款【5天内发货】
品牌    ：赫莲娜 → 赫莲娜 | ✅
容量规格：{'115'} → set() | ❌
色号    ：set() → set()
浓度    ： →  | ✅
简装    ： →  | ✅
套装    ：不含 → 不含 | ✅
清洗后  ：黑绷带活颜舒缓晚霜 → 活颜舒缓晚霜面霜黑绷带
品名匹配：词袋(87.5%) | ✅
结果    ：❌ FAIL | 原因：规格不匹配
============================================================
🔧 校验失败原因为规格不匹配，尝试进入规格面板匹配...

[DEBUG][get_sku_price_auto] 开始匹配，搜索词: '赫莲娜黑绷带活颜修护舒缓晚霜115ML'
[DEBUG][get_sku_identifiers] 提取标识: ['115ml']
[DEBUG][get_sku_price_auto] 当前已选规格不匹配，尝试点击规格...
[DEBUG][get_sku_price_auto] 所有标识尝试完毕，仍无价格
⚠️ 规格匹配未获取到有效价格，已记录为匹配失败，校验结果强制为不通过

================================================================================
货品名称：【正品】HR赫莲娜 活颜修护舒缓晚霜面霜「黑绷带」新款【5天内发货】
关键词：赫莲娜黑绷带活颜修护舒缓晚霜115ML
原价：None | 现价：None
匹配规格：匹配失败 | 规格价格：
百亿补贴：否 | 日期：
校验通过：❌ False
================================================================================
⚠️ 优先级 1 全部未通过，尝试下一优先级
📁 采集记录已保存，总行数：308
📋 校验记录已保存，总记录数：244
✅ 序号 108 已标记为已采集

⏸ 等待 1 秒后继续...
⏳ 等待下一个商品：[██████████████████████████████] 100% (1/1s)

🔍 搜索：赫莲娜活颜修护眼霜 15ml

===== 优先级 2，共 1 个商品 =====
--- 进入商品 1/1 ---
============================================================
搜索词 ：赫莲娜活颜修护眼霜 15ml
商品名 ：川崎品牌官方正品，100%保障
品牌    ：赫莲娜 → 未匹配 | ❌
容量规格：{'15'} → set() | ❌
色号    ：set() → {'100'}
浓度    ： →  | ✅
简装    ： →  | ✅
套装    ：不含 → 不含 | ✅
清洗后  ：活颜眼霜 → 川崎品牌官方保障
品名匹配：LCS子序列(0.0%) | ❌
结果    ：❌ FAIL | 原因：品牌不一致；规格不匹配；品名相似不足(ratio=0.0%)
============================================================
🔧 校验失败原因为规格不匹配，尝试进入规格面板匹配...

[DEBUG][get_sku_price_auto] 开始匹配，搜索词: '赫莲娜活颜修护眼霜 15ml'
[DEBUG][get_sku_identifiers] 提取标识: ['15ml']
[DEBUG][get_sku_price_auto] 当前已选规格不匹配，尝试点击规格...
[DEBUG][get_sku_price_auto] 所有标识尝试完毕，仍无价格
⚠️ 规格匹配未获取到有效价格，已记录为匹配失败，校验结果强制为不通过

================================================================================
货品名称：川崎品牌官方正品，100%保障
关键词：赫莲娜活颜修护眼霜 15ml
原价：None | 现价：None
匹配规格：匹配失败 | 规格价格：
百亿补贴：否 | 日期：
校验通过：❌ False
================================================================================
⚠️ 优先级 2 全部未通过，尝试下一优先级
🔽 降级到全球购，返回顶部并重新识别（不自动下滑）

===== 优先级 1，共 3 个商品 =====
--- 进入商品 1/3 ---
============================================================
搜索词 ：赫莲娜活颜修护眼霜 15ml
商品名 ：【原装正品】HR赫莲娜黑绷带活颜修护眼霜 15ml 抗皱提拉淡细纹【5天内发货】
品牌    ：赫莲娜 → 赫莲娜 | ✅
容量规格：{'15'} → {'15'} | ✅
色号    ：set() → set()
浓度    ： →  | ✅
简装    ： →  | ✅
套装    ：不含 → 不含 | ✅
清洗后  ：活颜眼霜 → 黑绷带活颜眼霜抗皱提拉淡细纹
品名匹配：词袋(100.0%) | ✅
结果    ：✅ PASS | 原因：所有检查通过
============================================================

================================================================================
货品名称：【原装正品】HR赫莲娜黑绷带活颜修护眼霜 15ml 抗皱提拉淡细纹【5天内发货】
关键词：赫莲娜活颜修护眼霜 15ml
原价：None | 现价：None
百亿补贴：否 | 日期：
校验通过：✅ True
================================================================================
--- 进入商品 2/3 ---
============================================================
搜索词 ：赫莲娜活颜修护眼霜 15ml
商品名 ：HR/赫莲娜活颜修护眼霜15ml黑绷带眼霜滋润保湿抗衰紧致【5天内发货】
品牌    ：赫莲娜 → 赫莲娜 | ✅
容量规格：{'15'} → {'15'} | ✅
色号    ：set() → set()
浓度    ： →  | ✅
简装    ： →  | ✅
套装    ：不含 → 不含 | ✅
清洗后  ：活颜眼霜 → 活颜眼霜黑绷带眼霜抗衰紧致
品名匹配：词袋(100.0%) | ✅
结果    ：✅ PASS | 原因：所有检查通过
============================================================

================================================================================
货品名称：HR/赫莲娜活颜修护眼霜15ml黑绷带眼霜滋润保湿抗衰紧致【5天内发货】
关键词：赫莲娜活颜修护眼霜 15ml
原价：1200.0 | 现价：1200.0
百亿补贴：否 | 日期：2024-08-31
校验通过：✅ True
================================================================================
--- 进入商品 3/3 ---
============================================================
搜索词 ：赫莲娜活颜修护眼霜 15ml
商品名 ：【原装正品】HR赫莲娜黑绷带活颜修护眼霜 15ml 抗皱提拉淡细纹【5天内发货】
品牌    ：赫莲娜 → 赫莲娜 | ✅
容量规格：{'15'} → {'15'} | ✅
色号    ：set() → set()
浓度    ： →  | ✅
简装    ： →  | ✅
套装    ：不含 → 不含 | ✅
清洗后  ：活颜眼霜 → 黑绷带活颜眼霜抗皱提拉淡细纹
品名匹配：词袋(100.0%) | ✅
结果    ：✅ PASS | 原因：所有检查通过
============================================================

================================================================================
货品名称：【原装正品】HR赫莲娜黑绷带活颜修护眼霜 15ml 抗皱提拉淡细纹【5天内发货】
关键词：赫莲娜活颜修护眼霜 15ml
原价：970.0 | 现价：970.0
百亿补贴：否 | 日期：2024-06-01
校验通过：✅ True
================================================================================
✅ 优先级 1 中已有商品通过校验，停止降级
📁 采集记录已保存，总行数：315
📋 校验记录已保存，总记录数：248
✅ 序号 109 已标记为已采集

⏸ 等待 1 秒后继续...
⏳ 等待下一个商品：[██████████████████████████████] 100% (1/1s)

🔍 搜索：赫莲娜绿宝瓶精华 按压款100ml

===== 优先级 4，共 1 个商品 =====
--- 进入商品 1/1 ---
============================================================
搜索词 ：赫莲娜绿宝瓶精华 按压款100ml
商品名 ：HR/赫莲娜绿宝瓶精华液100ml深层补水强韧肌底悦活保湿修护 无盒【5天内发货】
品牌    ：赫莲娜 → 赫莲娜 | ✅
容量规格：{'100'} → {'100'} | ✅
色号    ：{'绿色'} → {'绿色'}
浓度    ： →  | ✅
简装    ： →  | ✅
套装    ：不含 → 不含 | ✅
清洗后  ：绿宝瓶按压 → 绿宝瓶液深层补水强韧肌底悦活无盒
品名匹配：词袋(50.0%) | ✅
结果    ：✅ PASS | 原因：所有检查通过
============================================================

================================================================================
货品名称：HR/赫莲娜绿宝瓶精华液100ml深层补水强韧肌底悦活保湿修护 无盒【5天内发货】
关键词：赫莲娜绿宝瓶精华 按压款100ml
原价：1290.0 | 现价：779.0
百亿补贴：否 | 日期：
校验通过：✅ True
================================================================================
✅ 优先级 4 中已有商品通过校验，停止降级
📁 采集记录已保存，总行数：318
📋 校验记录已保存，总记录数：249
✅ 序号 110 已标记为已采集

⏸ 等待 1 秒后继续...
⏳ 等待下一个商品：[██████████████████████████████] 100% (1/1s)

🔍 搜索：赫莲娜小露珠精粹露200ml新款

===== 优先级 4，共 2 个商品 =====
--- 进入商品 1/2 ---
============================================================
搜索词 ：赫莲娜小露珠精粹露200ml新款
商品名 ：【赫莲娜】小露珠至美流光恒采精粹露200ML*2瓶美白保湿抗衰老礼物
品牌    ：赫莲娜 → 赫莲娜 | ✅
容量规格：{'200'} → {'200', '2'} | ✅
色号    ：set() → set()
浓度    ： →  | ✅
简装    ： →  | ✅
套装    ：不含 → 不含 | ✅
清洗后  ：小露珠精粹露新 → 小露珠至美流光恒采精粹露美白抗衰老礼物
品名匹配：词袋(66.7%) | ✅
结果    ：✅ PASS | 原因：所有检查通过
============================================================
🔧 标题包含多规格 (容量:{'200', '2'}, 色号:set())，尝试进入规格面板匹配...

[DEBUG][get_sku_price_auto] 开始匹配，搜索词: '赫莲娜小露珠精粹露200ml新款'
[DEBUG][get_sku_identifiers] 提取标识: ['200ml']
[DEBUG][get_sku_price_auto] 当前已选规格匹配，价格: 1474
✅ 规格匹配成功，且品名已匹配，校验通过

================================================================================
货品名称：【赫莲娜】小露珠至美流光恒采精粹露200ML*2瓶美白保湿抗衰老礼物
关键词：赫莲娜小露珠精粹露200ml新款
原价：1899.0 | 现价：1474
匹配规格：已选: 200mL 赫莲娜小露珠*2 | 规格价格：1474
百亿补贴：是 | 日期：2024-10-01
校验通过：✅ True
================================================================================
--- 进入商品 2/2 ---
============================================================
搜索词 ：赫莲娜小露珠精粹露200ml新款
商品名 ：【国内专柜】赫莲娜小露珠精萃露 200ml补水保湿
品牌    ：赫莲娜 → 赫莲娜 | ✅
容量规格：{'200'} → {'200'} | ✅
色号    ：set() → set()
浓度    ： →  | ✅
简装    ： →  | ✅
套装    ：不含 → 不含 | ✅
清洗后  ：小露珠精粹露新 → 小露珠精萃露补水
品名匹配：词袋(50.0%) | ✅
结果    ：✅ PASS | 原因：所有检查通过
============================================================

================================================================================
货品名称：【国内专柜】赫莲娜小露珠精萃露 200ml补水保湿
关键词：赫莲娜小露珠精粹露200ml新款
原价：998.0 | 现价：998.0
百亿补贴：是 | 日期：2024-12-01
校验通过：✅ True
================================================================================
✅ 优先级 4 中已有商品通过校验，停止降级
📁 采集记录已保存，总行数：321
📋 校验记录已保存，总记录数：251
✅ 序号 111 已标记为已采集

⏸ 等待 1 秒后继续...
⏳ 等待下一个商品：[██████████████████████████████] 100% (1/1s)

🔍 搜索：后拱辰享气韵生水150ml

===== 优先级 4，共 2 个商品 =====
--- 进入商品 1/2 ---
============================================================
搜索词 ：后拱辰享气韵生水150ml
商品名 ：【百补品牌热销191.6万件】韩国原装whoo后拱辰享气韵生水单品补水保湿祛黄抗皱水油平衡护肤
品牌    ：后 → 后 | ✅
容量规格：{'150'} → set() | ❌
色号    ：set() → set()
浓度    ： →  | ✅
简装    ： →  | ✅
套装    ：不含 → 不含 | ✅
清洗后  ：拱辰享气韵生水 → 韩国拱辰享气韵生水单品补水祛黄抗皱水油平衡护肤
品名匹配：词袋(100.0%) | ✅
结果    ：❌ FAIL | 原因：规格不匹配
============================================================
🔧 校验失败原因为规格不匹配，尝试进入规格面板匹配...

[DEBUG][get_sku_price_auto] 开始匹配，搜索词: '后拱辰享气韵生水150ml'
[DEBUG][get_sku_identifiers] 提取标识: ['150ml']
[DEBUG][get_sku_price_auto] 当前已选规格匹配，价格: 76.9
✅ 规格匹配成功，且品名已匹配，校验通过

================================================================================
货品名称：【百补品牌热销191.6万件】韩国原装whoo后拱辰享气韵生水单品补水保湿祛黄抗皱水油平衡护肤
关键词：后拱辰享气韵生水150ml
原价：76.0 | 现价：76.9
匹配规格：已选: 拱辰享水150ml | 规格价格：76.9
百亿补贴：是 | 日期：2025-06-13
校验通过：✅ True
================================================================================
--- 进入商品 2/2 ---
============================================================
搜索词 ：后拱辰享气韵生水150ml
商品名 ：【累计热销283.5万+件】韩国the whoo后拱辰享气韵生爽肤水150ml补水保湿水油平衡滋润
品牌    ：后 → 后 | ✅
容量规格：{'150'} → {'150'} | ✅
色号    ：set() → set()
浓度    ： →  | ✅
简装    ： →  | ✅
套装    ：不含 → 不含 | ✅
清洗后  ：拱辰享气韵生水 → 韩国the拱辰享气韵生爽肤水补水水油平衡
品名匹配：词袋(83.3%) | ✅
结果    ：✅ PASS | 原因：所有检查通过
============================================================

================================================================================
货品名称：【累计热销283.5万+件】韩国the whoo后拱辰享气韵生爽肤水150ml补水保湿水油平衡滋润
关键词：后拱辰享气韵生水150ml
原价：83.91 | 现价：83.91
百亿补贴：是 | 日期：2026-03-10
校验通过：✅ True
================================================================================
✅ 优先级 4 中已有商品通过校验，停止降级
📁 采集记录已保存，总行数：325
📋 校验记录已保存，总记录数：253
✅ 序号 112 已标记为已采集

⏸ 等待 1 秒后继续...
⏳ 等待下一个商品：[██████████████████████████████] 100% (1/1s)

🔍 搜索：后拱辰享水妍洁面180ml

===== 优先级 2，共 3 个商品 =====
--- 进入商品 1/3 ---
============================================================
搜索词 ：后拱辰享水妍洁面180ml
商品名 ：【42万人回购该品牌】韩国后拱辰享水妍洗面奶清爽泡沫洁面180ml装深层清洁正品
品牌    ：后 → 后 | ✅
容量规格：{'180'} → {'180'} | ✅
色号    ：set() → set()
浓度    ： →  | ✅
简装    ： →  | ✅
套装    ：不含 → 不含 | ✅
清洗后  ：拱辰享水妍洁面 → 韩国拱辰享水妍洗面奶泡沫洁面装深层清洁
品名匹配：词袋(83.3%) | ✅
结果    ：✅ PASS | 原因：所有检查通过
============================================================

================================================================================
货品名称：【42万人回购该品牌】韩国后拱辰享水妍洗面奶清爽泡沫洁面180ml装深层清洁正品
关键词：后拱辰享水妍洁面180ml
原价：79.0 | 现价：79.0
百亿补贴：否 | 日期：2025-12-24
校验通过：✅ True
================================================================================
--- 进入商品 2/3 ---
============================================================
搜索词 ：后拱辰享水妍洁面180ml
商品名 ：【品牌好评227.5万+条】韩国后拱辰享水妍洗面奶180ml清爽水润镇定细腻温和清洁
品牌    ：后 → 后 | ✅
容量规格：{'180'} → {'180'} | ✅
色号    ：set() → set()
浓度    ： →  | ✅
简装    ： →  | ✅
套装    ：不含 → 不含 | ✅
清洗后  ：拱辰享水妍洁面 → 韩国拱辰享水妍洗面奶水润镇定细腻清洁
品名匹配：词袋(83.3%) | ✅
结果    ：✅ PASS | 原因：所有检查通过
============================================================

================================================================================
货品名称：【品牌好评227.5万+条】韩国后拱辰享水妍洗面奶180ml清爽水润镇定细腻温和清洁
关键词：后拱辰享水妍洁面180ml
原价：64.07 | 现价：64.07
百亿补贴：否 | 日期：2025-10-29
校验通过：✅ True
================================================================================
--- 进入商品 3/3 ---
============================================================
搜索词 ：后拱辰享水妍洁面180ml
商品名 ：【后】拱辰享水妍洗面奶180ml清爽水润镇定细腻温和清洁
品牌    ：后 → 后 | ✅
容量规格：{'180'} → {'180'} | ✅
色号    ：set() → set()
浓度    ： →  | ✅
简装    ： →  | ✅
套装    ：不含 → 不含 | ✅
清洗后  ：拱辰享水妍洁面 → 拱辰享水妍洗面奶水润镇定细腻清洁
品名匹配：词袋(83.3%) | ✅
结果    ：✅ PASS | 原因：所有检查通过
============================================================

================================================================================
货品名称：【后】拱辰享水妍洗面奶180ml清爽水润镇定细腻温和清洁
关键词：后拱辰享水妍洁面180ml
原价：63.3 | 现价：63.3
百亿补贴：否 | 日期：2025-10-29
校验通过：✅ True
================================================================================
✅ 优先级 2 中已有商品通过校验，停止降级
📁 采集记录已保存，总行数：330
📋 校验记录已保存，总记录数：256
✅ 序号 113 已标记为已采集

⏸ 等待 1 秒后继续...
⏳ 等待下一个商品：[██████████████████████████████] 100% (1/1s)

🔍 搜索：后拱辰享水沄赋活保湿水150ml

===== 优先级 4，共 1 个商品 =====
--- 进入商品 1/1 ---
============================================================
搜索词 ：后拱辰享水沄赋活保湿水150ml
商品名 ：【42万人回购该品牌】韩国THEWHOO后拱辰享水沄水妍水单品爽肤水150ml补水保湿清爽
品牌    ：后 → 后 | ✅
容量规格：{'150'} → {'150'} | ✅
色号    ：set() → set()
浓度    ： →  | ✅
简装    ： →  | ✅
套装    ：不含 → 不含 | ✅
清洗后  ：拱辰享水沄赋活水 → 韩国the拱辰享水沄水妍水单品爽肤水补水
品名匹配：词袋(57.1%) | ✅
结果    ：✅ PASS | 原因：所有检查通过
============================================================

================================================================================
货品名称：【42万人回购该品牌】韩国THEWHOO后拱辰享水沄水妍水单品爽肤水150ml补水保湿清爽
关键词：后拱辰享水沄赋活保湿水150ml
原价：70.0 | 现价：70.0
百亿补贴：是 | 日期：2025-06-12
校验通过：✅ True
================================================================================
✅ 优先级 4 中已有商品通过校验，停止降级
📁 采集记录已保存，总行数：334
📋 校验记录已保存，总记录数：257
✅ 序号 114 已标记为已采集

⏸ 等待 1 秒后继续...
⏳ 等待下一个商品：[██████████████████████████████] 100% (1/1s)

🔍 搜索：后拱辰享雪美白水150ml

===== 优先级 2，共 3 个商品 =====
--- 进入商品 1/3 ---
============================================================
搜索词 ：后拱辰享雪美白水150ml
商品名 ：【42万人回购该品牌】韩国正品whoo后拱辰享雪玉凝雪美白爽肤水单品补水淡斑焕白透亮
品牌    ：后 → 后 | ✅
容量规格：{'150'} → set() | ❌
色号    ：set() → set()
浓度    ： →  | ✅
简装    ： →  | ✅
套装    ：不含 → 不含 | ✅
清洗后  ：拱辰享雪美白水 → 韩国拱辰享雪玉凝雪美白爽肤水单品补水淡斑焕白透亮
品名匹配：词袋(83.3%) | ✅
结果    ：❌ FAIL | 原因：规格不匹配
============================================================
🔧 校验失败原因为规格不匹配，尝试进入规格面板匹配...

[DEBUG][get_sku_price_auto] 开始匹配，搜索词: '后拱辰享雪美白水150ml'
[DEBUG][get_sku_identifiers] 提取标识: ['150ml']
[DEBUG][get_sku_price_auto] 当前已选规格匹配，价格: 105.6
✅ 规格匹配成功，且品名已匹配，校验通过

================================================================================
货品名称：【42万人回购该品牌】韩国正品whoo后拱辰享雪玉凝雪美白爽肤水单品补水淡斑焕白透亮
关键词：后拱辰享雪美白水150ml
原价：199.0 | 现价：105.6
匹配规格：已选: 后雪美白爽肤水150ml | 规格价格：105.6
百亿补贴：否 | 日期：2025-11-10
校验通过：✅ True
================================================================================
--- 进入商品 2/3 ---
============================================================
搜索词 ：后拱辰享雪美白水150ml
商品名 ：【累计热销283.5万+件】韩国Whoo后拱辰享雪玉凝美白爽肤水150ml提亮保湿清爽控油护肤水
品牌    ：后 → 后 | ✅
容量规格：{'150'} → {'150'} | ✅
色号    ：set() → set()
浓度    ： →  | ✅
简装    ： →  | ✅
套装    ：不含 → 不含 | ✅
清洗后  ：拱辰享雪美白水 → 韩国拱辰享雪玉凝美白爽肤水提亮护肤水
品名匹配：词袋(66.7%) | ✅
结果    ：✅ PASS | 原因：所有检查通过
============================================================

================================================================================
货品名称：【累计热销283.5万+件】韩国Whoo后拱辰享雪玉凝美白爽肤水150ml提亮保湿清爽控油护肤水
关键词：后拱辰享雪美白水150ml
原价：98.0 | 现价：98.0
百亿补贴：否 | 日期：2026-03-13
校验通过：✅ True
================================================================================
--- 进入商品 3/3 ---
============================================================
搜索词 ：后拱辰享雪美白水150ml
商品名 ：【累计热销283.5万+件】韩国Whoo后拱辰享雪玉凝爽肤水150ml美白补水淡斑提亮祛黄正品
品牌    ：后 → 后 | ✅
容量规格：{'150'} → {'150'} | ✅
色号    ：set() → set()
浓度    ： →  | ✅
简装    ： →  | ✅
套装    ：不含 → 不含 | ✅
清洗后  ：拱辰享雪美白水 → 韩国拱辰享雪玉凝爽肤水美白补水淡斑提亮祛黄
品名匹配：词袋(66.7%) | ✅
结果    ：✅ PASS | 原因：所有检查通过
============================================================

================================================================================
货品名称：【累计热销283.5万+件】韩国Whoo后拱辰享雪玉凝爽肤水150ml美白补水淡斑提亮祛黄正品
关键词：后拱辰享雪美白水150ml
原价：119.0 | 现价：103.0
百亿补贴：否 | 日期：2025-05-07
校验通过：✅ True
================================================================================
✅ 优先级 2 中已有商品通过校验，停止降级
📁 采集记录已保存，总行数：338
📋 校验记录已保存，总记录数：260
✅ 序号 115 已标记为已采集

⏸ 等待 1 秒后继续...
⏳ 等待下一个商品：[██████████████████████████████] 100% (1/1s)

🔍 搜索：后津率享洁面180ml

===== 优先级 4，共 3 个商品 =====
--- 进入商品 1/3 ---
============================================================
搜索词 ：后津率享洁面180ml
商品名 ：【累计热销283.5万+件】韩国Whoo后津率享洗面奶180ml洁面温和深层洁净保湿水润
品牌    ：后 → 后 | ✅
容量规格：{'180'} → {'180'} | ✅
色号    ：set() → set()
浓度    ： →  | ✅
简装    ： →  | ✅
套装    ：不含 → 不含 | ✅
清洗后  ：津率享洁面 → 韩国津率享洗面奶洁面深层洁净水润
品名匹配：词袋(75.0%) | ✅
结果    ：✅ PASS | 原因：所有检查通过
============================================================

================================================================================
货品名称：【累计热销283.5万+件】韩国Whoo后津率享洗面奶180ml洁面温和深层洁净保湿水润
关键词：后津率享洁面180ml
原价：62.9 | 现价：62.9
百亿补贴：是 | 日期：2026-01-16
校验通过：✅ True
================================================================================
--- 进入商品 2/3 ---
============================================================
搜索词 ：后津率享洁面180ml
商品名 ：【百补品牌热销191.6万件】韩国原装THEWHOO后津率享洁面后洗面奶180ml深层清洁毛孔温和抗皱
品牌    ：后 → 后 | ✅
容量规格：{'180'} → {'180'} | ✅
色号    ：set() → set()
浓度    ： →  | ✅
简装    ： →  | ✅
套装    ：不含 → 不含 | ✅
清洗后  ：津率享洁面 → 韩国the津率享洁面洗面奶深层清洁毛孔抗皱
品名匹配：词袋(100.0%) | ✅
结果    ：✅ PASS | 原因：所有检查通过
============================================================

================================================================================
货品名称：【百补品牌热销191.6万件】韩国原装THEWHOO后津率享洁面后洗面奶180ml深层清洁毛孔温和抗皱
关键词：后津率享洁面180ml
原价：None | 现价：None
百亿补贴：是 | 日期：2026-01-16
校验通过：✅ True
================================================================================
--- 进入商品 3/3 ---
============================================================
搜索词 ：后津率享洁面180ml
商品名 ：【累计热销283.5万+件】两支装韩国the whoo后洗面奶津率享洗面奶180ml洁面全球购送妈妈
品牌    ：后 → 后 | ✅
容量规格：{'180'} → {'180', '2'} | ✅
色号    ：set() → set()
浓度    ： →  | ✅
简装    ： →  | ✅
套装    ：不含 → 不含 | ✅
清洗后  ：津率享洁面 → 韩国the洗面奶津率享洗面奶洁面全球购送妈妈
品名匹配：词袋(75.0%) | ✅
结果    ：✅ PASS | 原因：所有检查通过
============================================================
🔧 标题包含多规格 (容量:{'180', '2'}, 色号:set())，尝试进入规格面板匹配...

[DEBUG][get_sku_price_auto] 开始匹配，搜索词: '后津率享洁面180ml'
[DEBUG][get_sku_identifiers] 提取标识: ['180ml']
[DEBUG][get_sku_price_auto] 当前已选规格匹配，价格: 122
✅ 规格匹配成功，且品名已匹配，校验通过

================================================================================
货品名称：【累计热销283.5万+件】两支装韩国the whoo后洗面奶津率享洗面奶180ml洁面全球购送妈妈
关键词：后津率享洁面180ml
原价：188.0 | 现价：122
匹配规格：已选: 津率享洗面奶180ml*2支 | 规格价格：122
百亿补贴：是 | 日期：2026-04-08
校验通过：✅ True
================================================================================
✅ 优先级 4 中已有商品通过校验，停止降级
📁 采集记录已保存，总行数：344
📋 校验记录已保存，总记录数：263
✅ 序号 116 已标记为已采集

⏸ 等待 1 秒后继续...
⏳ 等待下一个商品：[██████████████████████████████] 100% (1/1s)

🔍 搜索：后津率享平衡水150ml

===== 优先级 2，共 2 个商品 =====
--- 进入商品 1/2 ---
============================================================
搜索词 ：后津率享平衡水150ml
商品名 ：【338.4万人收藏该品牌】韩国whoo后津率享爽肤水150ml补水保湿淡纹原装正品
品牌    ：后 → 后 | ✅
容量规格：{'150'} → {'150'} | ✅
色号    ：set() → {'338'}
浓度    ： →  | ✅
简装    ： →  | ✅
套装    ：不含 → 不含 | ✅
清洗后  ：津率享平衡水 → 韩国津率享爽肤水补水淡纹
品名匹配：词袋(40.0%) | ✅
结果    ：✅ PASS | 原因：所有检查通过
============================================================

================================================================================
货品名称：【338.4万人收藏该品牌】韩国whoo后津率享爽肤水150ml补水保湿淡纹原装正品
关键词：后津率享平衡水150ml
原价：134.0 | 现价：124.0
百亿补贴：否 | 日期：2025-07-28
校验通过：✅ True
================================================================================
--- 进入商品 2/2 ---
============================================================
搜索词 ：后津率享平衡水150ml
商品名 ：【累计热销283.5万+件】韩国THE WHOO后津率享爽肤水正装150ml深层滋润保湿淡化细纹
品牌    ：后 → 后 | ✅
容量规格：{'150'} → {'150'} | ✅
色号    ：set() → set()
浓度    ： →  | ✅
简装    ： →  | ✅
套装    ：不含 → 不含 | ✅
清洗后  ：津率享平衡水 → 韩国the津率享爽肤水正装深层淡化细纹
品名匹配：词袋(40.0%) | ✅
结果    ：✅ PASS | 原因：所有检查通过
============================================================

================================================================================
货品名称：【累计热销283.5万+件】韩国THE WHOO后津率享爽肤水正装150ml深层滋润保湿淡化细纹
关键词：后津率享平衡水150ml
原价：117.0 | 现价：117.0
百亿补贴：否 | 日期：2026-02-06
校验通过：✅ True
================================================================================
✅ 优先级 2 中已有商品通过校验，停止降级
📁 采集记录已保存，总行数：348
📋 校验记录已保存，总记录数：265
✅ 序号 117 已标记为已采集

⏸ 等待 1 秒后继续...
⏳ 等待下一个商品：[██████████████████████████████] 100% (1/1s)

🔍 搜索：后天气丹PRO水150ML

===== 优先级 4，共 1 个商品 =====
--- 进入商品 1/1 ---
============================================================
搜索词 ：后天气丹PRO水150ML
商品名 ：【百补品牌热销191.6万件】韩国WHOO后天气丹PRO光耀水150ml焕活紧颜抗皱护肤品
品牌    ：后 → 后 | ✅
容量规格：{'150'} → {'150'} | ✅
色号    ：set() → set()
浓度    ： →  | ✅
简装    ： →  | ✅
套装    ：不含 → 不含 | ✅
清洗后  ：天气丹pro水 → 韩国天气丹pro光耀水焕活紧颜抗皱护肤品
品名匹配：词袋(66.7%) | ✅
结果    ：✅ PASS | 原因：所有检查通过
============================================================

================================================================================
货品名称：【百补品牌热销191.6万件】韩国WHOO后天气丹PRO光耀水150ml焕活紧颜抗皱护肤品
关键词：后天气丹PRO水150ML
原价：239.0 | 现价：239.0
百亿补贴：是 | 日期：2026-01-01
校验通过：✅ True
================================================================================
✅ 优先级 4 中已有商品通过校验，停止降级
📁 采集记录已保存，总行数：351
📋 校验记录已保存，总记录数：266
✅ 序号 118 已标记为已采集

⏸ 等待 1 秒后继续...
⏳ 等待下一个商品：[██████████████████████████████] 100% (1/1s)

🔍 搜索：后拱辰享美白洗面奶 180ml

===== 优先级 4，共 1 个商品 =====
--- 进入商品 1/1 ---
============================================================
搜索词 ：后拱辰享美白洗面奶 180ml
商品名 ：【周大福】传承婚嫁福镯素圈黄金足金手镯计价F209000
品牌    ：后 → 未匹配 | ❌
容量规格：{'180'} → set() | ❌
色号    ：set() → {'f209000'}
浓度    ： →  | ✅
简装    ： →  | ✅
套装    ：不含 → 不含 | ✅
清洗后  ：拱辰享美白洗面奶 → 传承婚嫁福镯素圈黄金足金手镯计价f209000
品名匹配：LCS子序列(0.0%) | ❌
结果    ：❌ FAIL | 原因：品牌不一致；规格不匹配；品名相似不足(ratio=0.0%)
============================================================
🔧 校验失败原因为规格不匹配，尝试进入规格面板匹配...

[DEBUG][get_sku_price_auto] 开始匹配，搜索词: '后拱辰享美白洗面奶 180ml'
[DEBUG][get_sku_identifiers] 提取标识: ['180ml']
[DEBUG][get_sku_price_auto] 当前已选规格不匹配，尝试点击规格...
[DEBUG][get_sku_price_auto] 所有标识尝试完毕，仍无价格
⚠️ 规格匹配未获取到有效价格，已记录为匹配失败，校验结果强制为不通过

================================================================================
货品名称：【周大福】传承婚嫁福镯素圈黄金足金手镯计价F209000
关键词：后拱辰享美白洗面奶 180ml
原价：66126.44 | 现价：66116.44
匹配规格：匹配失败 | 规格价格：
百亿补贴：是 | 日期：
校验通过：❌ False
================================================================================
⚠️ 优先级 4 全部未通过，尝试下一优先级
🔽 降级到全球购，返回顶部并重新识别（不自动下滑）

===== 优先级 1，共 3 个商品 =====
--- 进入商品 1/3 ---
============================================================
搜索词 ：后拱辰享美白洗面奶 180ml
商品名 ：韩国直邮后拱辰享雪美白洗面奶180ml单品/套盒180+40毫升【5天内发货】
品牌    ：后 → 后 | ✅
容量规格：{'180'} → {'180', '40'} | ✅
色号    ：set() → set()
浓度    ： →  | ✅
简装    ： →  | ✅
套装    ：不含 → 不含 | ✅
清洗后  ：拱辰享美白洗面奶 → 韩国拱辰享雪美白洗面奶单品套盒
品名匹配：词袋(87.5%) | ✅
结果    ：✅ PASS | 原因：所有检查通过
============================================================
🔧 标题包含多规格 (容量:{'180', '40'}, 色号:set())，尝试进入规格面板匹配...

[DEBUG][get_sku_price_auto] 开始匹配，搜索词: '后拱辰享美白洗面奶 180ml'
[DEBUG][get_sku_identifiers] 提取标识: ['180ml']
[DEBUG][get_sku_price_auto] 当前已选规格匹配，价格: 199
✅ 规格匹配成功，且品名已匹配，校验通过

================================================================================
货品名称：韩国直邮后拱辰享雪美白洗面奶180ml单品/套盒180+40毫升【5天内发货】
关键词：后拱辰享美白洗面奶 180ml
原价：199.0 | 现价：199
匹配规格：已选: 单品180ml | 规格价格：199
百亿补贴：否 | 日期：
校验通过：✅ True
================================================================================
--- 进入商品 2/3 ---
============================================================
搜索词 ：后拱辰享美白洗面奶 180ml
商品名 ：韩国专柜whoo后拱辰享雪美白洗面奶180ml 深层清洁雪玉凝洁面乳【5天内发货】
品牌    ：后 → 后 | ✅
容量规格：{'180'} → {'180'} | ✅
色号    ：set() → set()
浓度    ： →  | ✅
简装    ： →  | ✅
套装    ：不含 → 不含 | ✅
清洗后  ：拱辰享美白洗面奶 → 韩国拱辰享雪美白洗面奶深层清洁雪玉凝洁面乳
品名匹配：词袋(87.5%) | ✅
结果    ：✅ PASS | 原因：所有检查通过
============================================================

================================================================================
货品名称：韩国专柜whoo后拱辰享雪美白洗面奶180ml 深层清洁雪玉凝洁面乳【5天内发货】
关键词：后拱辰享美白洗面奶 180ml
原价：79.99 | 现价：79.99
百亿补贴：否 | 日期：
校验通过：✅ True
================================================================================
--- 进入商品 3/3 ---
============================================================
搜索词 ：后拱辰享美白洗面奶 180ml
商品名 ：韩国直邮Whoo后拱辰享水妍津率享雪美白洁面清透洁肤露180ml【5天内发货】
品牌    ：后 → 后 | ✅
容量规格：{'180'} → {'180'} | ✅
色号    ：set() → set()
浓度    ： →  | ✅
简装    ： →  | ✅
套装    ：不含 → 不含 | ✅
清洗后  ：拱辰享美白洗面奶 → 韩国拱辰享水妍津率享雪美白洁面洁肤露
品名匹配：词袋(50.0%) | ✅
结果    ：✅ PASS | 原因：所有检查通过
============================================================

================================================================================
货品名称：韩国直邮Whoo后拱辰享水妍津率享雪美白洁面清透洁肤露180ml【5天内发货】
关键词：后拱辰享美白洗面奶 180ml
原价：69.99 | 现价：69.99
百亿补贴：否 | 日期：
校验通过：✅ True
================================================================================
✅ 优先级 1 中已有商品通过校验，停止降级
📁 采集记录已保存，总行数：356
📋 校验记录已保存，总记录数：270
✅ 序号 119 已标记为已采集

⏸ 等待 1 秒后继续...
⏳ 等待下一个商品：[██████████████████████████████] 100% (1/1s)

🔍 搜索：纪梵希 粉丝绒N27

===== 优先级 4，共 2 个商品 =====
--- 进入商品 1/2 ---
============================================================
搜索词 ：纪梵希 粉丝绒N27
商品名 ：【正品行货】纪梵希秋季新品粉丝绒N27#口红雾面哑光唇膏3.4g
品牌    ：纪梵希 → 纪梵希 | ✅
容量规格：set() → {'3.4'} | ✅
色号    ：{'27', 'n27'} → {'27', 'n27'}
浓度    ： →  | ✅
简装    ： →  | ✅
套装    ：不含 → 不含 | ✅
清洗后  ：粉丝绒n → 秋季粉丝绒口红雾面哑光唇膏
品名匹配：词袋(100.0%) | ✅
结果    ：✅ PASS | 原因：所有检查通过
============================================================
🔧 标题包含多规格 (容量:{'3.4'}, 色号:{'27', 'n27'})，尝试进入规格面板匹配...

[DEBUG][get_sku_price_auto] 开始匹配，搜索词: '纪梵希 粉丝绒N27'
[DEBUG][get_sku_identifiers] 提取标识: ['27', 'n27']
[DEBUG][get_sku_price_auto] 当前已选规格匹配，价格: 132
✅ 规格匹配成功，且品名已匹配，校验通过

================================================================================
货品名称：【正品行货】纪梵希秋季新品粉丝绒N27#口红雾面哑光唇膏3.4g
关键词：纪梵希 粉丝绒N27
原价：132.0 | 现价：132
匹配规格：已选: 粉丝绒N27 | 规格价格：132
百亿补贴：是 | 日期：2025-01-01
校验通过：✅ True
================================================================================
--- 进入商品 2/2 ---
============================================================
搜索词 ：纪梵希 粉丝绒N27
商品名 ：【141.5万人收藏该品牌】GIVENCHY/纪梵希 高定粉丝绒口红N27 锁色雾面丝绒【5天内发货】
品牌    ：纪梵希 → 纪梵希 | ✅
容量规格：set() → set() | ✅
色号    ：{'27', 'n27'} → {'141', '27', 'n27'}
浓度    ： →  | ✅
简装    ： →  | ✅
套装    ：不含 → 不含 | ✅
清洗后  ：粉丝绒n → 高定粉丝绒口红n锁色雾面丝绒
品名匹配：词袋(100.0%) | ✅
结果    ：✅ PASS | 原因：所有检查通过
============================================================
🔧 标题包含多规格 (容量:set(), 色号:{'141', '27', 'n27'})，尝试进入规格面板匹配...

[DEBUG][get_sku_price_auto] 开始匹配，搜索词: '纪梵希 粉丝绒N27'
[DEBUG][get_sku_identifiers] 提取标识: ['27', 'n27']
[DEBUG][get_sku_price_auto] 当前已选规格匹配，价格: 141
✅ 规格匹配成功，且品名已匹配，校验通过

================================================================================
货品名称：【141.5万人收藏该品牌】GIVENCHY/纪梵希 高定粉丝绒口红N27 锁色雾面丝绒【5天内发货】
关键词：纪梵希 粉丝绒N27
原价：215.0 | 现价：141
匹配规格：已选: N27雪柿桃 | 规格价格：141
百亿补贴：是 | 日期：2025-01-01
校验通过：✅ True
================================================================================
✅ 优先级 4 中已有商品通过校验，停止降级
📁 采集记录已保存，总行数：362
📋 校验记录已保存，总记录数：272
✅ 序号 120 已标记为已采集

⏸ 等待 1 秒后继续...
⏳ 等待下一个商品：[██████████████████████████████] 100% (1/1s)

🔍 搜索：纪梵希 红丝绒口红#N36

===== 优先级 2，共 2 个商品 =====
--- 进入商品 1/2 ---
============================================================
搜索词 ：纪梵希 红丝绒口红#N36
商品名 ：
品牌    ：纪梵希 → 未匹配 | ❌
容量规格：set() → set() | ❌
色号    ：{'n36', '36'} → set()
浓度    ： →  | ✅
简装    ： →  | ✅
套装    ：不含 → 不含 | ✅
清洗后  ：红丝绒口红 → 
品名匹配：LCS子序列(0.0%) | ❌
结果    ：❌ FAIL | 原因：品牌不一致；规格不匹配；品名相似不足(ratio=0.0%)
============================================================
🔧 校验失败原因为规格不匹配，尝试进入规格面板匹配...

[DEBUG][get_sku_price_auto] 开始匹配，搜索词: '纪梵希 红丝绒口红#N36'
[DEBUG][get_sku_identifiers] 提取标识: ['n36', '36']
[DEBUG][get_sku_price_auto] 当前已选规格不匹配，尝试点击规格...
[DEBUG][_click_sku_by_identifier] 尝试点击标识: 'n36'
[DEBUG][_click_sku_by_identifier] 尝试点击标识: '36'
[DEBUG][get_sku_price_auto] 所有标识尝试完毕，仍无价格
⚠️ 规格匹配未获取到有效价格，已记录为匹配失败，校验结果强制为不通过

================================================================================
货品名称：
关键词：纪梵希 红丝绒口红#N36
原价：19.9 | 现价：19.9
匹配规格：匹配失败 | 规格价格：
百亿补贴：否 | 日期：
校验通过：❌ False
================================================================================
--- 进入商品 2/2 ---
============================================================
搜索词 ：纪梵希 红丝绒口红#N36
商品名 ：
品牌    ：纪梵希 → 未匹配 | ❌
容量规格：set() → set() | ❌
色号    ：{'n36', '36'} → set()
浓度    ： →  | ✅
简装    ： →  | ✅
套装    ：不含 → 不含 | ✅
清洗后  ：红丝绒口红 → 
品名匹配：LCS子序列(0.0%) | ❌
结果    ：❌ FAIL | 原因：品牌不一致；规格不匹配；品名相似不足(ratio=0.0%)
============================================================
🔧 校验失败原因为规格不匹配，尝试进入规格面板匹配...

[DEBUG][get_sku_price_auto] 开始匹配，搜索词: '纪梵希 红丝绒口红#N36'
[DEBUG][get_sku_identifiers] 提取标识: ['n36', '36']
[DEBUG][get_sku_price_auto] 当前已选规格不匹配，尝试点击规格...
[DEBUG][_click_sku_by_identifier] 尝试点击标识: 'n36'
[DEBUG][_click_sku_by_identifier] 尝试点击标识: '36'
[DEBUG][get_sku_price_auto] 所有标识尝试完毕，仍无价格
⚠️ 规格匹配未获取到有效价格，已记录为匹配失败，校验结果强制为不通过

================================================================================
货品名称：
关键词：纪梵希 红丝绒口红#N36
原价：19.9 | 现价：19.9
匹配规格：匹配失败 | 规格价格：
百亿补贴：否 | 日期：
校验通过：❌ False
================================================================================
⚠️ 优先级 2 全部未通过，尝试下一优先级
🔽 降级到全球购，返回顶部并重新识别（不自动下滑）

===== 优先级 1，共 3 个商品 =====
--- 进入商品 1/3 ---
============================================================
搜索词 ：纪梵希 红丝绒口红#N36
商品名 ：【Givenchy】纪梵希高定粉丝绒口红#N36赤珊瑚3.4g滋润唇膏哑光雾面【5天内发货】
品牌    ：纪梵希 → 纪梵希 | ✅
容量规格：set() → {'3.4'} | ✅
色号    ：{'n36', '36'} → {'n36', '36'}
浓度    ： →  | ✅
简装    ： →  | ✅
套装    ：不含 → 不含 | ✅
清洗后  ：红丝绒口红 → 高定粉丝绒口红赤珊瑚唇膏哑光雾面
品名匹配：词袋(75.0%) | ✅
结果    ：✅ PASS | 原因：所有检查通过
============================================================
🔧 标题包含多规格 (容量:{'3.4'}, 色号:{'n36', '36'})，尝试进入规格面板匹配...

[DEBUG][get_sku_price_auto] 开始匹配，搜索词: '纪梵希 红丝绒口红#N36'
[DEBUG][get_sku_identifiers] 提取标识: ['n36', '36']
[DEBUG][get_sku_price_auto] 当前已选规格匹配，价格: 102
✅ 规格匹配成功，且品名已匹配，校验通过

================================================================================
货品名称：【Givenchy】纪梵希高定粉丝绒口红#N36赤珊瑚3.4g滋润唇膏哑光雾面【5天内发货】
关键词：纪梵希 红丝绒口红#N36
原价：102.0 | 现价：102
匹配规格：已选: 粉丝绒口红#N36 | 规格价格：102
百亿补贴：否 | 日期：
校验通过：✅ True
================================================================================
--- 进入商品 2/3 ---
============================================================
搜索词 ：纪梵希 红丝绒口红#N36
商品名 ：【Givenchy】纪梵希 口红小羊皮唇膏红丝绒粉丝绒n37 306
品牌    ：纪梵希 → 纪梵希 | ✅
容量规格：set() → set() | ❌
色号    ：{'n36', '36'} → {'37', '306', 'n37'}
浓度    ： →  | ✅
简装    ： →  | ✅
套装    ：不含 → 不含 | ✅
清洗后  ：红丝绒口红 → 口红小羊皮唇膏红丝绒粉丝绒n
品名匹配：词袋(75.0%) | ✅
结果    ：❌ FAIL | 原因：规格不匹配
============================================================
🔧 标题包含多规格 (容量:set(), 色号:{'37', '306', 'n37'})，尝试进入规格面板匹配...

[DEBUG][get_sku_price_auto] 开始匹配，搜索词: '纪梵希 红丝绒口红#N36'
[DEBUG][get_sku_identifiers] 提取标识: ['n36', '36']
[DEBUG][get_sku_price_auto] 当前已选规格不匹配，尝试点击规格...
[DEBUG][_click_sku_by_identifier] 尝试点击标识: 'n36'
[DEBUG][_click_sku_by_identifier] 尝试点击标识: '36'
[DEBUG][_click_sku_by_identifier] 点击有效规格(可点击): 粉丝绒n36# 刚刚抢光
[DEBUG][get_sku_price_auto] 所有标识尝试完毕，仍无价格
⚠️ 规格匹配未获取到有效价格，已记录为匹配失败，校验结果强制为不通过

================================================================================
货品名称：【Givenchy】纪梵希 口红小羊皮唇膏红丝绒粉丝绒n37 306
关键词：纪梵希 红丝绒口红#N36
原价：99.0 | 现价：98.0
匹配规格：匹配失败 | 规格价格：
百亿补贴：否 | 日期：
校验通过：❌ False
================================================================================
--- 进入商品 3/3 ---
============================================================
搜索词 ：纪梵希 红丝绒口红#N36
商品名 ：Givenchy/纪梵希高定粉丝绒口红#N36赤珊瑚唇膏【5天内发货】
品牌    ：纪梵希 → 纪梵希 | ✅
容量规格：set() → set() | ✅
色号    ：{'n36', '36'} → {'n36', '36'}
浓度    ： →  | ✅
简装    ： →  | ✅
套装    ：不含 → 不含 | ✅
清洗后  ：红丝绒口红 → 高定粉丝绒口红赤珊瑚唇膏
品名匹配：词袋(75.0%) | ✅
结果    ：✅ PASS | 原因：所有检查通过
============================================================
🔧 标题包含多规格 (容量:set(), 色号:{'n36', '36'})，尝试进入规格面板匹配...

[DEBUG][get_sku_price_auto] 开始匹配，搜索词: '纪梵希 红丝绒口红#N36'
[DEBUG][get_sku_identifiers] 提取标识: ['n36', '36']
[DEBUG][get_sku_price_auto] 当前已选规格匹配，价格: 158
✅ 规格匹配成功，且品名已匹配，校验通过

================================================================================
货品名称：Givenchy/纪梵希高定粉丝绒口红#N36赤珊瑚唇膏【5天内发货】
关键词：纪梵希 红丝绒口红#N36
原价：158.0 | 现价：158
匹配规格：已选: 3.4g 纪梵希 粉丝绒口红#N36 | 规格价格：158
百亿补贴：否 | 日期：2025-10-01
校验通过：✅ True
================================================================================
✅ 优先级 1 中已有商品通过校验，停止降级
📁 采集记录已保存，总行数：368
📋 校验记录已保存，总记录数：277
✅ 序号 121 已标记为已采集

⏸ 等待 1 秒后继续...
⏳ 等待下一个商品：[██████████████████████████████] 100% (1/1s)

🔍 搜索：纪梵希 红丝绒口红#N37

===== 优先级 2，共 2 个商品 =====
--- 进入商品 1/2 ---
============================================================
搜索词 ：纪梵希 红丝绒口红#N37
商品名 ：
品牌    ：纪梵希 → 未匹配 | ❌
容量规格：set() → set() | ❌
色号    ：{'37', 'n37'} → set()
浓度    ： →  | ✅
简装    ： →  | ✅
套装    ：不含 → 不含 | ✅
清洗后  ：红丝绒口红 → 
品名匹配：LCS子序列(0.0%) | ❌
结果    ：❌ FAIL | 原因：品牌不一致；规格不匹配；品名相似不足(ratio=0.0%)
============================================================
🔧 校验失败原因为规格不匹配，尝试进入规格面板匹配...

[DEBUG][get_sku_price_auto] 开始匹配，搜索词: '纪梵希 红丝绒口红#N37'
[DEBUG][get_sku_identifiers] 提取标识: ['n37', '37']
[DEBUG][get_sku_price_auto] 当前已选规格不匹配，尝试点击规格...
[DEBUG][_click_sku_by_identifier] 尝试点击标识: 'n37'
[DEBUG][_click_sku_by_identifier] 尝试点击标识: '37'
[DEBUG][get_sku_price_auto] 所有标识尝试完毕，仍无价格
⚠️ 规格匹配未获取到有效价格，已记录为匹配失败，校验结果强制为不通过

================================================================================
货品名称：
关键词：纪梵希 红丝绒口红#N37
原价：11.9 | 现价：11.9
匹配规格：匹配失败 | 规格价格：
百亿补贴：否 | 日期：2026-06-03
校验通过：❌ False
================================================================================
--- 进入商品 2/2 ---
============================================================
搜索词 ：纪梵希 红丝绒口红#N37
商品名 ：
品牌    ：纪梵希 → 未匹配 | ❌
容量规格：set() → set() | ❌
色号    ：{'37', 'n37'} → set()
浓度    ： →  | ✅
简装    ： →  | ✅
套装    ：不含 → 不含 | ✅
清洗后  ：红丝绒口红 → 
品名匹配：LCS子序列(0.0%) | ❌
结果    ：❌ FAIL | 原因：品牌不一致；规格不匹配；品名相似不足(ratio=0.0%)
============================================================
🔧 校验失败原因为规格不匹配，尝试进入规格面板匹配...

[DEBUG][get_sku_price_auto] 开始匹配，搜索词: '纪梵希 红丝绒口红#N37'
[DEBUG][get_sku_identifiers] 提取标识: ['n37', '37']
[DEBUG][get_sku_price_auto] 当前已选规格不匹配，尝试点击规格...
[DEBUG][_click_sku_by_identifier] 尝试点击标识: 'n37'
[DEBUG][_click_sku_by_identifier] 尝试点击标识: '37'
[DEBUG][get_sku_price_auto] 所有标识尝试完毕，仍无价格
⚠️ 规格匹配未获取到有效价格，已记录为匹配失败，校验结果强制为不通过

================================================================================
货品名称：
关键词：纪梵希 红丝绒口红#N37
原价：11.9 | 现价：11.9
匹配规格：匹配失败 | 规格价格：
百亿补贴：否 | 日期：2026-06-03
校验通过：❌ False
================================================================================
⚠️ 优先级 2 全部未通过，尝试下一优先级
🔽 降级到全球购，返回顶部并重新识别（不自动下滑）

===== 优先级 1，共 3 个商品 =====
--- 进入商品 1/3 ---
============================================================
搜索词 ：纪梵希 红丝绒口红#N37
商品名 ：正品 GIVENCHY/纪梵希红丝绒口红显白持色 #N37【5天内发货】
品牌    ：纪梵希 → 纪梵希 | ✅
容量规格：set() → set() | ✅
色号    ：{'37', 'n37'} → {'37', 'n37'}
浓度    ： →  | ✅
简装    ： →  | ✅
套装    ：不含 → 不含 | ✅
清洗后  ：红丝绒口红 → 红丝绒口红显白持色
品名匹配：词袋(100.0%) | ✅
结果    ：✅ PASS | 原因：所有检查通过
============================================================
🔧 标题包含多规格 (容量:set(), 色号:{'37', 'n37'})，尝试进入规格面板匹配...

[DEBUG][get_sku_price_auto] 开始匹配，搜索词: '纪梵希 红丝绒口红#N37'
[DEBUG][get_sku_identifiers] 提取标识: ['n37', '37']
[DEBUG][get_sku_price_auto] 当前已选规格匹配，价格: 135
✅ 规格匹配成功，且品名已匹配，校验通过

================================================================================
货品名称：正品 GIVENCHY/纪梵希红丝绒口红显白持色 #N37【5天内发货】
关键词：纪梵希 红丝绒口红#N37
原价：135.0 | 现价：135
匹配规格：已选: 红丝绒 N37 | 规格价格：135
百亿补贴：否 | 日期：
校验通过：✅ True
================================================================================
--- 进入商品 2/3 ---
============================================================
搜索词 ：纪梵希 红丝绒口红#N37
商品名 ：【Givenchy】纪梵希红丝绒口红#N37唇膏显白持色哑光高级妆感水润舒适【5天内发货】
品牌    ：纪梵希 → 纪梵希 | ✅
容量规格：set() → set() | ✅
色号    ：{'37', 'n37'} → {'37', 'n37'}
浓度    ： →  | ✅
简装    ： →  | ✅
套装    ：不含 → 不含 | ✅
清洗后  ：红丝绒口红 → 红丝绒口红唇膏显白持色哑光高级妆感水润舒适
品名匹配：词袋(100.0%) | ✅
结果    ：✅ PASS | 原因：所有检查通过
============================================================
🔧 标题包含多规格 (容量:set(), 色号:{'37', 'n37'})，尝试进入规格面板匹配...

[DEBUG][get_sku_price_auto] 开始匹配，搜索词: '纪梵希 红丝绒口红#N37'
[DEBUG][get_sku_identifiers] 提取标识: ['n37', '37']
[DEBUG][get_sku_price_auto] 当前已选规格匹配，价格: 115
✅ 规格匹配成功，且品名已匹配，校验通过

================================================================================
货品名称：【Givenchy】纪梵希红丝绒口红#N37唇膏显白持色哑光高级妆感水润舒适【5天内发货】
关键词：纪梵希 红丝绒口红#N37
原价：115.0 | 现价：115
匹配规格：已选: 盒+红丝绒N37正装3.4g | 规格价格：115
百亿补贴：否 | 日期：
校验通过：✅ True
================================================================================
--- 进入商品 3/3 ---
============================================================
搜索词 ：纪梵希 红丝绒口红#N37
商品名 ：正品 GIVENCHY/纪梵希红丝绒哑光口红#N37蓝调正红唇膏显白3.4g【5天内发货】
品牌    ：纪梵希 → 纪梵希 | ✅
容量规格：set() → {'3.4'} | ✅
色号    ：{'37', 'n37'} → {'37', 'n37'}
浓度    ： →  | ✅
简装    ： →  | ✅
套装    ：不含 → 不含 | ✅
清洗后  ：红丝绒口红 → 红丝绒哑光口红蓝调正红唇膏显白
品名匹配：词袋(75.0%) | ✅
结果    ：✅ PASS | 原因：所有检查通过
============================================================
🔧 标题包含多规格 (容量:{'3.4'}, 色号:{'37', 'n37'})，尝试进入规格面板匹配...

[DEBUG][get_sku_price_auto] 开始匹配，搜索词: '纪梵希 红丝绒口红#N37'
[DEBUG][get_sku_identifiers] 提取标识: ['n37', '37']
[DEBUG][get_sku_price_auto] 当前已选规格匹配，价格: 115
✅ 规格匹配成功，且品名已匹配，校验通过

================================================================================
货品名称：正品 GIVENCHY/纪梵希红丝绒哑光口红#N37蓝调正红唇膏显白3.4g【5天内发货】
关键词：纪梵希 红丝绒口红#N37
原价：115.0 | 现价：115
匹配规格：已选: 3.4g 原盒+红丝绒N37正装口红 | 规格价格：115
百亿补贴：否 | 日期：
校验通过：✅ True
================================================================================
✅ 优先级 1 中已有商品通过校验，停止降级
📁 采集记录已保存，总行数：376
📋 校验记录已保存，总记录数：284
✅ 序号 122 已标记为已采集

⏸ 等待 1 秒后继续...
⏳ 等待下一个商品：[██████████████████████████████] 100% (1/1s)

🔍 搜索：纪梵希 小粉皮口红#N333

===== 优先级 4，共 1 个商品 =====
--- 进入商品 1/1 ---
============================================================
搜索词 ：纪梵希 小粉皮口红#N333
商品名 ：【周大福】经典传承卷草纹圆润福气足金黄金手镯厚壁中空计价F233105
品牌    ：纪梵希 → 未匹配 | ❌
容量规格：set() → set() | ❌
色号    ：{'n333', '333'} → {'f233105'}
浓度    ： →  | ✅
简装    ： →  | ✅
套装    ：不含 → 不含 | ✅
清洗后  ：小粉皮口红 → 经典传承卷草纹圆润福气足金黄金手镯厚壁中空计价f233105
品名匹配：LCS子序列(0.0%) | ❌
结果    ：❌ FAIL | 原因：品牌不一致；规格不匹配；品名相似不足(ratio=0.0%)
============================================================
🔧 校验失败原因为规格不匹配，尝试进入规格面板匹配...

[DEBUG][get_sku_price_auto] 开始匹配，搜索词: '纪梵希 小粉皮口红#N333'
[DEBUG][get_sku_identifiers] 提取标识: ['n333', '333']
[DEBUG][get_sku_price_auto] 当前已选规格不匹配，尝试点击规格...
[DEBUG][_click_sku_by_identifier] 尝试点击标识: 'n333'
[DEBUG][_click_sku_by_identifier] 尝试点击标识: '333'
[DEBUG][get_sku_price_auto] 所有标识尝试完毕，仍无价格
⚠️ 规格匹配未获取到有效价格，已记录为匹配失败，校验结果强制为不通过

================================================================================
货品名称：【周大福】经典传承卷草纹圆润福气足金黄金手镯厚壁中空计价F233105
关键词：纪梵希 小粉皮口红#N333
原价：64891.44 | 现价：64881.44
匹配规格：匹配失败 | 规格价格：
百亿补贴：是 | 日期：
校验通过：❌ False
================================================================================
⚠️ 优先级 4 全部未通过，尝试下一优先级
🔽 降级到全球购，返回顶部并重新识别（不自动下滑）

===== 优先级 1，共 3 个商品 =====
--- 进入商品 1/3 ---
============================================================
搜索词 ：纪梵希 小粉皮口红#N333
商品名 ：Givenchy/纪梵希口红N27红丝绒哑光滋润粉唇膏N37小羊皮333正品
品牌    ：纪梵希 → 纪梵希 | ✅
容量规格：set() → set() | ❌
色号    ：{'n333', '333'} → {'37', 'n37', 'n27', '27', '333'}
浓度    ： →  | ✅
简装    ： →  | ✅
套装    ：不含 → 不含 | ✅
清洗后  ：小粉皮口红 → 口红n红丝绒哑光粉唇膏n小羊皮
品名匹配：词袋(25.0%) | ✅
结果    ：❌ FAIL | 原因：规格不匹配
============================================================
🔧 标题包含多规格 (容量:set(), 色号:{'37', 'n37', 'n27', '27', '333'})，尝试进入规格面板匹配...

[DEBUG][get_sku_price_auto] 开始匹配，搜索词: '纪梵希 小粉皮口红#N333'
[DEBUG][get_sku_identifiers] 提取标识: ['n333', '333']
[DEBUG][get_sku_price_auto] 当前已选规格不匹配，尝试点击规格...
[DEBUG][_click_sku_by_identifier] 尝试点击标识: 'n333'
[DEBUG][_click_sku_by_identifier] 尝试点击标识: '333'
[DEBUG][get_sku_price_auto] 所有标识尝试完毕，仍无价格
⚠️ 规格匹配未获取到有效价格，已记录为匹配失败，校验结果强制为不通过

================================================================================
货品名称：Givenchy/纪梵希口红N27红丝绒哑光滋润粉唇膏N37小羊皮333正品
关键词：纪梵希 小粉皮口红#N333
原价：199.0 | 现价：199.0
匹配规格：匹配失败 | 规格价格：
百亿补贴：否 | 日期：2025-06-01
校验通过：❌ False
================================================================================
--- 进入商品 2/3 ---
============================================================
搜索词 ：纪梵希 小粉皮口红#N333
商品名 ：【Givenchy】纪梵希粉色小羊皮变色润唇膏小粉皮细管口红大牌正品滋润
品牌    ：纪梵希 → 纪梵希 | ✅
容量规格：set() → set() | ❌
色号    ：{'n333', '333'} → {'粉色'}
浓度    ： →  | ✅
简装    ： →  | ✅
套装    ：不含 → 不含 | ✅
清洗后  ：小粉皮口红 → 粉色小羊皮变色润唇膏小粉皮细管口红大牌
品名匹配：词袋(75.0%) | ✅
结果    ：❌ FAIL | 原因：规格不匹配
============================================================
🔧 校验失败原因为规格不匹配，尝试进入规格面板匹配...

[DEBUG][get_sku_price_auto] 开始匹配，搜索词: '纪梵希 小粉皮口红#N333'
[DEBUG][get_sku_identifiers] 提取标识: ['n333', '333']
[DEBUG][get_sku_price_auto] 当前已选规格不匹配，尝试点击规格...
[DEBUG][_click_sku_by_identifier] 尝试点击标识: 'n333'
[DEBUG][_click_sku_by_identifier] 尝试点击标识: '333'
[DEBUG][_click_sku_by_identifier] 点击有效规格(可点击): 【小粉皮】N333冰糖山楂
[DEBUG][get_sku_price_auto] 所有标识尝试完毕，仍无价格
⚠️ 规格匹配未获取到有效价格，已记录为匹配失败，校验结果强制为不通过

================================================================================
货品名称：【Givenchy】纪梵希粉色小羊皮变色润唇膏小粉皮细管口红大牌正品滋润
关键词：纪梵希 小粉皮口红#N333
原价：400.0 | 现价：400.0
匹配规格：匹配失败 | 规格价格：
百亿补贴：否 | 日期：
校验通过：❌ False
================================================================================
--- 进入商品 3/3 ---
============================================================
搜索词 ：纪梵希 小粉皮口红#N333
商品名 ：【节日礼物】纪梵希大牌口红高定小羊皮口红N307非凡浆果红礼盒装
品牌    ：纪梵希 → 纪梵希 | ✅
容量规格：set() → set() | ❌
色号    ：{'n333', '333'} → {'n307', '307'}
浓度    ： →  | ✅
简装    ： →  | ✅
套装    ：不含 → 不含 | ✅
清洗后  ：小粉皮口红 → 大牌口红高定小羊皮口红n非凡浆果红礼盒装
品名匹配：词袋(50.0%) | ✅
结果    ：❌ FAIL | 原因：规格不匹配
============================================================
🔧 标题包含多规格 (容量:set(), 色号:{'n307', '307'})，尝试进入规格面板匹配...

[DEBUG][get_sku_price_auto] 开始匹配，搜索词: '纪梵希 小粉皮口红#N333'
[DEBUG][get_sku_identifiers] 提取标识: ['n333', '333']
[DEBUG][get_sku_price_auto] 当前已选规格不匹配，尝试点击规格...
[DEBUG][_click_sku_by_identifier] 尝试点击标识: 'n333'
[DEBUG][_click_sku_by_identifier] 尝试点击标识: '333'
[DEBUG][get_sku_price_auto] 所有标识尝试完毕，仍无价格
⚠️ 规格匹配未获取到有效价格，已记录为匹配失败，校验结果强制为不通过

================================================================================
货品名称：【节日礼物】纪梵希大牌口红高定小羊皮口红N307非凡浆果红礼盒装
关键词：纪梵希 小粉皮口红#N333
原价：168.0 | 现价：168.0
匹配规格：匹配失败 | 规格价格：
百亿补贴：否 | 日期：
校验通过：❌ False
================================================================================
⚠️ 优先级 1 全部未通过，尝试下一优先级
📁 采集记录已保存，总行数：384
📋 校验记录已保存，总记录数：290
✅ 序号 123 已标记为已采集

⏸ 等待 1 秒后继续...
⏳ 等待下一个商品：[██████████████████████████████] 100% (1/1s)

🔍 搜索：纪梵希 小羊皮 N306

===== 优先级 4，共 1 个商品 =====
--- 进入商品 1/1 ---
============================================================
搜索词 ：纪梵希 小羊皮 N306
商品名 ：56分钟前好评直接拼成
品牌    ：纪梵希 → 未匹配 | ❌
容量规格：set() → set() | ❌
色号    ：{'306', 'n306'} → {'56'}
浓度    ： →  | ✅
简装    ： →  | ✅
套装    ：不含 → 不含 | ✅
清洗后  ：小羊皮 → 分钟前好评直接拼成
品名匹配：LCS子序列(0.0%) | ❌
结果    ：❌ FAIL | 原因：品牌不一致；规格不匹配；品名相似不足(ratio=0.0%)
============================================================
🔧 校验失败原因为规格不匹配，尝试进入规格面板匹配...

[DEBUG][get_sku_price_auto] 开始匹配，搜索词: '纪梵希 小羊皮 N306'
[DEBUG][get_sku_identifiers] 提取标识: ['n306', '306']
[DEBUG][get_sku_price_auto] 当前已选规格不匹配，尝试点击规格...
[DEBUG][_click_sku_by_identifier] 尝试点击标识: 'n306'
[DEBUG][_click_sku_by_identifier] 尝试点击标识: '306'
[DEBUG][get_sku_price_auto] 所有标识尝试完毕，仍无价格
⚠️ 规格匹配未获取到有效价格，已记录为匹配失败，校验结果强制为不通过

================================================================================
货品名称：56分钟前好评直接拼成
关键词：纪梵希 小羊皮 N306
原价：149.0 | 现价：141.55
匹配规格：匹配失败 | 规格价格：
百亿补贴：是 | 日期：
校验通过：❌ False
================================================================================
⚠️ 优先级 4 全部未通过，尝试下一优先级
🔽 降级到全球购，返回顶部并重新识别（不自动下滑）

===== 优先级 1，共 3 个商品 =====
--- 进入商品 1/3 ---
============================================================
搜索词 ：纪梵希 小羊皮 N306
商品名 ：【Givenchy】纪梵希高定禁忌小羊皮新款口红唇膏正品 333 306番茄红【5天内发货】
品牌    ：纪梵希 → 纪梵希 | ✅
容量规格：set() → set() | ❌
色号    ：{'306', 'n306'} → {'306', '333'}
浓度    ： →  | ✅
简装    ： →  | ✅
套装    ：不含 → 不含 | ✅
清洗后  ：小羊皮 → 高定禁忌小羊皮新口红唇膏番茄红
品名匹配：词袋(100.0%) | ✅
结果    ：❌ FAIL | 原因：规格不匹配
============================================================
🔧 标题包含多规格 (容量:set(), 色号:{'306', '333'})，尝试进入规格面板匹配...

[DEBUG][get_sku_price_auto] 开始匹配，搜索词: '纪梵希 小羊皮 N306'
[DEBUG][get_sku_identifiers] 提取标识: ['n306', '306']
[DEBUG][get_sku_price_auto] 当前已选规格匹配，价格: 235
✅ 规格匹配成功，且品名已匹配，校验通过

================================================================================
货品名称：【Givenchy】纪梵希高定禁忌小羊皮新款口红唇膏正品 333 306番茄红【5天内发货】
关键词：纪梵希 小羊皮 N306
原价：179.0 | 现价：235
匹配规格：已选: N306 耀目番茄红 | 规格价格：235
百亿补贴：否 | 日期：
校验通过：✅ True
================================================================================
--- 进入商品 2/3 ---
============================================================
搜索词 ：纪梵希 小羊皮 N306
商品名 ：【正品行货】Givenchy/纪梵希口红粉丝绒n37#复古正红1.5g 小羊皮
品牌    ：纪梵希 → 纪梵希 | ✅
容量规格：set() → {'1.5'} | ❌
色号    ：{'306', 'n306'} → {'37', 'n37'}
浓度    ： →  | ✅
简装    ： →  | ✅
套装    ：不含 → 不含 | ✅
清洗后  ：小羊皮 → 口红粉丝绒复古正红小羊皮
品名匹配：词袋(100.0%) | ✅
结果    ：❌ FAIL | 原因：规格不匹配
============================================================
🔧 标题包含多规格 (容量:{'1.5'}, 色号:{'37', 'n37'})，尝试进入规格面板匹配...

[DEBUG][get_sku_price_auto] 开始匹配，搜索词: '纪梵希 小羊皮 N306'
[DEBUG][get_sku_identifiers] 提取标识: ['n306', '306']
[DEBUG][get_sku_price_auto] 当前已选规格不匹配，尝试点击规格...
[DEBUG][_click_sku_by_identifier] 尝试点击标识: 'n306'
[DEBUG][_click_sku_by_identifier] 尝试点击标识: '306'
[DEBUG][_click_sku_by_identifier] 点击有效规格(可点击): 【小羊皮】N306#1.5g
[DEBUG][get_sku_price_auto] 所有标识尝试完毕，仍无价格
⚠️ 规格匹配未获取到有效价格，已记录为匹配失败，校验结果强制为不通过

================================================================================
货品名称：【正品行货】Givenchy/纪梵希口红粉丝绒n37#复古正红1.5g 小羊皮
关键词：纪梵希 小羊皮 N306
原价：33.7 | 现价：33.7
匹配规格：匹配失败 | 规格价格：
百亿补贴：否 | 日期：
校验通过：❌ False
================================================================================
--- 进入商品 3/3 ---
============================================================
搜索词 ：纪梵希 小羊皮 N306
商品名 ：【纪梵希】口红N37小羊皮306限量红丝绒哑光N35玫瑰礼盒节日礼物正品
品牌    ：纪梵希 → 纪梵希 | ✅
容量规格：set() → set() | ❌
色号    ：{'306', 'n306'} → {'306', '35', '37', 'n37', '玫瑰', 'n35'}
浓度    ： →  | ✅
简装    ： →  | ✅
套装    ：不含 → 不含 | ✅
清洗后  ：小羊皮 → 口红n小羊皮限量红丝绒哑光n礼盒节日礼物
品名匹配：词袋(100.0%) | ✅
结果    ：❌ FAIL | 原因：规格不匹配
============================================================
🔧 标题包含多规格 (容量:set(), 色号:{'306', '35', '37', 'n37', '玫瑰', 'n35'})，尝试进入规格面板匹配...

[DEBUG][get_sku_price_auto] 开始匹配，搜索词: '纪梵希 小羊皮 N306'
[DEBUG][get_sku_identifiers] 提取标识: ['n306', '306']
[DEBUG][get_sku_price_auto] 当前已选规格不匹配，尝试点击规格...
[DEBUG][_click_sku_by_identifier] 尝试点击标识: 'n306'
[DEBUG][_click_sku_by_identifier] 尝试点击标识: '306'
[DEBUG][get_sku_price_auto] 所有标识尝试完毕，仍无价格
⚠️ 规格匹配未获取到有效价格，已记录为匹配失败，校验结果强制为不通过

================================================================================
货品名称：【纪梵希】口红N37小羊皮306限量红丝绒哑光N35玫瑰礼盒节日礼物正品
关键词：纪梵希 小羊皮 N306
原价：178.0 | 现价：178.0
匹配规格：匹配失败 | 规格价格：
百亿补贴：否 | 日期：
校验通过：❌ False
================================================================================
✅ 优先级 1 中已有商品通过校验，停止降级
📁 采集记录已保存，总行数：392
📋 校验记录已保存，总记录数：294
✅ 序号 124 已标记为已采集

⏸ 等待 1 秒后继续...
⏳ 等待下一个商品：[██████████████████████████████] 100% (1/1s)

🔍 搜索：纪梵希四宫格散粉1号色

===== 优先级 4，共 1 个商品 =====
--- 进入商品 1/1 ---
============================================================
搜索词 ：纪梵希四宫格散粉1号色
商品名 ：【正品行货】GIVENCHY纪梵希四宫格散粉四色定妆粉1号色*2 两盒装
品牌    ：纪梵希 → 纪梵希 | ✅
容量规格：set() → {'2'} | ✅
色号    ：set() → set()
浓度    ： →  | ✅
简装    ： →  | ✅
套装    ：不含 → 不含 | ✅
清洗后  ：四宫格散粉1号色 → 四宫格散粉四色定妆粉1号色
品名匹配：词袋(100.0%) | ✅
结果    ：✅ PASS | 原因：所有检查通过
============================================================

================================================================================
货品名称：【正品行货】GIVENCHY纪梵希四宫格散粉四色定妆粉1号色*2 两盒装
关键词：纪梵希四宫格散粉1号色
原价：368.0 | 现价：368.0
百亿补贴：是 | 日期：2025-01-01
校验通过：✅ True
================================================================================
✅ 优先级 4 中已有商品通过校验，停止降级
📁 采集记录已保存，总行数：397
📋 校验记录已保存，总记录数：295
✅ 序号 125 已标记为已采集

⏸ 等待 1 秒后继续...
⏳ 等待下一个商品：[██████████████████████████████] 100% (1/1s)

🔍 搜索：娇兰第四代复原蜜精华50ml

===== 优先级 4，共 2 个商品 =====
--- 进入商品 1/2 ---
============================================================
搜索词 ：娇兰第四代复原蜜精华50ml
商品名 ：【正品行货】Guerlain/娇兰第四代 复原蜜精华50ml
品牌    ：娇兰 → 娇兰 | ✅
容量规格：{'50'} → {'50'} | ✅
色号    ：set() → set()
浓度    ： →  | ✅
简装    ： →  | ✅
套装    ：不含 → 不含 | ✅
清洗后  ：第四代复原蜜 → 第四代复原蜜
品名匹配：词袋(100.0%) | ✅
结果    ：✅ PASS | 原因：所有检查通过
============================================================

================================================================================
货品名称：【正品行货】Guerlain/娇兰第四代 复原蜜精华50ml
关键词：娇兰第四代复原蜜精华50ml
原价：599.0 | 现价：599.0
百亿补贴：是 | 日期：2024-12-01
校验通过：✅ True
================================================================================
--- 进入商品 2/2 ---
============================================================
搜索词 ：娇兰第四代复原蜜精华50ml
商品名 ：【累计热销47.8万+件】娇兰(Guerlain)帝皇蜂姿复原蜜四代精华50ml保湿紧致修护抗皱
品牌    ：娇兰 → 娇兰 | ✅
容量规格：{'50'} → {'50'} | ✅
色号    ：set() → set()
浓度    ： →  | ✅
简装    ： →  | ✅
套装    ：不含 → 不含 | ✅
清洗后  ：第四代复原蜜 → 帝皇蜂姿复原蜜四代紧致抗皱
品名匹配：词袋(60.0%) | ✅
结果    ：✅ PASS | 原因：所有检查通过
============================================================

================================================================================
货品名称：【累计热销47.8万+件】娇兰(Guerlain)帝皇蜂姿复原蜜四代精华50ml保湿紧致修护抗皱
关键词：娇兰第四代复原蜜精华50ml
原价：998.0 | 现价：998.0
百亿补贴：是 | 日期：2025-06-02
校验通过：✅ True
================================================================================
✅ 优先级 4 中已有商品通过校验，停止降级
📁 采集记录已保存，总行数：400
📋 校验记录已保存，总记录数：297
✅ 序号 126 已标记为已采集

⏸ 等待 1 秒后继续...
⏳ 等待下一个商品：[██████████████████████████████] 100% (1/1s)

🔍 搜索：娇韵诗弹簧水200ml

===== 优先级 4，共 1 个商品 =====
--- 进入商品 1/1 ---
============================================================
搜索词 ：娇韵诗弹簧水200ml
商品名 ：【娇韵诗】弹簧三件套水200ml+日霜50ml+晚霜50ml补水保湿
品牌    ：娇韵诗 → 娇韵诗 | ✅
容量规格：{'200'} → {'200', '50'} | ✅
色号    ：set() → set()
浓度    ： →  | ✅
简装    ： →  | ✅
套装    ：不含 → 含 | ❌
清洗后  ：弹簧水 → 弹簧三件套水日霜晚霜补水
品名匹配：词袋(50.0%) | ✅
结果    ：❌ FAIL | 原因：套装状态不一致
============================================================
🔧 标题包含多规格 (容量:{'200', '50'}, 色号:set())，尝试进入规格面板匹配...

[DEBUG][get_sku_price_auto] 开始匹配，搜索词: '娇韵诗弹簧水200ml'
[DEBUG][get_sku_identifiers] 提取标识: ['200ml']
[DEBUG][get_sku_price_auto] 当前已选规格匹配，价格: 748
⚠️ 规格匹配成功但套装不一致，校验不通过

================================================================================
货品名称：【娇韵诗】弹簧三件套水200ml+日霜50ml+晚霜50ml补水保湿
关键词：娇韵诗弹簧水200ml
原价：999.0 | 现价：748
匹配规格：已选: [娇韵诗]弹簧三件套水200ml+日霜50ml+晚霜50ml补水保湿 | 规格价格：748
百亿补贴：是 | 日期：2025-03-01
校验通过：❌ False
================================================================================
⚠️ 优先级 4 全部未通过，尝试下一优先级

===== 优先级 2，共 3 个商品 =====
--- 进入商品 1/3 ---
============================================================
搜索词 ：娇韵诗弹簧水200ml
商品名 ：【正品现货】娇韵诗焕颜紧致弹簧水小姐姐水锁水保湿弹润200ml
品牌    ：娇韵诗 → 娇韵诗 | ✅
容量规格：{'200'} → {'200'} | ✅
色号    ：set() → set()
浓度    ： →  | ✅
简装    ： →  | ✅
套装    ：不含 → 不含 | ✅
清洗后  ：弹簧水 → 焕颜紧致弹簧水小姐姐水锁水弹润
品名匹配：词袋(100.0%) | ✅
结果    ：✅ PASS | 原因：所有检查通过
============================================================

================================================================================
货品名称：【正品现货】娇韵诗焕颜紧致弹簧水小姐姐水锁水保湿弹润200ml
关键词：娇韵诗弹簧水200ml
原价：259.0 | 现价：259.0
百亿补贴：否 | 日期：2025-08-28
校验通过：✅ True
================================================================================
--- 进入商品 2/3 ---
============================================================
搜索词 ：娇韵诗弹簧水200ml
商品名 ：【娇韵诗】紧致焕颜弹力精华水弹簧水200ML
品牌    ：娇韵诗 → 娇韵诗 | ✅
容量规格：{'200'} → {'200'} | ✅
色号    ：set() → set()
浓度    ： →  | ✅
简装    ： →  | ✅
套装    ：不含 → 不含 | ✅
清洗后  ：弹簧水 → 紧致焕颜弹力水弹簧水
品名匹配：词袋(100.0%) | ✅
结果    ：✅ PASS | 原因：所有检查通过
============================================================

================================================================================
货品名称：【娇韵诗】紧致焕颜弹力精华水弹簧水200ML
关键词：娇韵诗弹簧水200ml
原价：229.0 | 现价：229.0
百亿补贴：否 | 日期：2025-09-01
校验通过：✅ True
================================================================================
--- 进入商品 3/3 ---
============================================================
搜索词 ：娇韵诗弹簧水200ml
商品名 ：【娇韵诗】新版弹簧水200ml净颜紧致分龄精华水
品牌    ：娇韵诗 → 娇韵诗 | ✅
容量规格：{'200'} → {'200'} | ✅
色号    ：set() → set()
浓度    ： →  | ✅
简装    ： →  | ✅
套装    ：不含 → 不含 | ✅
清洗后  ：弹簧水 → 新弹簧水净颜紧致分龄水
品名匹配：词袋(100.0%) | ✅
结果    ：✅ PASS | 原因：所有检查通过
============================================================

================================================================================
货品名称：【娇韵诗】新版弹簧水200ml净颜紧致分龄精华水
关键词：娇韵诗弹簧水200ml
原价：299.0 | 现价：299.0
百亿补贴：否 | 日期：2025-05-03
校验通过：✅ True
================================================================================
✅ 优先级 2 中已有商品通过校验，停止降级
📁 采集记录已保存，总行数：406
📋 校验记录已保存，总记录数：301
✅ 序号 127 已标记为已采集

⏸ 等待 1 秒后继续...
⏳ 等待下一个商品：[██████████████████████████████] 100% (1/1s)

🔍 搜索：娇韵诗光芒小瓷瓶精华50ml

===== 优先级 4，共 1 个商品 =====
--- 进入商品 1/1 ---
============================================================
搜索词 ：娇韵诗光芒小瓷瓶精华50ml
商品名 ：【周大福】经典传承系列苹果珠大克重素手串足金黄金手链计价F235862
品牌    ：娇韵诗 → 未匹配 | ❌
容量规格：{'50'} → set() | ❌
色号    ：set() → {'f235862'}
浓度    ： →  | ✅
简装    ： →  | ✅
套装    ：不含 → 不含 | ✅
清洗后  ：光芒小瓷瓶 → 经典传承系列苹果珠大克重素手串足金黄金手链计价f235862
品名匹配：LCS子序列(0.0%) | ❌
结果    ：❌ FAIL | 原因：品牌不一致；规格不匹配；品名相似不足(ratio=0.0%)
============================================================
🔧 校验失败原因为规格不匹配，尝试进入规格面板匹配...

[DEBUG][get_sku_price_auto] 开始匹配，搜索词: '娇韵诗光芒小瓷瓶精华50ml'
[DEBUG][get_sku_identifiers] 提取标识: ['50ml']
[DEBUG][get_sku_price_auto] 当前已选规格不匹配，尝试点击规格...
[DEBUG][get_sku_price_auto] 所有标识尝试完毕，仍无价格
⚠️ 规格匹配未获取到有效价格，已记录为匹配失败，校验结果强制为不通过

================================================================================
货品名称：【周大福】经典传承系列苹果珠大克重素手串足金黄金手链计价F235862
关键词：娇韵诗光芒小瓷瓶精华50ml
原价：57273.4 | 现价：57263.4
匹配规格：匹配失败 | 规格价格：
百亿补贴：是 | 日期：
校验通过：❌ False
================================================================================
⚠️ 优先级 4 全部未通过，尝试下一优先级
🔽 降级到全球购，返回顶部并重新识别（不自动下滑）

===== 优先级 1，共 3 个商品 =====
--- 进入商品 1/3 ---
============================================================
搜索词 ：娇韵诗光芒小瓷瓶精华50ml
商品名 ：正品Clanrins娇韵诗光芒小瓷瓶美白面部精华50ml提亮肤色改善暗沉【5天内发货】
品牌    ：娇韵诗 → 娇韵诗 | ✅
容量规格：{'50'} → {'50'} | ✅
色号    ：set() → set()
浓度    ： →  | ✅
简装    ： →  | ✅
套装    ：不含 → 不含 | ✅
清洗后  ：光芒小瓷瓶 → clanrins光芒小瓷瓶美白面部提亮肤色改善暗沉
品名匹配：词袋(100.0%) | ✅
结果    ：✅ PASS | 原因：所有检查通过
============================================================

================================================================================
货品名称：正品Clanrins娇韵诗光芒小瓷瓶美白面部精华50ml提亮肤色改善暗沉【5天内发货】
关键词：娇韵诗光芒小瓷瓶精华50ml
原价：362.5 | 现价：362.5
百亿补贴：否 | 日期：
校验通过：✅ True
================================================================================
--- 进入商品 2/3 ---
============================================================
搜索词 ：娇韵诗光芒小瓷瓶精华50ml
商品名 ：CLARINS娇韵诗 光芒小瓷瓶美白淡斑面部精华50ml提亮肤色改善暗沉【5天内发货】
品牌    ：娇韵诗 → 娇韵诗 | ✅
容量规格：{'50'} → {'50'} | ✅
色号    ：set() → set()
浓度    ： →  | ✅
简装    ： →  | ✅
套装    ：不含 → 不含 | ✅
清洗后  ：光芒小瓷瓶 → 光芒小瓷瓶美白淡斑面部提亮肤色改善暗沉
品名匹配：词袋(100.0%) | ✅
结果    ：✅ PASS | 原因：所有检查通过
============================================================

================================================================================
货品名称：CLARINS娇韵诗 光芒小瓷瓶美白淡斑面部精华50ml提亮肤色改善暗沉【5天内发货】
关键词：娇韵诗光芒小瓷瓶精华50ml
原价：328.0 | 现价：328.0
百亿补贴：否 | 日期：
校验通过：✅ True
================================================================================
--- 进入商品 3/3 ---
============================================================
搜索词 ：娇韵诗光芒小瓷瓶精华50ml
商品名 ：【娇韵诗】光芒小瓷瓶精华液美白焕亮淡斑淡痘印补水护肤
品牌    ：娇韵诗 → 娇韵诗 | ✅
容量规格：{'50'} → set() | ❌
色号    ：set() → set()
浓度    ： →  | ✅
简装    ： →  | ✅
套装    ：不含 → 不含 | ✅
清洗后  ：光芒小瓷瓶 → 光芒小瓷瓶液美白淡斑淡痘印补水护肤
品名匹配：词袋(100.0%) | ✅
结果    ：❌ FAIL | 原因：规格不匹配
============================================================
🔧 校验失败原因为规格不匹配，尝试进入规格面板匹配...

[DEBUG][get_sku_price_auto] 开始匹配，搜索词: '娇韵诗光芒小瓷瓶精华50ml'
[DEBUG][get_sku_identifiers] 提取标识: ['50ml']
[DEBUG][get_sku_price_auto] 当前已选规格匹配，价格: 235
✅ 规格匹配成功，且品名已匹配，校验通过

================================================================================
货品名称：【娇韵诗】光芒小瓷瓶精华液美白焕亮淡斑淡痘印补水护肤
关键词：娇韵诗光芒小瓷瓶精华50ml
原价：356.0 | 现价：235
匹配规格：已选: 50mL 光芒小瓷瓶[23年11月产] | 规格价格：235
百亿补贴：否 | 日期：
校验通过：✅ True
================================================================================
✅ 优先级 1 中已有商品通过校验，停止降级
📁 采集记录已保存，总行数：414
📋 校验记录已保存，总记录数：305
✅ 序号 128 已标记为已采集

⏸ 等待 1 秒后继续...
⏳ 等待下一个商品：[██████████████████████████████] 100% (1/1s)

🔍 搜索：娇韵诗双萃精华50ml九代新版

===== 优先级 4，共 2 个商品 =====
--- 进入商品 1/2 ---
============================================================
搜索词 ：娇韵诗双萃精华50ml九代新版
商品名 ：【海外直采】顺丰Clarins娇韵诗第九代双萃赋活精华露50ml双支装
品牌    ：娇韵诗 → 娇韵诗 | ✅
容量规格：{'50'} → {'50'} | ✅
色号    ：set() → set()
浓度    ： →  | ✅
简装    ： →  | ✅
套装    ：不含 → 不含 | ✅
清洗后  ：双萃九代新 → 顺丰第九代双萃赋活露
品名匹配：词袋(50.0%) | ✅
结果    ：✅ PASS | 原因：所有检查通过
============================================================

================================================================================
货品名称：【海外直采】顺丰Clarins娇韵诗第九代双萃赋活精华露50ml双支装
关键词：娇韵诗双萃精华50ml九代新版
原价：998.0 | 现价：777.0
百亿补贴：是 | 日期：2025-08-01
校验通过：✅ True
================================================================================
--- 进入商品 2/2 ---
============================================================
搜索词 ：娇韵诗双萃精华50ml九代新版
商品名 ：【娇韵诗】九代双萃精华50ml/瓶滋润补水
品牌    ：娇韵诗 → 娇韵诗 | ✅
容量规格：{'50'} → {'50'} | ✅
色号    ：set() → set()
浓度    ： →  | ✅
简装    ： →  | ✅
套装    ：不含 → 不含 | ✅
清洗后  ：双萃九代新 → 九代双萃补水
品名匹配：词袋(50.0%) | ✅
结果    ：✅ PASS | 原因：所有检查通过
============================================================

================================================================================
货品名称：【娇韵诗】九代双萃精华50ml/瓶滋润补水
关键词：娇韵诗双萃精华50ml九代新版
原价：599.0 | 现价：599.0
百亿补贴：是 | 日期：2025-04-16
校验通过：✅ True
================================================================================
✅ 优先级 4 中已有商品通过校验，停止降级
📁 采集记录已保存，总行数：420
📋 校验记录已保存，总记录数：307
✅ 序号 129 已标记为已采集

⏸ 等待 1 秒后继续...
⏳ 等待下一个商品：[██████████████████████████████] 100% (1/1s)

🔍 搜索：娇韵诗双萃精华清爽50ML

===== 优先级 2，共 1 个商品 =====
--- 进入商品 1/1 ---
============================================================
搜索词 ：娇韵诗双萃精华清爽50ML
商品名 ：【娇韵诗】双萃焕活修护精华露50ml清爽九代补水
品牌    ：娇韵诗 → 娇韵诗 | ✅
容量规格：{'50'} → {'50'} | ✅
色号    ：set() → set()
浓度    ： →  | ✅
简装    ： →  | ✅
套装    ：不含 → 不含 | ✅
清洗后  ：双萃 → 双萃焕活露九代补水
品名匹配：词袋(100.0%) | ✅
结果    ：✅ PASS | 原因：所有检查通过
============================================================

================================================================================
货品名称：【娇韵诗】双萃焕活修护精华露50ml清爽九代补水
关键词：娇韵诗双萃精华清爽50ML
原价：539.0 | 现价：539.0
百亿补贴：否 | 日期：2025-11-01
校验通过：✅ True
================================================================================
✅ 优先级 2 中已有商品通过校验，停止降级
📁 采集记录已保存，总行数：423
📋 校验记录已保存，总记录数：308
✅ 序号 130 已标记为已采集

⏸ 等待 1 秒后继续...
⏳ 等待下一个商品：[██████████████████████████████] 100% (1/1s)

🔍 搜索：娇韵诗透亮焕白淡斑乳液75mL

===== 优先级 4，共 1 个商品 =====
--- 进入商品 1/1 ---
============================================================
搜索词 ：娇韵诗透亮焕白淡斑乳液75mL
商品名 ：【正品行货】Clarins/娇韵诗透亮焕白淡斑乳液75ml牛奶乳美白水润
品牌    ：娇韵诗 → 娇韵诗 | ✅
容量规格：{'75'} → {'75'} | ✅
色号    ：set() → set()
浓度    ： →  | ✅
简装    ： →  | ✅
套装    ：不含 → 不含 | ✅
清洗后  ：透亮焕白淡斑乳液 → 透亮焕白淡斑乳液牛奶乳美白水润
品名匹配：词袋(100.0%) | ✅
结果    ：✅ PASS | 原因：所有检查通过
============================================================

================================================================================
货品名称：【正品行货】Clarins/娇韵诗透亮焕白淡斑乳液75ml牛奶乳美白水润
关键词：娇韵诗透亮焕白淡斑乳液75mL
原价：212.0 | 现价：212.0
百亿补贴：是 | 日期：2024-10-01
校验通过：✅ True
================================================================================
✅ 优先级 4 中已有商品通过校验，停止降级
📁 采集记录已保存，总行数：425
📋 校验记录已保存，总记录数：309
✅ 序号 131 已标记为已采集

⏸ 等待 1 秒后继续...
⏳ 等待下一个商品：[██████████████████████████████] 100% (1/1s)

🔍 搜索：科颜氏白泥面膜125ml 24款

===== 优先级 4，共 2 个商品 =====
--- 进入商品 1/2 ---
============================================================
搜索词 ：科颜氏白泥面膜125ml 24款
商品名 ：【632.5万人收藏该品牌】Kiehls 科颜氏 亚马逊二代白泥面膜 125ml清洁毛孔
品牌    ：科颜氏 → 科颜氏 | ✅
容量规格：{'125'} → {'125'} | ✅
色号    ：set() → {'632'}
浓度    ： →  | ✅
简装    ： →  | ✅
套装    ：不含 → 不含 | ✅
清洗后  ：白泥面膜 → 亚马逊二代白泥面膜清洁毛孔
品名匹配：词袋(100.0%) | ✅
结果    ：✅ PASS | 原因：所有检查通过
============================================================

================================================================================
货品名称：【632.5万人收藏该品牌】Kiehls 科颜氏 亚马逊二代白泥面膜 125ml清洁毛孔
关键词：科颜氏白泥面膜125ml 24款
原价：97.2 | 现价：97.2
百亿补贴：是 | 日期：2025-03-01
校验通过：✅ True
================================================================================
--- 进入商品 2/2 ---
============================================================
搜索词 ：科颜氏白泥面膜125ml 24款
商品名 ：【国柜正品】二代科颜氏白泥面膜125ml清洁泥膜亚马逊控油毛孔涂
品牌    ：科颜氏 → 科颜氏 | ✅
容量规格：{'125'} → {'125'} | ✅
色号    ：set() → set()
浓度    ： →  | ✅
简装    ： →  | ✅
套装    ：不含 → 不含 | ✅
清洗后  ：白泥面膜 → 二代白泥面膜清洁泥膜亚马逊毛孔涂
品名匹配：词袋(100.0%) | ✅
结果    ：✅ PASS | 原因：所有检查通过
============================================================

================================================================================
货品名称：【国柜正品】二代科颜氏白泥面膜125ml清洁泥膜亚马逊控油毛孔涂
关键词：科颜氏白泥面膜125ml 24款
原价：115.0 | 现价：107.0
百亿补贴：是 | 日期：2025-02-01
校验通过：✅ True
================================================================================
✅ 优先级 4 中已有商品通过校验，停止降级
📁 采集记录已保存，总行数：428
📋 校验记录已保存，总记录数：311
✅ 序号 132 已标记为已采集

⏸ 等待 1 秒后继续...
⏳ 等待下一个商品：[██████████████████████████████] 100% (1/1s)

🔍 搜索：科颜氏 高保湿面霜125ml 滋润

===== 优先级 4，共 4 个商品 =====
--- 进入商品 1/4 ---
============================================================
搜索词 ：科颜氏 高保湿面霜125ml 滋润
商品名 ：【正品行货】Kiehl's科颜氏高保湿面霜125ml 国产版 保湿补水
品牌    ：科颜氏 → 科颜氏 | ✅
容量规格：{'125'} → {'125'} | ✅
色号    ：set() → set()
浓度    ： →  | ✅
简装    ： →  | ✅
套装    ：不含 → 不含 | ✅
清洗后  ：高面霜 → 高面霜国产补水
品名匹配：词袋(100.0%) | ✅
结果    ：✅ PASS | 原因：所有检查通过
============================================================

================================================================================
货品名称：【正品行货】Kiehl's科颜氏高保湿面霜125ml 国产版 保湿补水
关键词：科颜氏 高保湿面霜125ml 滋润
原价：260.0 | 现价：178.0
百亿补贴：是 | 日期：2025-08-01
校验通过：✅ True
================================================================================
--- 进入商品 2/4 ---
============================================================
搜索词 ：科颜氏 高保湿面霜125ml 滋润
商品名 ：【正品行货】Kiehl's/科颜氏高保湿面霜保湿补水锁水125ml
品牌    ：科颜氏 → 科颜氏 | ✅
容量规格：{'125'} → {'125'} | ✅
色号    ：set() → set()
浓度    ： →  | ✅
简装    ： →  | ✅
套装    ：不含 → 不含 | ✅
清洗后  ：高面霜 → 高面霜补水锁水
品名匹配：词袋(100.0%) | ✅
结果    ：✅ PASS | 原因：所有检查通过
============================================================

================================================================================
货品名称：【正品行货】Kiehl's/科颜氏高保湿面霜保湿补水锁水125ml
关键词：科颜氏 高保湿面霜125ml 滋润
原价：200.9 | 现价：180.9
百亿补贴：是 | 日期：
校验通过：✅ True
================================================================================
--- 进入商品 3/4 ---
============================================================
搜索词 ：科颜氏 高保湿面霜125ml 滋润
商品名 ：【正品行货】科颜氏高保湿面霜125ml*2国产版深层补水滋润修护
品牌    ：科颜氏 → 科颜氏 | ✅
容量规格：{'125'} → {'125', '2'} | ✅
色号    ：set() → set()
浓度    ： →  | ✅
简装    ： →  | ✅
套装    ：不含 → 不含 | ✅
清洗后  ：高面霜 → 高面霜国产深层补水
品名匹配：词袋(100.0%) | ✅
结果    ：✅ PASS | 原因：所有检查通过
============================================================
🔧 标题包含多规格 (容量:{'125', '2'}, 色号:set())，尝试进入规格面板匹配...

[DEBUG][get_sku_price_auto] 开始匹配，搜索词: '科颜氏 高保湿面霜125ml 滋润'
[DEBUG][get_sku_identifiers] 提取标识: ['125ml']
[DEBUG][get_sku_price_auto] 当前已选规格匹配，价格: 354.4
✅ 规格匹配成功，且品名已匹配，校验通过

================================================================================
货品名称：【正品行货】科颜氏高保湿面霜125ml*2国产版深层补水滋润修护
关键词：科颜氏 高保湿面霜125ml 滋润
原价：589.0 | 现价：354.4
匹配规格：已选: 科颜氏高保湿面霜125ml*2国产版 | 规格价格：354.4
百亿补贴：是 | 日期：2025-10-19
校验通过：✅ True
================================================================================
--- 进入商品 4/4 ---
============================================================
搜索词 ：科颜氏 高保湿面霜125ml 滋润
商品名 ：【Kiehl's】 科颜氏高保湿面霜补水保湿125ml
品牌    ：科颜氏 → 科颜氏 | ✅
容量规格：{'125'} → {'125'} | ✅
色号    ：set() → set()
浓度    ： →  | ✅
简装    ： →  | ✅
套装    ：不含 → 不含 | ✅
清洗后  ：高面霜 → 高面霜补水
品名匹配：词袋(100.0%) | ✅
结果    ：✅ PASS | 原因：所有检查通过
============================================================

================================================================================
货品名称：【Kiehl's】 科颜氏高保湿面霜补水保湿125ml
关键词：科颜氏 高保湿面霜125ml 滋润
原价：180.0 | 现价：180.0
百亿补贴：是 | 日期：2024-10-01
校验通过：✅ True
================================================================================
✅ 优先级 4 中已有商品通过校验，停止降级
📁 采集记录已保存，总行数：434
📋 校验记录已保存，总记录数：315
✅ 序号 133 已标记为已采集

⏸ 等待 1 秒后继续...
⏳ 等待下一个商品：[██████████████████████████████] 100% (1/1s)

🔍 搜索：科颜氏 金盏花洁面啫喱230ml

===== 优先级 4，共 1 个商品 =====
--- 进入商品 1/1 ---
============================================================
搜索词 ：科颜氏 金盏花洁面啫喱230ml
商品名 ：【国柜正品】科颜氏洗面奶金盏花洁面啫喱230ml保湿氨基酸洁面
品牌    ：科颜氏 → 科颜氏 | ✅
容量规格：{'230'} → {'230'} | ✅
色号    ：set() → set()
浓度    ： →  | ✅
简装    ： →  | ✅
套装    ：不含 → 不含 | ✅
清洗后  ：金盏花洁面啫喱 → 洗面奶金盏花洁面啫喱氨基酸洁面
品名匹配：词袋(100.0%) | ✅
结果    ：✅ PASS | 原因：所有检查通过
============================================================

================================================================================
货品名称：【国柜正品】科颜氏洗面奶金盏花洁面啫喱230ml保湿氨基酸洁面
关键词：科颜氏 金盏花洁面啫喱230ml
原价：107.9 | 现价：107.9
百亿补贴：否 | 日期：
校验通过：✅ True
================================================================================
✅ 优先级 4 中已有商品通过校验，停止降级
📁 采集记录已保存，总行数：439
📋 校验记录已保存，总记录数：316
✅ 序号 134 已标记为已采集

⏸ 等待 1 秒后继续...
⏳ 等待下一个商品：[██████████████████████████████] 100% (1/1s)

🔍 搜索：科颜氏 金盏花面霜100ml

===== 优先级 2，共 2 个商品 =====
--- 进入商品 1/2 ---
============================================================
搜索词 ：科颜氏 金盏花面霜100ml
商品名 ：【Kiehl's】科颜氏面霜金盏花精华爆水男女控油补水保湿滋润清爽100ml
品牌    ：科颜氏 → 科颜氏 | ✅
容量规格：{'100'} → {'100'} | ✅
色号    ：set() → set()
浓度    ： →  | ✅
简装    ： →  | ✅
套装    ：不含 → 不含 | ✅
清洗后  ：金盏花面霜 → 面霜金盏花爆水男女补水
品名匹配：词袋(75.0%) | ✅
结果    ：✅ PASS | 原因：所有检查通过
============================================================

================================================================================
货品名称：【Kiehl's】科颜氏面霜金盏花精华爆水男女控油补水保湿滋润清爽100ml
关键词：科颜氏 金盏花面霜100ml
原价：318.4 | 现价：318.4
百亿补贴：否 | 日期：
校验通过：✅ True
================================================================================
--- 进入商品 2/2 ---
============================================================
搜索词 ：科颜氏 金盏花面霜100ml
商品名 ：【Kiehl's】科颜氏面霜金盏花精华爆水男女控油补水保湿滋润清爽100ml
品牌    ：科颜氏 → 科颜氏 | ✅
容量规格：{'100'} → {'100'} | ✅
色号    ：set() → set()
浓度    ： →  | ✅
简装    ： →  | ✅
套装    ：不含 → 不含 | ✅
清洗后  ：金盏花面霜 → 面霜金盏花爆水男女补水
品名匹配：词袋(75.0%) | ✅
结果    ：✅ PASS | 原因：所有检查通过
============================================================

================================================================================
货品名称：【Kiehl's】科颜氏面霜金盏花精华爆水男女控油补水保湿滋润清爽100ml
关键词：科颜氏 金盏花面霜100ml
原价：318.4 | 现价：318.4
百亿补贴：否 | 日期：
校验通过：✅ True
================================================================================
✅ 优先级 2 中已有商品通过校验，停止降级
📁 采集记录已保存，总行数：441
📋 校验记录已保存，总记录数：318
✅ 序号 135 已标记为已采集

⏸ 等待 1 秒后继续...
⏳ 等待下一个商品：[██████████████████████████████] 100% (1/1s)

🔍 搜索：科颜氏 金盏花面霜50ml

===== 优先级 4，共 1 个商品 =====
--- 进入商品 1/1 ---
============================================================
搜索词 ：科颜氏 金盏花面霜50ml
商品名 ：官方狂补价41440.79官方狂补5869.21元10276人想拼·快要抢光百亿补贴
品牌    ：科颜氏 → 未匹配 | ❌
容量规格：{'50'} → set() | ❌
色号    ：set() → {'5869'}
浓度    ： →  | ✅
简装    ： →  | ✅
套装    ：不含 → 不含 | ✅
清洗后  ：金盏花面霜 → 官方狂补价41440官方狂补元10276人想拼快要抢光百亿补贴
品名匹配：LCS子序列(0.0%) | ❌
结果    ：❌ FAIL | 原因：品牌不一致；规格不匹配；品名相似不足(ratio=0.0%)
============================================================
🔧 校验失败原因为规格不匹配，尝试进入规格面板匹配...

[DEBUG][get_sku_price_auto] 开始匹配，搜索词: '科颜氏 金盏花面霜50ml'
[DEBUG][get_sku_identifiers] 提取标识: ['50ml']
[DEBUG][get_sku_price_auto] 当前已选规格不匹配，尝试点击规格...
[DEBUG][get_sku_price_auto] 所有标识尝试完毕，仍无价格
⚠️ 规格匹配未获取到有效价格，已记录为匹配失败，校验结果强制为不通过

================================================================================
货品名称：官方狂补价41440.79官方狂补5869.21元10276人想拼·快要抢光百亿补贴
关键词：科颜氏 金盏花面霜50ml
原价：41440.79 | 现价：41440.79
匹配规格：匹配失败 | 规格价格：
百亿补贴：是 | 日期：
校验通过：❌ False
================================================================================
⚠️ 优先级 4 全部未通过，尝试下一优先级
🔽 降级到全球购，返回顶部并重新识别（不自动下滑）

===== 优先级 1，共 3 个商品 =====
--- 进入商品 1/3 ---
============================================================
搜索词 ：科颜氏 金盏花面霜50ml
商品名 ：【科颜氏】金盏花面霜50ml一秒爆水修护屏障油皮挚爱面霜【5天内发货】
品牌    ：科颜氏 → 科颜氏 | ✅
容量规格：{'50'} → {'50'} | ✅
色号    ：set() → set()
浓度    ： →  | ✅
简装    ： →  | ✅
套装    ：不含 → 不含 | ✅
清洗后  ：金盏花面霜 → 金盏花面霜一秒爆水屏障挚爱面霜
品名匹配：词袋(100.0%) | ✅
结果    ：✅ PASS | 原因：所有检查通过
============================================================

================================================================================
货品名称：【科颜氏】金盏花面霜50ml一秒爆水修护屏障油皮挚爱面霜【5天内发货】
关键词：科颜氏 金盏花面霜50ml
原价：129.83 | 现价：129.83
百亿补贴：否 | 日期：
校验通过：✅ True
================================================================================
--- 进入商品 2/3 ---
============================================================
搜索词 ：科颜氏 金盏花面霜50ml
商品名 ：【科颜氏】金盏花面霜50ml爆水舒缓修护油痘敏肌清爽保湿【5天内发货】
品牌    ：科颜氏 → 科颜氏 | ✅
容量规格：{'50'} → {'50'} | ✅
色号    ：set() → set()
浓度    ： →  | ✅
简装    ： →  | ✅
套装    ：不含 → 不含 | ✅
清洗后  ：金盏花面霜 → 金盏花面霜爆水舒缓油痘敏肌
品名匹配：词袋(100.0%) | ✅
结果    ：✅ PASS | 原因：所有检查通过
============================================================

================================================================================
货品名称：【科颜氏】金盏花面霜50ml爆水舒缓修护油痘敏肌清爽保湿【5天内发货】
关键词：科颜氏 金盏花面霜50ml
原价：129.85 | 现价：129.85
百亿补贴：否 | 日期：
校验通过：✅ True
================================================================================
--- 进入商品 3/3 ---
============================================================
搜索词 ：科颜氏 金盏花面霜50ml
商品名 ：[科颜氏]金盏花面霜50ml控油补水保湿滋润清爽水活修护霜【5天内发货】
品牌    ：科颜氏 → 科颜氏 | ✅
容量规格：{'50'} → {'50'} | ✅
色号    ：set() → set()
浓度    ： →  | ✅
简装    ： →  | ✅
套装    ：不含 → 不含 | ✅
清洗后  ：金盏花面霜 → 金盏花面霜补水水活霜
品名匹配：词袋(100.0%) | ✅
结果    ：✅ PASS | 原因：所有检查通过
============================================================

================================================================================
货品名称：[科颜氏]金盏花面霜50ml控油补水保湿滋润清爽水活修护霜【5天内发货】
关键词：科颜氏 金盏花面霜50ml
原价：288.0 | 现价：288.0
百亿补贴：否 | 日期：
校验通过：✅ True
================================================================================
✅ 优先级 1 中已有商品通过校验，停止降级
📁 采集记录已保存，总行数：446
📋 校验记录已保存，总记录数：322
✅ 序号 136 已标记为已采集

⏸ 等待 1 秒后继续...
⏳ 等待下一个商品：[██████████████████████████████] 100% (1/1s)

🔍 搜索：科颜氏 金盏花爽肤水250ml

===== 优先级 4，共 2 个商品 =====
--- 进入商品 1/2 ---
============================================================
搜索词 ：科颜氏 金盏花爽肤水250ml
商品名 ：【国柜正品】科颜氏金盏花植物爽肤水控油祛痘舒缓250ml收缩毛孔
品牌    ：科颜氏 → 科颜氏 | ✅
容量规格：{'250'} → {'250'} | ✅
色号    ：set() → set()
浓度    ： →  | ✅
简装    ： →  | ✅
套装    ：不含 → 不含 | ✅
清洗后  ：金盏花爽肤水 → 金盏花植物爽肤水祛痘舒缓收缩毛孔
品名匹配：词袋(80.0%) | ✅
结果    ：✅ PASS | 原因：所有检查通过
============================================================

================================================================================
货品名称：【国柜正品】科颜氏金盏花植物爽肤水控油祛痘舒缓250ml收缩毛孔
关键词：科颜氏 金盏花爽肤水250ml
原价：116.4 | 现价：116.4
百亿补贴：是 | 日期：2026-02-01
校验通过：✅ True
================================================================================
--- 进入商品 2/2 ---
============================================================
搜索词 ：科颜氏 金盏花爽肤水250ml
商品名 ：【科颜氏】金盏花爽肤水250ml收缩毛孔补水保湿精华水
品牌    ：科颜氏 → 科颜氏 | ✅
容量规格：{'250'} → {'250'} | ✅
色号    ：set() → set()
浓度    ： →  | ✅
简装    ： →  | ✅
套装    ：不含 → 不含 | ✅
清洗后  ：金盏花爽肤水 → 金盏花爽肤水收缩毛孔补水水
品名匹配：词袋(100.0%) | ✅
结果    ：✅ PASS | 原因：所有检查通过
============================================================

================================================================================
货品名称：【科颜氏】金盏花爽肤水250ml收缩毛孔补水保湿精华水
关键词：科颜氏 金盏花爽肤水250ml
原价：189.0 | 现价：117.9
百亿补贴：是 | 日期：2025-03-01
校验通过：✅ True
================================================================================
✅ 优先级 4 中已有商品通过校验，停止降级
📁 采集记录已保存，总行数：452
📋 校验记录已保存，总记录数：324
✅ 序号 137 已标记为已采集

⏸ 等待 1 秒后继续...
⏳ 等待下一个商品：[██████████████████████████████] 100% (1/1s)

🔍 搜索：科颜氏 金盏花植物精华化妆水500ml

===== 优先级 4，共 1 个商品 =====
--- 进入商品 1/1 ---
============================================================
搜索词 ：科颜氏 金盏花植物精华化妆水500ml
商品名 ：【蒋家匠】红木家具缅甸花梨(学名:大果紫檀)新中式实木客厅沙发组合【30天内发货】
品牌    ：科颜氏 → 未匹配 | ❌
容量规格：{'500'} → set() | ❌
色号    ：set() → {'紫色', '30'}
浓度    ： →  | ✅
简装    ： →  | ✅
套装    ：不含 → 不含 | ✅
清洗后  ：金盏花植物化妆水 → 红木家具缅甸花梨新中式实木客厅沙发组合
品名匹配：LCS子序列(12.5%) | ❌
结果    ：❌ FAIL | 原因：品牌不一致；规格不匹配；品名相似不足(ratio=12.5%)
============================================================
🔧 标题包含多规格 (容量:set(), 色号:{'紫色', '30'})，尝试进入规格面板匹配...

[DEBUG][get_sku_price_auto] 开始匹配，搜索词: '科颜氏 金盏花植物精华化妆水500ml'
[DEBUG][get_sku_identifiers] 提取标识: ['500ml']
[DEBUG][get_sku_price_auto] 当前已选规格不匹配，尝试点击规格...
[DEBUG][get_sku_price_auto] 所有标识尝试完毕，仍无价格
⚠️ 规格匹配未获取到有效价格，已记录为匹配失败，校验结果强制为不通过

================================================================================
货品名称：【蒋家匠】红木家具缅甸花梨(学名:大果紫檀)新中式实木客厅沙发组合【30天内发货】
关键词：科颜氏 金盏花植物精华化妆水500ml
原价：49608.0 | 现价：49608.0
匹配规格：匹配失败 | 规格价格：
百亿补贴：是 | 日期：
校验通过：❌ False
================================================================================
⚠️ 优先级 4 全部未通过，尝试下一优先级

===== 优先级 2，共 2 个商品 =====
--- 进入商品 1/2 ---
============================================================
搜索词 ：科颜氏 金盏花植物精华化妆水500ml
商品名 ：【正品行货】科颜氏金盏花多肽精华爽肤水保湿水控油祛痘舒缓
品牌    ：科颜氏 → 科颜氏 | ✅
容量规格：{'500'} → set() | ❌
色号    ：set() → set()
浓度    ： →  | ✅
简装    ： →  | ✅
套装    ：不含 → 不含 | ✅
清洗后  ：金盏花植物化妆水 → 金盏花多肽爽肤水水祛痘舒缓
品名匹配：LCS子序列(50.0%) | ✅
结果    ：❌ FAIL | 原因：规格不匹配
============================================================
🔧 校验失败原因为规格不匹配，尝试进入规格面板匹配...

[DEBUG][get_sku_price_auto] 开始匹配，搜索词: '科颜氏 金盏花植物精华化妆水500ml'
[DEBUG][get_sku_identifiers] 提取标识: ['500ml']
[DEBUG][get_sku_price_auto] 当前已选规格不匹配，尝试点击规格...
[DEBUG][get_sku_price_auto] 所有标识尝试完毕，仍无价格
⚠️ 规格匹配未获取到有效价格，已记录为匹配失败，校验结果强制为不通过

================================================================================
货品名称：【正品行货】科颜氏金盏花多肽精华爽肤水保湿水控油祛痘舒缓
关键词：科颜氏 金盏花植物精华化妆水500ml
原价：199.0 | 现价：199.0
匹配规格：匹配失败 | 规格价格：
百亿补贴：否 | 日期：2025-06-01
校验通过：❌ False
================================================================================
--- 进入商品 2/2 ---
============================================================
搜索词 ：科颜氏 金盏花植物精华化妆水500ml
商品名 ：【国柜正品】科颜氏金盏花精华爽肤水250ml湿敷水控油祛痘闭口
品牌    ：科颜氏 → 科颜氏 | ✅
容量规格：{'500'} → {'250'} | ❌
色号    ：set() → set()
浓度    ： →  | ✅
简装    ： →  | ✅
套装    ：不含 → 不含 | ✅
清洗后  ：金盏花植物化妆水 → 金盏花爽肤水湿敷水祛痘闭口
品名匹配：LCS子序列(50.0%) | ✅
结果    ：❌ FAIL | 原因：规格不匹配
============================================================
🔧 校验失败原因为规格不匹配，尝试进入规格面板匹配...

[DEBUG][get_sku_price_auto] 开始匹配，搜索词: '科颜氏 金盏花植物精华化妆水500ml'
[DEBUG][get_sku_identifiers] 提取标识: ['500ml']
[DEBUG][get_sku_price_auto] 当前已选规格不匹配，尝试点击规格...
[DEBUG][get_sku_price_auto] 所有标识尝试完毕，仍无价格
⚠️ 规格匹配未获取到有效价格，已记录为匹配失败，校验结果强制为不通过

================================================================================
货品名称：【国柜正品】科颜氏金盏花精华爽肤水250ml湿敷水控油祛痘闭口
关键词：科颜氏 金盏花植物精华化妆水500ml
原价：208.0 | 现价：208.0
匹配规格：匹配失败 | 规格价格：
百亿补贴：否 | 日期：
校验通过：❌ False
================================================================================
⚠️ 优先级 2 全部未通过，尝试下一优先级
🔽 降级到全球购，返回顶部并重新识别（不自动下滑）

===== 优先级 1，共 3 个商品 =====
--- 进入商品 1/3 ---
============================================================
搜索词 ：科颜氏 金盏花植物精华化妆水500ml
商品名 ：【科颜氏】金盏花爽肤水500ml补水保湿控油维稳精华水【5天内发货】
品牌    ：科颜氏 → 科颜氏 | ✅
容量规格：{'500'} → {'500'} | ✅
色号    ：set() → set()
浓度    ： →  | ✅
简装    ： →  | ✅
套装    ：不含 → 不含 | ✅
清洗后  ：金盏花植物化妆水 → 金盏花爽肤水补水维稳水
品名匹配：LCS子序列(50.0%) | ✅
结果    ：✅ PASS | 原因：所有检查通过
============================================================

================================================================================
货品名称：【科颜氏】金盏花爽肤水500ml补水保湿控油维稳精华水【5天内发货】
关键词：科颜氏 金盏花植物精华化妆水500ml
原价：229.0 | 现价：229.0
百亿补贴：否 | 日期：2025-06-01
校验通过：✅ True
================================================================================
--- 进入商品 2/3 ---
============================================================
搜索词 ：科颜氏 金盏花植物精华化妆水500ml
商品名 ：【全球购正品】科颜氏金盏花植物精粹爽肤水双支装 500ML+500ML
品牌    ：科颜氏 → 科颜氏 | ✅
容量规格：{'500'} → {'500'} | ✅
色号    ：set() → set()
浓度    ： →  | ✅
简装    ： →  | ✅
套装    ：不含 → 含 | ❌
清洗后  ：金盏花植物化妆水 → 金盏花植物精粹爽肤水
品名匹配：词袋(57.1%) | ✅
结果    ：❌ FAIL | 原因：套装状态不一致
============================================================

================================================================================
货品名称：【全球购正品】科颜氏金盏花植物精粹爽肤水双支装 500ML+500ML
关键词：科颜氏 金盏花植物精华化妆水500ml
原价：599.0 | 现价：599.0
百亿补贴：否 | 日期：
校验通过：❌ False
================================================================================
--- 进入商品 3/3 ---
============================================================
搜索词 ：科颜氏 金盏花植物精华化妆水500ml
商品名 ：【Kiehl's】科颜氏金盏花植萃爽肤水保湿精华水收缩毛孔补水舒缓250ml
品牌    ：科颜氏 → 科颜氏 | ✅
容量规格：{'500'} → {'250'} | ❌
色号    ：set() → set()
浓度    ： →  | ✅
简装    ： →  | ✅
套装    ：不含 → 不含 | ✅
清洗后  ：金盏花植物化妆水 → 金盏花植萃爽肤水水收缩毛孔补水舒缓
品名匹配：词袋(42.9%) | ✅
结果    ：❌ FAIL | 原因：规格不匹配
============================================================
🔧 校验失败原因为规格不匹配，尝试进入规格面板匹配...

[DEBUG][get_sku_price_auto] 开始匹配，搜索词: '科颜氏 金盏花植物精华化妆水500ml'
[DEBUG][get_sku_identifiers] 提取标识: ['500ml']
[DEBUG][get_sku_price_auto] 当前已选规格不匹配，尝试点击规格...
[DEBUG] 容量 500ml 找到 1 个控件
[DEBUG] 点击唯一容量控件: 500ml
[DEBUG] 容量 500ml 匹配成功，价格: 232
✅ 规格匹配成功，且品名已匹配，校验通过

================================================================================
货品名称：【Kiehl's】科颜氏金盏花植萃爽肤水保湿精华水收缩毛孔补水舒缓250ml
关键词：科颜氏 金盏花植物精华化妆水500ml
原价：134.0 | 现价：232
匹配规格：已选: 500mL 金盏花爽肤水 | 规格价格：232
百亿补贴：否 | 日期：
校验通过：✅ True
================================================================================
✅ 优先级 1 中已有商品通过校验，停止降级
📁 采集记录已保存，总行数：460
📋 校验记录已保存，总记录数：330
✅ 序号 138 已标记为已采集

⏸ 等待 1 秒后继续...
⏳ 等待下一个商品：[██████████████████████████████] 100% (1/1s)

🔍 搜索：科颜氏 美白淡斑精华100ml

===== 优先级 4，共 2 个商品 =====
--- 进入商品 1/2 ---
============================================================
搜索词 ：科颜氏 美白淡斑精华100ml
商品名 ：小米品牌官方正品，100%保障
品牌    ：科颜氏 → 未匹配 | ❌
容量规格：{'100'} → set() | ❌
色号    ：set() → {'100'}
浓度    ： →  | ✅
简装    ： →  | ✅
套装    ：不含 → 不含 | ✅
清洗后  ：美白淡斑 → 小米品牌官方保障
品名匹配：LCS子序列(0.0%) | ❌
结果    ：❌ FAIL | 原因：品牌不一致；规格不匹配；品名相似不足(ratio=0.0%)
============================================================
🔧 校验失败原因为规格不匹配，尝试进入规格面板匹配...

[DEBUG][get_sku_price_auto] 开始匹配，搜索词: '科颜氏 美白淡斑精华100ml'
[DEBUG][get_sku_identifiers] 提取标识: ['100ml']
[DEBUG][get_sku_price_auto] 当前已选规格不匹配，尝试点击规格...
[DEBUG][get_sku_price_auto] 所有标识尝试完毕，仍无价格
⚠️ 规格匹配未获取到有效价格，已记录为匹配失败，校验结果强制为不通过

================================================================================
货品名称：小米品牌官方正品，100%保障
关键词：科颜氏 美白淡斑精华100ml
原价：10999.0 | 现价：10999.0
匹配规格：匹配失败 | 规格价格：
百亿补贴：是 | 日期：
校验通过：❌ False
================================================================================
--- 进入商品 2/2 ---
============================================================
搜索词 ：科颜氏 美白淡斑精华100ml
商品名 ：【正品行货】科颜氏安白瓶淡斑精华液VC美白淡痘印保湿礼盒送礼
品牌    ：科颜氏 → 科颜氏 | ✅
容量规格：{'100'} → set() | ❌
色号    ：set() → set()
浓度    ： →  | ✅
简装    ： →  | ✅
套装    ：不含 → 不含 | ✅
清洗后  ：美白淡斑 → 安白瓶淡斑液vc美白淡痘印礼盒送礼
品名匹配：词袋(100.0%) | ✅
结果    ：❌ FAIL | 原因：规格不匹配
============================================================
🔧 校验失败原因为规格不匹配，尝试进入规格面板匹配...

[DEBUG][get_sku_price_auto] 开始匹配，搜索词: '科颜氏 美白淡斑精华100ml'
[DEBUG][get_sku_identifiers] 提取标识: ['100ml']
[DEBUG][get_sku_price_auto] 当前已选规格不匹配，尝试点击规格...
[DEBUG][get_sku_price_auto] 所有标识尝试完毕，仍无价格
⚠️ 规格匹配未获取到有效价格，已记录为匹配失败，校验结果强制为不通过

================================================================================
货品名称：【正品行货】科颜氏安白瓶淡斑精华液VC美白淡痘印保湿礼盒送礼
关键词：科颜氏 美白淡斑精华100ml
原价：299.0 | 现价：299.0
匹配规格：匹配失败 | 规格价格：
百亿补贴：是 | 日期：2025-12-01
校验通过：❌ False
================================================================================
⚠️ 优先级 4 全部未通过，尝试下一优先级
🔽 降级到全球购，返回顶部并重新识别（不自动下滑）
Traceback (most recent call last):
  File "/Users/vincentli/PycharmProjects/PythonProject/2026-4 群控/yolo/整合详情页采集/采集10.4 日志.py", line 849, in <module>
    main()
  File "/Users/vincentli/PycharmProjects/PythonProject/2026-4 群控/yolo/整合详情页采集/采集10.4 日志.py", line 834, in main
    select_and_collect_best_product(kw, idx)
  File "/Users/vincentli/PycharmProjects/PythonProject/2026-4 群控/yolo/整合详情页采集/采集10.4 日志.py", line 763, in select_and_collect_best_product
    scroll_to_top()
  File "/Users/vincentli/PycharmProjects/PythonProject/2026-4 群控/yolo/整合详情页采集/采集10.4 日志.py", line 287, in scroll_to_top
    d.drag(width // 2, height * 0.2, width // 2, height * 0.8, 0.3)
  File "/opt/miniconda3/envs/py3.8/lib/python3.8/site-packages/uiautomator2/__init__.py", line 302, in drag
    return self.jsonrpc.drag(sx, sy, ex, ey, int(duration * 200))
  File "/opt/miniconda3/envs/py3.8/lib/python3.8/site-packages/uiautomator2/base.py", line 158, in __call__
    return self.server.jsonrpc_call(self.method, params, http_timeout)
  File "/opt/miniconda3/envs/py3.8/lib/python3.8/site-packages/uiautomator2/core.py", line 311, in jsonrpc_call
    return _jsonrpc_call(self._dev, self._device_server_port, method, params, timeout, self._debug)
  File "/opt/miniconda3/envs/py3.8/lib/python3.8/site-packages/uiautomator2/core.py", line 173, in _jsonrpc_call
    r = _http_request(dev, device_port, "POST", "/jsonrpc/0", payload, timeout=timeout, print_request=print_request)
  File "/opt/miniconda3/envs/py3.8/lib/python3.8/site-packages/uiautomator2/core.py", line 140, in _http_request
    _response = conn.getresponse()
  File "/opt/miniconda3/envs/py3.8/lib/python3.8/http/client.py", line 1348, in getresponse
    response.begin()
  File "/opt/miniconda3/envs/py3.8/lib/python3.8/http/client.py", line 316, in begin
    version, status, reason = self._read_status()
  File "/opt/miniconda3/envs/py3.8/lib/python3.8/http/client.py", line 277, in _read_status
    line = str(self.fp.readline(_MAXLINE + 1), "iso-8859-1")
  File "/opt/miniconda3/envs/py3.8/lib/python3.8/socket.py", line 681, in readinto
    return self._sock.recv_into(b)
KeyboardInterrupt
